location,site_code,site_name,latitude,longitude,first_survey_date,last_survey_date,survey_years,total_surveys,dominant_direction,avg_depth,all_depths,depth_direction,protection_status,program,mpa
Bicheno,BI-S1,South East Governor Isle,-41.87447,148.31433,21/04/2021,15/04/2024,3,24,O,7.8,"10.1, 10.2, 10.3, 10.4, 5.1, 5.2, 5.3, 5.4","11m_N, 6m_N",No take,ATRC,Bicheno Marine Reserve
Bicheno,BI-S2,North Governor Isle,-41.86954,148.31363,21/04/2021,15/04/2024,3,24,O,7.8,"10.1, 10.2, 10.3, 10.4, 5.1, 5.2, 5.3, 5.4","11m_W, 6m_W",No take,ATRC,Bicheno Marine Reserve
Bicheno,BI-S3,Waubs Bay,-41.86864,148.30344,21/04/2021,9/04/2024,3,12,O,10.3,"10.1, 10.2, 10.3, 10.4",NULL,Fishing,ATRC,
Bicheno,BI-S4,"Blow Hole, Bicheno",-41.88012,148.30984,22/04/2021,10/04/2024,3,24,O,7.8,"10.1, 10.2, 10.3, 10.4, 5.1, 5.2, 5.3, 5.4",11m_S,Fishing,ATRC,
Bicheno,BI-S5,Halfway Point,-41.90329,148.31631,22/04/2021,9/04/2024,3,12,O,5.3,"5.1, 5.2, 5.3, 5.4",6m_E,Fishing,ATRC,
Batemans,BMP1,Guerilla Bay Island South,-35.8259,150.22657,19/05/2012,28/04/2024,3,5,SE,5.6,"4.0, 6.0, 6.1",NULL,No take multizoned,RLS,Batemans Marine Park
Batemans,BMP10,Shag Rock E,-35.98626,150.15985,2/09/2008,2/09/2008,1,2,NULL,11.1,"11.0, 11.1",NULL,No take multizoned,RLS,Batemans Marine Park
Batemans,BMP11,Shag Rock N,-35.98354,150.15798,2/09/2008,2/09/2008,1,2,NULL,9.1,"9.0, 9.1",NULL,No take multizoned,RLS,Batemans Marine Park
Batemans,BMP12,NE Pedro Point,-35.9282,150.16796,16/09/2008,16/09/2008,1,2,NULL,10.1,"10.0, 10.1",NULL,Restricted take multizoned,RLS,Batemans Marine Park
Batemans,BMP13,Moruya South Head E,-35.9072,150.16286,16/09/2008,27/11/2019,2,6,S,9.9,"10.1, 10.2, 10.3, 10.4, 9.0, 9.1",NULL,Restricted take multizoned,RLS,Batemans Marine Park
Batemans,BMP14,Burrewarra Pt S,-35.83455,150.22347,18/02/2008,28/11/2019,2,5,N,6.8,"13.0, 5.1, 5.2, 5.3, 5.4",NULL,No take multizoned,RLS,Batemans Marine Park
Batemans,BMP15,Guerilla Bay Bommie,-35.82902,150.23084,16/05/2008,16/05/2008,1,1,NULL,10,10,NULL,No take multizoned,RLS,Batemans Marine Park
Batemans,BMP16,Jimmies Is SW,-35.81964,150.23196,18/11/2008,18/11/2008,1,2,NULL,8.5,"8.0, 9.0",NULL,No take multizoned,RLS,Batemans Marine Park
Batemans,BMP17,Jimmies Is S,-35.81929,150.23638,16/05/2008,28/11/2019,2,5,W,8.1,"19.5, 5.1, 5.2, 5.3, 5.4",NULL,No take multizoned,RLS,Batemans Marine Park
Batemans,BMP18,Barlings Beach N,-35.78062,150.23433,21/02/2008,16/01/2009,2,2,NULL,5.5,"5.0, 6.0",NULL,Restricted take multizoned,RLS,Batemans Marine Park
Batemans,BMP19,West Tollgate Is,-35.74858,150.25542,7/04/2008,7/04/2008,1,1,NULL,7.5,7.5,NULL,No take multizoned,RLS,Batemans Marine Park
Batemans,BMP2,Potato Point - Bills Bommie,-36.09276,150.13934,14/02/2008,5/05/2018,3,6,S,6.3,"5.0, 6.0, 6.5, 8.0",NULL,Restricted take multizoned,RLS,Batemans Marine Park
Batemans,BMP20,Honeysuckle Bay S,-35.71574,150.28025,7/04/2008,7/04/2008,1,1,NULL,11,11,NULL,No take multizoned,RLS,Batemans Marine Park
Batemans,BMP21,Montague Is W (S of the Pinnacle),-36.24683,150.22319,13/03/2008,13/03/2008,1,1,NULL,17,17,NULL,Restricted take multizoned,RLS,Batemans Marine Park
Batemans,BMP22,Montague Is NW shallow bay,-36.24482,150.22451,13/03/2008,30/03/2015,5,8,S,11.8,"10.0, 12.0, 12.1",NULL,Restricted take multizoned,RLS,Batemans Marine Park
Batemans,BMP23,Black Rock North,-35.77392,150.24856,25/05/2008,25/05/2008,1,1,NULL,11,11,NULL,No take multizoned,RLS,Batemans Marine Park
Batemans,BMP24,Burrewarra Point NW,-35.83002,150.2319,28/04/2012,28/04/2012,1,1,E,6,6,NULL,No take multizoned,RLS,Batemans Marine Park
Batemans,BMP25,Barren Bommie,-36.13559,150.12916,21/05/2011,3/05/2018,5,7,N,8,"8.0, 8.1",NULL,Restricted take multizoned,RLS,Batemans Marine Park
Batemans,BMP26,Shag Rock SW,-35.98556,150.15759,8/06/2011,23/03/2013,3,5,SW,5,"5.0, 5.1",NULL,No take multizoned,RLS,Batemans Marine Park
Batemans,BMP27,Caulerpa Reef,-35.74794,150.26006,16/04/2012,18/10/2024,3,7,W,5.6,"5.0, 5.2, 5.3, 5.4, 7.9",NULL,No take multizoned,RLS,Batemans Marine Park
Batemans,BMP28,Pretty Point NW,-35.80183,150.23382,16/04/2012,24/02/2024,2,3,E,5.4,"5.0, 5.1, 6.0",NULL,Restricted take multizoned,RLS,Batemans Marine Park
Batemans,BMP29,Broulee Headland East,-35.862,150.18527,28/04/2012,28/04/2012,1,1,SW,5,5,NULL,Restricted take multizoned,RLS,Batemans Marine Park
Batemans,BMP3,Dalmeny point S of ramp off Joshs Beach,-36.16932,150.13612,1/04/2008,19/11/2019,2,5,SE,10,"10.1, 10.2, 10.3, 10.4, 9.0",NULL,Restricted take multizoned,RLS,Batemans Marine Park
Batemans,BMP30,M2 Heaven,-35.90916,150.16253,26/05/2012,26/05/2012,1,1,S,5,5,NULL,Restricted take multizoned,RLS,Batemans Marine Park
Batemans,BMP31,Fullers,-36.26133,150.1492,1/07/2011,31/03/2015,4,6,N,5,"5.0, 5.1",NULL,No take multizoned,RLS,Batemans Marine Park
Batemans,BMP32,Whale Bay,-35.83289,150.22128,28/04/2012,11/11/2023,2,4,SW,6.9,"6.0, 6.5, 7.0, 8.0",NULL,No take multizoned,RLS,Batemans Marine Park
Batemans,BMP33,Barlings Island,-35.83218,150.20492,1/03/2025,1/03/2025,1,2,SE,5.2,"5.1, 5.2",NULL,Fishing,RLS,
Batemans,BMP4,Dalmeny Reserve N point,-36.16213,150.13006,14/12/2024,14/12/2024,1,1,E,5,5,NULL,Restricted take multizoned,RLS,Batemans Marine Park
Batemans,BMP46,Horseshoe Bay East,-36.42343,150.07957,31/03/2012,31/03/2012,1,1,NE,5,5,NULL,Fishing,RLS,
Batemans,BMP5,Dalmeny point N of ramp,-36.16112,150.13343,1/04/2008,19/11/2019,2,5,SW,10.2,"10.0, 10.1, 10.2, 10.3, 10.4",NULL,Restricted take multizoned,RLS,Batemans Marine Park
Batemans,BMP6,Potato Point shark gutter,-36.09594,150.14753,11/04/2008,11/04/2008,1,1,NULL,17,17,NULL,Restricted take multizoned,RLS,Batemans Marine Park
Batemans,BMP7,Potato Point Spud #1,-36.09226,150.14688,1/06/2012,1/06/2012,1,1,N,16,16,NULL,Restricted take multizoned,RLS,Batemans Marine Park
Batemans,BMP8,Tuross Lake boat ramp,-36.06581,150.12696,28/07/2009,28/07/2009,1,1,NULL,2,2,NULL,Restricted take multizoned,RLS,Batemans Marine Park
Batemans,BMP9,Mullimburra point off fishing spot,-35.99301,150.16224,27/06/2008,27/06/2008,1,1,NULL,4,4,NULL,Restricted take multizoned,RLS,Batemans Marine Park
Batemans,BMP-S1,Brush Island Mid North,-35.52617,150.41713,10/12/2007,10/12/2007,1,4,NULL,10.3,"10.1, 10.2, 10.3, 10.4",NULL,Restricted take multizoned,ATRC,Batemans Marine Park
Batemans,BMP-S10,Shark Gutter NE Tollgates,-35.75012,150.26204,9/03/2024,9/03/2024,1,2,NNE,10.2,"10.1, 10.2",NULL,No take multizoned,ATRC,Batemans Marine Park
Batemans,BMP-S11,Tollgates Outer Mid Bay,-35.75073,150.25915,10/03/2024,18/10/2024,1,5,E,5.2,"5.1, 5.2, 5.3, 5.4",NULL,No take multizoned,ATRC,Batemans Marine Park
Batemans,BMP-S12,Broulee Island,-35.86079,150.18594,4/12/2006,28/11/2017,2,8,NULL,10.3,"10.1, 10.2, 10.3, 10.4",NULL,Fishing,ATRC,Batemans Marine Park
Batemans,BMP-S13,Broulee North,-35.85507,150.19207,28/04/2012,28/04/2012,1,1,W,5,5,NULL,No take multizoned,ATRC,Batemans Marine Park
Batemans,BMP-S14,West Longnose Point,-35.83457,150.20885,28/04/2012,11/11/2023,2,4,SE,5.2,"5.0, 5.1, 5.2, 5.3",NULL,Restricted take multizoned,ATRC,Batemans Marine Park
Batemans,BMP-S15,Burrewarra Point,-35.83132,150.23347,10/03/2024,10/03/2024,1,2,E,10.2,"10.1, 10.2",NULL,No take multizoned,ATRC,Batemans Marine Park
Batemans,BMP-S16,Jimmies Island,-35.81672,150.2343,24/02/2024,19/12/2024,1,4,E,7.7,"10.1, 10.2, 5.2, 5.4",NULL,No take multizoned,ATRC,Batemans Marine Park
Batemans,BMP-S17,Pretty Point,-35.80453,150.23347,10/03/2024,10/03/2024,1,2,E,5.2,"5.1, 5.2",NULL,Restricted take multizoned,ATRC,Batemans Marine Park
Batemans,BMP-S18,Yellow Rock,-35.72811,150.2645,4/12/2007,4/12/2007,1,4,NULL,10.3,"10.1, 10.2, 10.3, 10.4",NULL,Restricted take multizoned,ATRC,Batemans Marine Park
Batemans,BMP-S19,North Head,-35.72235,150.27454,9/11/2023,9/11/2023,1,3,W,5.2,"5.1, 5.2, 5.3",NULL,No take multizoned,ATRC,Batemans Marine Park
Batemans,BMP-S2,Brush Island Mid South,-35.53148,150.41545,5/12/2005,25/11/2017,2,8,NULL,5.3,"5.1, 5.2, 5.3, 5.4",NULL,No take multizoned,ATRC,Batemans Marine Park
Batemans,BMP-S20,Acron Ledge,-35.7203,150.24789,4/12/2007,4/12/2007,1,4,NULL,5.3,"5.1, 5.2, 5.3, 5.4",NULL,Restricted take multizoned,ATRC,Batemans Marine Park
Batemans,BMP-S21,Pretty Point North,-35.80019,150.2369,12/12/2007,12/12/2007,1,4,NULL,10.3,"10.1, 10.2, 10.3, 10.4",NULL,Restricted take multizoned,ATRC,Batemans Marine Park
Batemans,BMP-S22,Garden Point,-35.78389,150.23465,5/12/2007,5/12/2007,1,4,NULL,5.3,"5.1, 5.2, 5.3, 5.4",NULL,Restricted take multizoned,ATRC,Batemans Marine Park
Batemans,BMP-S23,Lilly Pilly North,-35.77133,150.23296,5/12/2007,5/12/2007,1,4,NULL,5.3,"5.1, 5.2, 5.3, 5.4",NULL,Restricted take multizoned,ATRC,Batemans Marine Park
Batemans,BMP-S24,Bingi Bingi Point Nth,-36.01152,150.16517,11/12/2007,11/12/2007,1,4,NULL,10.3,"10.1, 10.2, 10.3, 10.4",NULL,No take multizoned,ATRC,Batemans Marine Park
Batemans,BMP-S25,Bingi Bingi Point,-36.01291,150.16603,26/05/2012,26/05/2012,1,1,S,5,5,NULL,No take multizoned,ATRC,Batemans Marine Park
Batemans,BMP-S26,Mullimburra Point,-35.99157,150.15918,11/12/2007,11/12/2007,1,4,NULL,5.3,"5.1, 5.2, 5.3, 5.4",NULL,Restricted take multizoned,ATRC,Batemans Marine Park
Batemans,BMP-S27,Flat Rock South,-35.68546,150.30408,11/12/2006,22/11/2017,4,20,E,5.2,"5.0, 5.1, 5.2, 5.3, 5.4",NULL,Restricted take multizoned,ATRC,Batemans Marine Park
Batemans,BMP-S28,Richmond Point,-35.69019,150.29786,19/12/2024,19/12/2024,1,2,E,5.3,"5.2, 5.4",NULL,Restricted take multizoned,ATRC,Batemans Marine Park
Batemans,BMP-S29,Wasp Island,-35.66796,150.31036,9/03/2024,9/03/2024,1,2,NE,5.3,"5.2, 5.3",NULL,Restricted take multizoned,ATRC,Batemans Marine Park
Batemans,BMP-S3,Belowla Island South West,-35.55425,150.38896,10/12/2007,10/12/2007,1,4,NULL,5.3,"5.1, 5.2, 5.3, 5.4",NULL,Restricted take multizoned,ATRC,Batemans Marine Park
Batemans,BMP-S30,Montague Is East,-36.2485,150.22827,16/12/2023,16/12/2023,1,1,W,5,5,NULL,No take multizoned,ATRC,Batemans Marine Park
Batemans,BMP-S31,Montague Island South West,-36.25803,150.22185,12/12/2006,20/11/2019,2,8,N,5.3,"5.1, 5.2, 5.3, 5.4",NULL,Fishing,ATRC,Batemans Marine Park
Batemans,BMP-S32,Bogola Point,-36.26515,150.15226,13/12/2006,13/12/2010,3,13,SE,10.6,"10.0, 10.1, 10.2, 10.3, 10.4, 15.0",NULL,No take multizoned,ATRC,Batemans Marine Park
Batemans,BMP-S33,Bogola North,-36.26173,150.15152,13/12/2006,26/11/2019,4,17,S,10.1,"10.0, 10.1, 10.2, 10.3, 10.4, 8.0",NULL,No take multizoned,ATRC,Batemans Marine Park
Batemans,BMP-S34,Brush Island South,-35.53337,150.41589,25/02/2024,25/02/2024,1,2,E,10,"11.0, 9.0",NULL,No take multizoned,ATRC,Batemans Marine Park
Batemans,BMP-S35,Brush Island South West,-35.53292,150.41296,6/12/2007,6/12/2007,1,4,NULL,10.3,"10.1, 10.2, 10.3, 10.4",NULL,No take multizoned,ATRC,Batemans Marine Park
Batemans,BMP-S36,Honeysuckle Bay,-35.71223,150.27862,16/04/2012,16/04/2012,1,1,E,5,5,NULL,No take multizoned,ATRC,Batemans Marine Park
Batemans,BMP-S37,Broulee Is South,-35.86214,150.18729,12/12/2007,12/12/2007,1,4,NULL,5.3,"5.1, 5.2, 5.3, 5.4",NULL,No take multizoned,ATRC,Batemans Marine Park
Batemans,BMP-S38,Kiola Point,-35.56335,150.387586,29/11/2019,29/11/2019,1,4,N,10.3,"10.1, 10.2, 10.3, 10.4",NULL,Restricted take multizoned,ATRC,Batemans Marine Park
Batemans,BMP-S39,Brush Island East,-35.530187,150.424206,29/11/2019,29/11/2019,1,4,N,10.3,"10.1, 10.2, 10.3, 10.4",NULL,No take multizoned,ATRC,Batemans Marine Park
Batemans,BMP-S4,Snapper Point,-35.57202,150.36938,6/12/2005,24/11/2017,2,8,NULL,7.8,"10.1, 10.2, 10.3, 10.4, 5.1, 5.2, 5.3, 5.4",NULL,Restricted take multizoned,ATRC,Batemans Marine Park
Batemans,BMP-S5,Durras Mountain,-35.59893,150.34279,10/12/2007,10/12/2007,1,4,NULL,5.3,"5.1, 5.2, 5.3, 5.4",NULL,Restricted take multizoned,ATRC,Batemans Marine Park
Batemans,BMP-S6,Kiola Gulch,-35.60594,150.33823,6/12/2007,6/12/2007,1,4,NULL,5.3,"5.1, 5.2, 5.3, 5.4",NULL,Restricted take multizoned,ATRC,Batemans Marine Park
Batemans,BMP-S7,Montague Island mid inner,-36.25163,150.22206,7/12/2005,24/11/2019,2,8,N,10.3,"10.1, 10.2, 10.3, 10.4",NULL,Restricted take multizoned,ATRC,Batemans Marine Park
Batemans,BMP-S8,Montague Island North West Inner,-36.24267,150.22491,7/12/2005,24/11/2019,2,8,E,5.3,"5.1, 5.2, 5.3, 5.4",NULL,Restricted take multizoned,ATRC,Batemans Marine Park
Batemans,BMP-S9,Montague Island North,-36.24802,150.22517,7/12/2005,24/11/2019,2,8,NW,5.3,"5.1, 5.2, 5.3, 5.4",NULL,Restricted take multizoned,ATRC,Batemans Marine Park
Beware Reef,BR1,C. Conran Ramp Rock,-37.81188,148.72508,11/11/2009,18/02/2011,2,2,N,11.5,"17.0, 6.0",NULL,Fishing,RLS,
Beware Reef,BR10,Nth East Beware Reef (Ridge Park),-37.81811,148.78479,6/01/2009,20/10/2015,7,14,SW,14.3,"11.0, 15.0, 16.0, 8.0",NULL,No take,RLS,Beware Reef Marine Sanctuary
Beware Reef,BR11,Ridge Park,-37.81828,148.7838,16/07/2008,10/06/2020,9,22,W,15.3,"13.0, 14.0, 14.5, 15.0, 16.0, 18.0",NULL,No take,RLS,Beware Reef Marine Sanctuary
Beware Reef,BR12,Outer East Yeerung Reef,-37.79867,148.7857,24/11/2010,24/11/2010,1,1,NE,15,15,NULL,Fishing,RLS,
Beware Reef,BR13,Seal Gully,-37.81963,148.78596,4/08/2011,25/10/2017,7,12,S,14.7,"14.0, 15.0, 20.0",NULL,No take,RLS,Beware Reef Marine Sanctuary
Beware Reef,BR2,East Yeerung,-37.79535,148.78586,12/10/2009,9/02/2010,2,4,NULL,8.8,"8.0, 9.0",NULL,Fishing,RLS,
Beware Reef,BR24,E. Cape Conran Bommie,-37.8034,148.74957,6/10/2015,6/10/2015,1,1,S,5,5,NULL,Fishing,RLS,
Beware Reef,BR25,West Yeerung Beach,-37.79718,148.76156,8/01/2011,8/01/2011,1,1,S,6,6,NULL,Fishing,RLS,
Beware Reef,BR26,Pearl Point Kelp Beds,-37.7927,148.88073,22/05/2014,22/05/2014,1,1,N,7,7,NULL,Fishing,RLS,
Beware Reef,BR27,Cape Conran Bay,-37.80908,148.7368,9/11/2009,9/11/2009,1,1,NULL,8,8,NULL,Fishing,RLS,
Beware Reef,BR3,Auckland,-37.81905,148.78351,13/05/2008,20/10/2020,12,44,S,15,"12.0, 13.0, 13.1, 15.0, 16.0, 17.0, 18.0, 20.0, 3.0, 5.8, 9.0",NULL,No take,RLS,Beware Reef Marine Sanctuary
Beware Reef,BR4,Nth Pinnacle,-37.82143,148.78645,30/10/2008,2/06/2016,5,6,NW,15.7,"10.0, 11.0, 13.0, 19.0, 20.0, 21.0",NULL,No take,RLS,Beware Reef Marine Sanctuary
Beware Reef,BR5,Mid Pinnacle,-37.8223,148.7885,14/05/2008,4/12/2010,2,4,NW,14.9,"12.0, 13.5, 16.0, 18.0",NULL,No take,RLS,Beware Reef Marine Sanctuary
Beware Reef,BR6,Southern Flat,-37.82302,148.78972,16/03/2010,1/12/2014,2,3,NW,13,"10.0, 14.0, 15.0",NULL,No take,RLS,Beware Reef Marine Sanctuary
Beware Reef,BR7,Sth Pinnacle Beware Reef,-37.82491,148.79058,12/12/2008,19/10/2011,4,8,N,14.5,"10.0, 13.0, 15.0, 16.0, 18.0",NULL,No take,RLS,Beware Reef Marine Sanctuary
Beware Reef,BR8,Pearl Point,-37.79038,148.88606,9/10/2008,9/10/2008,1,1,NULL,9,9,NULL,Fishing,RLS,
Beware Reef,BR9,East Pearl Point,-37.78976,148.89565,30/01/2009,20/04/2016,3,5,E,5.6,"5.0, 6.0",NULL,Fishing,RLS,
Bunurong,BUN-S1,Cape Patterson,-38.68034,145.60963,9/06/1999,9/06/1999,1,4,NULL,4.3,"4.1, 4.2, 4.3, 4.4",NULL,Restricted take,ATRC,Bunurong Marine Park
Bunurong,BUN-S10,Twin Reefs Deep,-38.68126,145.65268,23/06/1999,23/06/1999,1,4,NULL,16.3,"16.1, 16.2, 16.3, 16.4",NULL,No take,ATRC,Bunurong Marine National Park
Bunurong,BUN-S11,The Caves Deep,-38.67021,145.69116,23/06/1999,23/06/1999,1,4,NULL,16.3,"16.1, 16.2, 16.3, 16.4",NULL,Restricted take,ATRC,Bunurong Marine Park
Bunurong,BUN-S2,Cape Patterson Boat Ramp,-38.67736,145.61695,24/06/1999,24/06/1999,1,4,NULL,6.3,"6.1, 6.2, 6.3, 6.4",NULL,Restricted take,ATRC,Bunurong Marine Park
Bunurong,BUN-S3,Oaks East,-38.67694,145.64699,25/06/1999,25/06/1999,1,4,NULL,6.3,"6.1, 6.2, 6.3, 6.4",NULL,No take,ATRC,Bunurong Marine National Park
Bunurong,BUN-S4,Twin Reefs,-38.67894,145.6542,24/06/1999,24/06/1999,1,4,NULL,6.3,"6.1, 6.2, 6.3, 6.4",NULL,No take,ATRC,Bunurong Marine National Park
Bunurong,BUN-S5,Shack Bay West,-38.67667,145.65869,8/06/1999,8/06/1999,1,4,NULL,5.3,"5.1, 5.2, 5.3, 5.4",NULL,No take,ATRC,Bunurong Marine National Park
Bunurong,BUN-S6,Shack Bay East,-38.67177,145.66459,9/06/1999,9/06/1999,1,4,NULL,6.3,"6.1, 6.2, 6.3, 6.4",NULL,No take,ATRC,Bunurong Marine National Park
Bunurong,BUN-S7,The Caves,-38.66429,145.68311,10/06/1999,10/06/1999,1,4,NULL,6.3,"6.1, 6.2, 6.3, 6.4",NULL,Restricted take,ATRC,Bunurong Marine Park
Bunurong,BUN-S8,Petrel Rock East,-38.65498,145.69513,8/06/1999,8/06/1999,1,4,NULL,5.3,"5.1, 5.2, 5.3, 5.4",NULL,Restricted take,ATRC,Bunurong Marine Park
Bunurong,BUN-S9,Patterson West Deep,-38.67591,145.58732,23/06/1999,23/06/1999,1,4,NULL,15.3,"15.1, 15.2, 15.3, 15.4",NULL,Restricted take,ATRC,Bunurong Marine Park
Byron,CBMP1,Anemone mooring Julien Rocks,-28.611,153.62831,27/07/2010,16/06/2021,2,4,NE,8.2,"8.0, 8.4, 8.5",NULL,No take multizoned,RLS,Cape Byron Marine Park
Byron,CBMP2,Elwoods Mooring Julien Rocks,-28.6128,153.62873,29/07/2010,16/06/2021,2,4,,9.4,"10.0, 9.0, 9.5",NULL,No take multizoned,RLS,Cape Byron Marine Park
Byron,CBMP3,The Wreck Main Beach,-28.63858,153.61114,1/08/2010,1/08/2010,1,1,NULL,3.5,3.5,NULL,No take multizoned,RLS,Cape Byron Marine Park
Cod Grounds,CG1,Nth of Pinnacles (662),-31.68207,152.90948,31/05/2023,31/05/2023,1,2,NW,26.8,"26.5, 27.0",NULL,No take,RLS,Cod Grounds
Cod Grounds,CG10,Steves Bommie (668),-31.68152,152.91196,2/06/2023,2/06/2023,1,2,SE,29.8,"29.5, 30.0",NULL,No take,RLS,Cod Grounds
Cod Grounds,CG11,SE lumps (66A),-31.68406,152.90851,2/06/2023,2/06/2023,1,2,NE,29.5,"29.0, 30.0",NULL,No take,RLS,Cod Grounds
Cod Grounds,CG2,Cod Gardens (CODGAR),-31.68128,152.91078,2/06/2023,2/06/2023,1,2,NE,28,"27.0, 29.0",NULL,No take,RLS,Cod Grounds
Cod Grounds,CG3,SW flats (66B),-31.68309,152.90585,31/05/2023,31/05/2023,1,2,NE,26.5,"26.0, 27.0",NULL,No take,RLS,Cod Grounds
Cod Grounds,CG4,Z - 3 (666),-31.70804,152.90093,1/06/2023,1/06/2023,1,2,SW,28.8,"28.5, 29.0",NULL,Fishing,RLS,
Cod Grounds,CG5,Deep Wall (665),-31.69339,152.90375,15/05/2009,15/05/2009,1,1,NULL,42,42,NULL,Fishing,RLS,
Cod Grounds,CG6,Z - 1 - 28 (M2-28),-31.71699,152.88254,1/06/2023,1/06/2023,1,2,N,29.1,"29.0, 29.1",NULL,Fishing,RLS,
Cod Grounds,CG7,Leahs Lumps (L-BUMP),-31.72582,152.86517,15/05/2009,19/04/2016,2,2,SW,36.5,"35.0, 38.0",NULL,Fishing,RLS,
Cod Grounds,CG8,Cod Grounds Pinnacles,-31.68254,152.90945,31/05/2023,31/05/2023,1,2,S,25.5,"25.0, 26.0",NULL,No take,RLS,Cod Grounds
Cod Grounds,CG9,Geek Flats (667),-31.6807,152.90872,1/06/2023,1/06/2023,1,2,NE,26.8,"26.5, 27.0",NULL,No take,RLS,Cod Grounds
Cape Howe,CHMP21,Monumental City Wreck,-37.55917,149.84433,15/01/2014,19/01/2016,2,2,NW,7,7,NULL,Fishing,RLS,
Cape Howe,CHMP23,Tullaberger Is. Sth.,-37.55853,149.84325,15/01/2011,15/01/2011,1,1,N,6,6,NULL,Fishing,RLS,
Cape Howe,CHMP24,Gabo Harbor West,-37.55763,149.90593,16/01/2011,16/01/2011,1,1,W,9,9,NULL,Fishing,RLS,
Cape Howe,CHMP25,NW Gabo Island,-37.55302,149.90612,6/01/2011,6/01/2011,1,1,NULL,5,5,NULL,Fishing,RLS,
Cape Howe,CHMP-S1,Howe Outer,-37.50853,149.9761,4/05/2009,19/05/2014,4,16,E,14.2,"14.0, 14.1, 14.2, 14.3, 14.4",NULL,No take,ATRC,Cape Howe Marine National Park
Cape Howe,CHMP-S2,Howe Border,-37.50712,149.97857,2/03/2009,22/04/2021,3,7,E,10,"10.0, 10.1, 10.2, 10.3, 9.0",NULL,No take,ATRC,Cape Howe Marine National Park
Cape Howe,CHMP-S3,Gabo Boulder Bay,-37.564,149.9179,23/03/2009,22/04/2021,6,20,N,9.3,"10.0, 9.0, 9.1, 9.2, 9.3, 9.4, 9.5",NULL,Fishing,ATRC,
Cape Howe,CHMP-S4,Gabo NE Gulch,-37.5532,149.912,22/03/2009,20/04/2021,5,18,SE,7.2,"7.0, 7.1, 7.2, 7.3, 7.4",NULL,Fishing,ATRC,
Cape Howe,CHMP-S5,Howe Central,-37.50784,149.9761,4/02/2011,20/04/2021,2,6,NE,8.2,"8.0, 8.1, 8.2, 8.3",NULL,No take,ATRC,Cape Howe Marine National Park
Cape Howe,CHMP-S6,Howe West,-37.50987,149.9735,4/02/2011,20/04/2021,2,6,NE,7.2,"7.0, 7.1, 7.2, 7.3",NULL,No take,ATRC,Cape Howe Marine National Park
Cape Howe,CHMP-S7,Prince Wreck,-37.52067,149.9643,4/02/2011,4/02/2011,1,4,E,6.2,"6.0, 6.1, 6.2, 6.3",NULL,Fishing,ATRC,
Cape Howe,CHMP-S8,Iron Prince,-37.51933,149.96294,2/03/2009,5/02/2011,2,5,NULL,5.3,"5.0, 5.1, 5.2, 5.3, 6.0",NULL,Fishing,ATRC,
Cape Howe,CHMP-S9,Gabo Harbour,-37.55564,149.90763,13/04/2008,22/04/2021,6,14,S,5.6,"4.0, 4.5, 5.0, 5.1, 5.2, 5.3, 6.0, 9.0, 9.1",NULL,Fishing,ATRC,
Christmas Island,CI1,Flying Fish Cove Boat Ramp,-10.42962,105.66814,27/09/2025,27/09/2025,1,2,NW,6,"5.0, 7.0",NULL,Fishing,RLS,
Christmas Island,CI10,Isabel Beach,-10.42366,105.66985,3/10/2010,3/10/2010,1,1,SW,8,8,NULL,Fishing,RLS,
Christmas Island,CI11,FFC Wharf,-10.42898,105.66985,2/10/2025,2/10/2025,1,2,E,2.6,"2.2, 3.0",NULL,Fishing,RLS,
Christmas Island,CI12,Ethel Beach W,-10.46304,105.7077,8/10/2010,8/10/2010,1,1,NW,9.5,9.5,NULL,Fishing,RLS,
Christmas Island,CI13,Middle Beach West,-10.4607,105.6282,30/09/2025,30/09/2025,1,1,E,6,6,NULL,Fishing,RLS,
Christmas Island,CI14,Flying Fish Cove CI,-10.42918,105.6689,27/09/2025,27/09/2025,1,1,W,7,7,NULL,Fishing,RLS,
Christmas Island,CI15,Barracuda Bay,-10.46635,105.60415,28/09/2025,28/09/2025,1,1,E,10,10,NULL,Fishing,RLS,Indian Ocean Territories Marine Park Network
Christmas Island,CI16,Fuel Buoy2,-10.43639,105.66167,28/09/2025,28/09/2025,1,1,NE,9,9,NULL,Fishing,RLS,Indian Ocean Territories Marine Park Network
Christmas Island,CI17,Perpendicular Wall,-10.44528,105.56056,29/09/2025,29/09/2025,1,1,NW,10,10,NULL,Fishing,RLS,Indian Ocean Territories Marine Park Network
Christmas Island,CI18,Lynnys,-10.45882,105.63333,30/09/2025,30/09/2025,1,1,E,10,10,NULL,Fishing,RLS,Indian Ocean Territories Marine Park Network
Christmas Island,CI19,Thunder Dome,-10.46562,105.60787,1/10/2025,1/10/2025,1,2,E,14,"12.0, 16.0",NULL,Fishing,RLS,Indian Ocean Territories Marine Park Network
Christmas Island,CI2,Phosphate Wharf,-10.42658,105.67081,2/10/2025,2/10/2025,1,1,SW,7,7,NULL,Fishing,RLS,
Christmas Island,CI3,Smith Point,-10.42813,105.66575,2/10/2025,2/10/2025,1,1,N,16,16,NULL,Fishing,RLS,
Christmas Island,CI4,Cultural Centre,-10.42116,105.67196,1/10/2025,1/10/2025,1,2,E,9.1,"9.0, 9.1",NULL,Fishing,RLS,
Christmas Island,CI5,The Tanks,-10.4197,105.67226,23/09/2010,23/09/2010,1,1,N,18.2,18.2,NULL,Fishing,RLS,
Christmas Island,CI6,West White Beach,-10.46143,105.58156,29/09/2025,29/09/2025,1,1,E,12,12,NULL,Fishing,RLS,
Christmas Island,CI7,Million Dollar Bommie,-10.45623,105.63594,26/09/2010,26/09/2010,1,1,NW,12,12,NULL,Fishing,RLS,
Christmas Island,CI8,Murrial Beach,-10.46854,105.5578,28/09/2010,28/09/2010,1,1,S,9.5,9.5,NULL,Fishing,RLS,
Christmas Island,CI9,Ethel Beach,-10.46368,105.70836,1/10/2025,1/10/2025,1,1,NW,14,14,NULL,Fishing,RLS,
Cocos Island,COC1,Cabbage Patch,-12.09445,96.8422,20/09/2025,20/09/2025,1,2,N,8,"7.0, 9.0",NULL,Fishing,RLS,Indian Ocean Territories Marine Park Network
Cocos Island,COC2,Kats Kables,-12.08898,96.8718,20/09/2025,20/09/2025,1,2,E,12,"11.0, 13.0",NULL,Fishing,RLS,Indian Ocean Territories Marine Park Network
Cocos Island,COC3,Rose Wall,-12.09309,96.84166,21/09/2025,21/09/2025,1,2,N,8.5,"10.0, 7.0",NULL,Fishing,RLS,Indian Ocean Territories Marine Park Network
Cocos Island,COC4,Fan Wall,-12.08691,96.87421,21/09/2025,21/09/2025,1,2,E,10.3,"10.0, 10.5",NULL,Fishing,RLS,Indian Ocean Territories Marine Park Network
Cocos Island,COC6,Claire's Corner,-12.08786,96.86025,24/09/2025,24/09/2025,1,2,NE,12.5,"11.0, 14.0",NULL,Fishing,RLS,Indian Ocean Territories Marine Park Network
Cocos Island,COC7,Two Trees,-12.16173,96.81704,25/09/2025,25/09/2025,1,2,N,13,"12.0, 14.0",NULL,Fishing,RLS,Indian Ocean Territories Marine Park Network
Cocos Island,COC8,Q Station Bay,-12.16908,96.81648,25/09/2025,25/09/2025,1,2,N,13.5,"10.0, 17.0",NULL,Fishing,RLS,Indian Ocean Territories Marine Park Network
Encounter,COO18,Pullen Island,-35.53778,138.69255,29/10/2012,31/01/2020,3,16,,5.3,"5.1, 5.2, 5.3, 5.4",NULL,No take multizoned,RLS,Encounter Marine Park
Encounter,COO19,Port Elliot Deep,-35.53933,138.68851,13/06/2017,10/04/2018,2,8,E,10.2,"10.0, 10.1, 10.2, 10.3",NULL,No take multizoned,RLS,Encounter Marine Park
Encounter,COO20,Basham's Beach,-35.52461,138.69992,13/06/2017,10/04/2018,2,8,E,5.2,"5.0, 5.1, 5.2, 5.3",NULL,No take multizoned,RLS,Encounter Marine Park
Upper South East (Robe),COO30,Margaret Brock Reef SE,-36.95076,139.59953,28/03/2014,28/03/2014,1,4,NULL,5.3,"5.1, 5.2, 5.3, 5.4",NULL,Fishing,ATRC,
Upper South East (Robe),COO31,Margaret Brock Reef North 5m,-36.9481,139.59012,28/03/2014,28/03/2014,1,4,NULL,5.3,"5.1, 5.2, 5.3, 5.4",NULL,Fishing,ATRC,
Upper South East (Robe),COO32,Margaret Brock Reef North 10,-36.94507,139.59677,29/12/2023,29/12/2023,1,2,NW,6.5,"6.0, 7.0",NULL,Fishing,ATRC,
Upper South East (Robe),COO33,Kingston South Control 1,-36.77928,139.75878,25/03/2014,25/03/2014,1,4,NULL,10.3,"10.1, 10.2, 10.3, 10.4",NULL,Restricted take multizoned,ATRC,Upper South East
Upper South East (Robe),COO34,Kingston South control 2,-36.76642,139.76296,25/03/2014,25/03/2014,1,4,NULL,10.3,"10.1, 10.2, 10.3, 10.4",NULL,Restricted take multizoned,ATRC,Upper South East
Upper South East (Robe),COO35,Kingston SZ 3,-36.73718,139.77555,29/12/2023,29/12/2023,1,1,SW,13,13,NULL,No take multizoned,ATRC,Upper South East
Upper South East (Robe),COO36,Kingston SZ 1,-36.72985,139.77534,26/03/2014,26/03/2014,1,4,NULL,12.3,"12.1, 12.2, 12.3, 12.4",NULL,No take multizoned,ATRC,Upper South East
Upper South East (Robe),COO37,Kingston SZ 2,-36.7288,139.78598,26/03/2014,26/03/2014,1,4,NULL,12.3,"12.1, 12.2, 12.3, 12.4",NULL,No take multizoned,ATRC,Upper South East
Upper South East (Robe),COO38,Kingston SZ 4,-36.71961,139.77873,29/03/2014,29/03/2014,1,4,NULL,12.3,"12.1, 12.2, 12.3, 12.4",NULL,No take multizoned,ATRC,Upper South East
Upper South East (Robe),COO39,Kingston North Control 2,-36.70194,139.78662,29/03/2014,29/03/2014,1,4,NULL,12.3,"12.1, 12.2, 12.3, 12.4",NULL,Restricted take multizoned,ATRC,Upper South East
Upper South East (Robe),COO40,Kingston North Control 1,-36.66592,139.78806,27/03/2014,27/03/2014,1,4,NULL,11.3,"11.1, 11.2, 11.3, 11.4",NULL,Restricted take multizoned,ATRC,Upper South East
Coral Sea - Central,CS1,Long Reef West,-19.29696,152.23517,12/12/2024,12/12/2024,1,2,E,8,"10.0, 6.0",NULL,Restricted take multizoned,RLS,Coral Sea AMP
Coral Sea - Central,CS10,NE Herald Cay SW,-16.94777,149.18262,23/10/2012,13/01/2017,2,4,S,6,"5.0, 7.0",NULL,No take multizoned,RLS,Coral Sea AMP
Coral Sea - Central,CS100,Lihou west,-17.35843,151.52992,28/11/2022,28/11/2022,1,2,E,12,"16.0, 8.0",NULL,No take multizoned,RLS,Coral Sea AMP
Coral Sea - Central,CS101,Diamond Cay Islet,-17.41432,151.07258,27/11/2022,27/11/2022,1,2,E,9,"12.0, 6.0",NULL,Restricted take multizoned,RLS,Coral Sea AMP
Coral Sea - Central,CS102,East Diamond Islet NW,-17.41703,151.07128,9/08/2021,27/11/2022,2,4,E,6.8,"6.0, 7.0, 8.0",NULL,Restricted take multizoned,RLS,Coral Sea AMP
Coral Sea - Central,CS103,East Diamond Islet lagoon,-17.43525,151.07027,9/08/2021,27/11/2022,2,4,E,6,"5.0, 7.0",NULL,Restricted take multizoned,RLS,Coral Sea AMP
Coral Sea - Central,CS104,East Diamond Islet Tower,-17.4347,151.07127,8/08/2021,27/11/2022,2,4,E,4.8,"4.0, 5.0, 6.0",NULL,Restricted take multizoned,RLS,Coral Sea AMP
Coral Sea - Central,CS105,Central Diamond Islet,-17.45072,150.95122,26/11/2022,26/11/2022,1,2,E,8,"10.0, 6.0",NULL,Restricted take multizoned,RLS,Coral Sea AMP
Coral Sea - Central,CS106,Central Diamond Islet Bald Bommie,-17.45238,150.95282,26/11/2022,26/11/2022,1,2,W,9.5,"13.0, 6.0",NULL,Restricted take multizoned,RLS,Coral Sea AMP
Coral Sea - Central,CS107,South Diamond Islet,-17.65732,150.82337,25/11/2022,25/11/2022,1,2,E,7,"6.0, 8.0",NULL,Restricted take multizoned,RLS,Coral Sea AMP
Coral Sea - Central,CS108,South Dimond Milky,-17.6565,150.82523,26/11/2022,26/11/2022,1,2,E,5,"3.5, 6.5",NULL,Restricted take multizoned,RLS,Coral Sea AMP
Coral Sea - Central,CS109,South Diamond Islet Swim Through,-17.65543,150.82493,26/11/2022,26/11/2022,1,2,E,8,"10.0, 6.0",NULL,Restricted take multizoned,RLS,Coral Sea AMP
Coral Sea - Central,CS11,NE Herald Cay Central,-16.93653,149.19696,24/10/2012,26/11/2020,3,6,N,8.5,"8.0, 9.0",NULL,No take multizoned,RLS,Coral Sea AMP
Coral Sea - Central,CS110,Tregrosse Outlier Reef Down,-17.71175,150.73692,18/06/2013,15/11/2016,2,4,SE,7.5,"6.0, 9.0",NULL,Restricted take multizoned,RLS,Coral Sea AMP
Coral Sea - Central,CS111,Tregrosse Outlier Reef,-17.71298,150.7345,18/06/2013,15/11/2016,2,4,E,9.6,"11.0, 8.0, 8.5",NULL,Restricted take multizoned,RLS,Coral Sea AMP
Coral Sea - Central,CS112,Tregrosse Reef Cricket Pitch,-17.77302,150.63468,18/06/2013,18/06/2013,1,2,NE,8.3,"10.0, 6.5",NULL,Restricted take multizoned,RLS,Coral Sea AMP
Coral Sea - Central,CS113,Tregosse Reef,-17.77473,150.63277,18/06/2013,14/11/2016,2,4,N,8,"10.0, 6.0",NULL,Restricted take multizoned,RLS,Coral Sea AMP
Coral Sea - Central,CS114,Tregrosse Abundance,-17.77347,150.6329,18/06/2013,18/06/2013,1,2,W,8.5,"10.0, 7.0",NULL,Restricted take multizoned,RLS,Coral Sea AMP
Coral Sea - Central,CS116,Abington Reef Dark Gutter,-18.07193,149.61072,18/06/2013,18/06/2013,1,2,NE,10.3,"14.0, 6.5",NULL,Restricted take multizoned,RLS,Coral Sea AMP
Coral Sea - Central,CS117,Abington Reef central,-18.07257,149.61212,19/06/2013,19/06/2013,1,2,NE,12.5,"20.0, 5.0",NULL,Restricted take multizoned,RLS,Coral Sea AMP
Coral Sea - Central,CS118,Abington Reef Passage,-18.0704,149.61337,19/06/2013,19/06/2013,1,2,W,7.5,"10.0, 5.0",NULL,Restricted take multizoned,RLS,Coral Sea AMP
Coral Sea - Central,CS119,Abington Reef SW point,-18.06817,149.61798,19/06/2013,19/06/2013,1,2,E,7.5,"6.0, 9.0",NULL,Restricted take multizoned,RLS,Coral Sea AMP
Coral Sea - Central,CS12,NE Herald Bommie,-16.93007,149.19332,25/10/2012,25/11/2020,3,5,NW,14.4,"12.0, 14.0, 16.0",NULL,No take multizoned,RLS,Coral Sea AMP
Coral Sea - Central,CS120,Flinders Reef Entrance,-17.86107,148.46912,28/06/2013,28/06/2013,1,1,SW,6.5,6.5,NULL,Restricted take multizoned,RLS,Coral Sea AMP
Coral Sea - Central,CS121,South Flinders Horseshoe SW,-17.86169,148.47146,28/06/2013,28/06/2013,1,2,W,7.5,"7.0, 8.0",NULL,Restricted take multizoned,RLS,Coral Sea AMP
Coral Sea - Central,CS122,South Flinders Horseshoe centre,-17.87718,148.51165,9/07/2023,9/07/2023,1,2,NW,5,"3.0, 7.0",NULL,Restricted take multizoned,RLS,Coral Sea AMP
Coral Sea - Central,CS123,South Flinders Horseshoe NW,-17.82899,148.50514,29/06/2013,24/01/2017,2,4,NE,10.5,"14.0, 7.0",NULL,Restricted take multizoned,RLS,Coral Sea AMP
Coral Sea - Central,CS124,Flinders Reef Bommie,-17.82752,148.50348,29/06/2013,29/06/2013,1,2,NE,9.8,"10.0, 9.5",NULL,Restricted take multizoned,RLS,Coral Sea AMP
Coral Sea - Central,CS125,Flinders S Cay Bommie,-17.71423,148.44453,9/07/2023,9/07/2023,1,2,SE,6,"4.0, 8.0",NULL,Restricted take multizoned,RLS,Coral Sea AMP
Coral Sea - Central,CS126,Flinders Ribbon Reef South Cay,-17.71666,148.43873,10/07/2023,10/07/2023,1,2,NW,10,"12.0, 8.0",NULL,Restricted take multizoned,RLS,Coral Sea AMP
Coral Sea - Central,CS127,Flinders Ribbon Reef South Cay SW,-17.71505,148.4373,10/07/2023,10/07/2023,1,2,NW,9,"12.0, 6.0",NULL,Restricted take multizoned,RLS,Coral Sea AMP
Coral Sea - Central,CS128,Flinders Cay Storm Bommie,-17.70575,148.4606,10/07/2023,10/07/2023,1,2,NW,6.5,"5.0, 8.0",NULL,Restricted take multizoned,RLS,Coral Sea AMP
Coral Sea - Central,CS129,Flinders Ribbon Reef South Cay E bommie,-17.70304,148.46176,10/07/2023,10/07/2023,1,2,N,8.5,"11.0, 6.0",NULL,Restricted take multizoned,RLS,Coral Sea AMP
Coral Sea - Central,CS13,NE Herald Back Reef,-16.92822,149.20228,25/10/2012,25/11/2020,3,6,E,6.5,"6.0, 7.0",NULL,No take multizoned,RLS,Coral Sea AMP
Coral Sea - Central,CS130,Chilcott Islet bommie,-16.93133,149.999,10/08/2021,10/08/2021,1,2,W,8.5,"11.0, 6.0",NULL,No take multizoned,RLS,Coral Sea AMP
Coral Sea - Central,CS131,Chilcott Islet Haven,-16.93012,150.00203,8/08/2021,10/08/2021,1,2,SE,9,"10.0, 8.0",NULL,No take multizoned,RLS,Coral Sea AMP
Coral Sea - Central,CS132,Chilcott Islet SW inner reef,-16.93157,149.99043,2/07/2013,18/01/2017,2,4,Sam G,9,"11.0, 7.0",NULL,No take multizoned,RLS,Coral Sea AMP
Coral Sea - Central,CS133,Chilcott Islet SW outer reef,-16.93318,149.99036,2/07/2013,2/07/2013,1,2,Sam G,9.5,"13.0, 6.0",NULL,No take multizoned,RLS,Coral Sea AMP
Coral Sea - Central,CS134,Chilcott Islet inshore reef,-16.9366,150.00092,10/08/2021,10/08/2021,1,2,NW,3.5,"3.0, 4.0",NULL,No take multizoned,RLS,Coral Sea AMP
Coral Sea - Central,CS135,Magdelaine Cays Rip Bommie,-16.59405,150.33423,3/07/2013,3/07/2013,1,2,W,12.8,"11.5, 14.0",NULL,No take multizoned,RLS,Coral Sea AMP
Coral Sea - Central,CS136,Magdelaine Islet South,-16.60686,150.32983,3/07/2013,3/07/2013,1,2,S,10,"13.0, 7.0",NULL,No take multizoned,RLS,Coral Sea AMP
Coral Sea - Central,CS137,Magdelaine Islet point,-16.59837,150.33033,3/07/2013,3/07/2013,1,2,W,6.5,"5.0, 8.0",NULL,No take multizoned,RLS,Coral Sea AMP
Coral Sea - Central,CS138,Magdelaine Islet inner reef north,-16.5971,150.34097,4/07/2013,4/07/2013,1,2,W,5,"4.0, 6.0",NULL,No take multizoned,RLS,Coral Sea AMP
Coral Sea - Central,CS139,Magdelaine Cay SW,-16.53378,150.26845,12/08/2021,12/08/2021,1,2,NE,11.5,"17.0, 6.0",NULL,No take multizoned,RLS,Coral Sea AMP
Coral Sea - Central,CS14,Chilcott South,-16.93573,149.99411,8/08/2021,10/08/2021,1,2,N,7,"6.0, 8.0",NULL,No take multizoned,RLS,Coral Sea AMP
Coral Sea - Central,CS140,Magdelaine Cay gulch,-16.53091,150.26973,11/08/2021,11/08/2021,1,2,S,9,"12.0, 6.0",NULL,No take multizoned,RLS,Coral Sea AMP
Coral Sea - Central,CS141,Magdelaine Reef Cruise Ship,-16.52097,150.27712,12/08/2021,12/08/2021,1,2,NE,7,"10.0, 4.0",NULL,No take multizoned,RLS,Coral Sea AMP
Coral Sea - Central,CS142,South Willis Islet bommie,-16.29778,149.95966,5/07/2013,5/07/2013,1,2,W,9,"12.0, 6.0",NULL,Restricted take multizoned,RLS,Coral Sea AMP
Coral Sea - Central,CS143,South Willis islet south,-16.29907,149.96294,13/08/2021,13/08/2021,1,2,E,7.3,"6.5, 8.0",NULL,Restricted take multizoned,RLS,Coral Sea AMP
Coral Sea - Central,CS144,Willis Islet Dark Wall,-16.28601,149.95958,5/07/2013,21/11/2016,2,4,NE,7.8,"10.0, 10.8, 5.0, 5.4",NULL,Restricted take multizoned,RLS,Coral Sea AMP
Coral Sea - Central,CS145,South Willis islet anchorage bommie,-16.2927,149.96138,13/08/2021,13/08/2021,1,2,NE,8,"10.0, 6.0",NULL,Restricted take multizoned,RLS,Coral Sea AMP
Coral Sea - Central,CS146,Holmes South Cay Inner Reef,-16.49974,147.84345,6/07/2013,24/11/2020,3,6,W,6.8,"6.0, 7.0, 8.0",NULL,Restricted take multizoned,RLS,Coral Sea AMP
Coral Sea - Central,CS147,Holmes Reef Cay Buoy Wall,-16.51274,147.84033,6/07/2013,23/11/2016,2,4,S,8.2,"10.0, 10.7, 6.0",NULL,Restricted take multizoned,RLS,Coral Sea AMP
Coral Sea - Central,CS148,Holmes South Cay South Reef,-16.50813,147.84016,7/07/2013,24/11/2020,3,6,SW,11,"14.0, 8.0",NULL,Restricted take multizoned,RLS,Coral Sea AMP
Coral Sea - Central,CS149,Holmes South Cay South Inner Reef,-16.50487,147.84137,7/07/2013,23/11/2020,3,6,S,8,"10.0, 6.0",NULL,Restricted take multizoned,RLS,Coral Sea AMP
Coral Sea - Central,CS15,Chilcott Bommie,-16.92247,150.00647,27/10/2012,19/01/2017,2,4,N,14,"13.0, 15.0",NULL,No take multizoned,RLS,Coral Sea AMP
Coral Sea - Central,CS150,Holmes Reef South Cay Swim through,-16.49493,147.84932,7/07/2013,24/11/2020,3,6,E,4.2,"3.0, 3.6, 5.0, 5.5",NULL,Restricted take multizoned,RLS,Coral Sea AMP
Coral Sea - Central,CS151,Holmes N Cay anchorage,-16.47592,147.86608,9/07/2013,25/11/2016,2,4,W,7.5,"7.0, 8.0",NULL,Restricted take multizoned,RLS,Coral Sea AMP
Coral Sea - Central,CS152,Holmes N Cay bommie,-16.46823,147.86472,9/07/2013,26/11/2016,2,4,W,7,"6.0, 8.0",NULL,Restricted take multizoned,RLS,Coral Sea AMP
Coral Sea - North,CS153,Inner Osprey East,-13.85535,146.62455,6/11/2025,6/11/2025,1,2,NW,8,"10.0, 6.0",NULL,No take multizoned,RLS,Coral Sea AMP
Coral Sea - North,CS154,Inside Osprey NE,-13.854,146.6254,6/11/2025,6/11/2025,1,2,N,2.8,"2.5, 3.0",NULL,No take multizoned,RLS,Coral Sea AMP
Coral Sea - North,CS155,Osprey Pass South,-13.8914,146.55312,20/07/2013,22/10/2020,3,6,N,8.4,"12.0, 4.5, 5.0",NULL,No take multizoned,RLS,Coral Sea AMP
Coral Sea - North,CS156,Osprey Pass,-13.88295,146.56243,20/07/2013,20/10/2020,3,6,S,7.5,"11.5, 4.5, 5.0, 6.0, 9.0",NULL,No take multizoned,RLS,Coral Sea AMP
Coral Sea - North,CS157,Osprey Pass Channel,-13.8954,146.5576,20/07/2013,3/12/2016,2,4,N,8.8,"12.0, 12.5, 5.0, 5.5",NULL,No take multizoned,RLS,Coral Sea AMP
Coral Sea - North,CS158,Osprey Castle,-13.87003,146.57765,21/07/2013,20/10/2020,3,6,S,9.6,"10.0, 12.0, 14.5, 5.0, 8.0",NULL,No take multizoned,RLS,Coral Sea AMP
Coral Sea - North,CS159,Osprey Admiralties,-13.8527,146.574,21/07/2013,21/07/2013,1,2,S,8.3,"11.0, 5.5",NULL,No take multizoned,RLS,Coral Sea AMP
Coral Sea - Central,CS16,Chilcott NE,-16.92251,150.01143,27/10/2012,18/01/2017,2,4,NE,6.5,"6.0, 7.0",NULL,No take multizoned,RLS,Coral Sea AMP
Coral Sea - Central,CS17,SW South West Islet,-16.97162,149.90476,28/10/2012,20/01/2017,2,4,N,6.5,"6.0, 7.0",NULL,No take multizoned,RLS,Coral Sea AMP
Coral Sea - Central,CS170,Lihou Turtle Islet SW,-17.119,152.0003,30/11/2022,30/11/2022,1,2,N,6.5,"5.0, 8.0",NULL,No take multizoned,RLS,Coral Sea AMP
Coral Sea - North,CS171,Bougainville Reef southwest,-15.48855,147.0903,14/07/2015,1/12/2016,2,4,N,10,"15.0, 5.0",NULL,Restricted take multizoned,RLS,Coral Sea AMP
Coral Sea - North,CS172,Bougainville Reef W central,-15.48253,147.0993,14/07/2015,18/10/2020,3,6,NE,9.8,"14.0, 15.0, 5.0",NULL,Restricted take multizoned,RLS,Coral Sea AMP
Coral Sea - North,CS173,Bougainville Reef lagoon,-15.48885,147.10716,15/07/2015,18/10/2020,3,6,N,3.2,"2.0, 2.2, 3.0, 5.0",NULL,Restricted take multizoned,RLS,Coral Sea AMP
Coral Sea - North,CS174,Bougainville Reef Lagoon East,-15.48433,147.10759,15/07/2015,18/10/2020,3,6,NW,2,"1.5, 2.0, 2.2",NULL,Restricted take multizoned,RLS,Coral Sea AMP
Coral Sea - North,CS175,Bougainville Reef point,-15.4908,147.08723,15/07/2015,18/10/2020,3,6,S,10,"15.0, 5.0",NULL,Restricted take multizoned,RLS,Coral Sea AMP
Coral Sea - North,CS176,Bougainville Reef inlet,-15.48135,147.10453,15/07/2015,18/10/2020,3,6,N,8.5,"12.0, 5.0",NULL,Restricted take multizoned,RLS,Coral Sea AMP
Coral Sea - North,CS177,Osprey Reef Lagoon South,-13.98559,146.69139,6/11/2025,6/11/2025,1,2,N,14.3,"14.0, 14.5",NULL,No take multizoned,RLS,Coral Sea AMP
Coral Sea - North,CS178,Osprey South reef flat,-13.99381,146.69067,21/07/2015,21/10/2020,3,6,S,1.5,"1.0, 2.0",NULL,No take multizoned,RLS,Coral Sea AMP
Coral Sea - North,CS179,Osprey south bommie,-13.97563,146.67549,22/07/2015,21/10/2020,3,6,W,8.2,"11.0, 13.0, 5.0, 6.0, 9.0",NULL,No take multizoned,RLS,Coral Sea AMP
Coral Sea - Central,CS18,South West Islet Bommie,-16.96134,149.90547,28/10/2012,20/01/2017,2,4,E,10,"13.0, 7.0",NULL,No take multizoned,RLS,Coral Sea AMP
Coral Sea - North,CS180,Osprey S W Bommie,-13.96688,146.66721,7/11/2025,7/11/2025,1,2,N,9,"13.0, 5.0",NULL,No take multizoned,RLS,Coral Sea AMP
Coral Sea - North,CS181,Osprey S E Lagoon,-13.96617,146.6806,7/11/2025,7/11/2025,1,2,E,4.8,"4.5, 5.0",NULL,No take multizoned,RLS,Coral Sea AMP
Coral Sea - North,CS182,Osprey Lagoon entrance bommie,-13.89028,146.57249,23/07/2015,20/10/2020,3,6,W,8.3,"11.0, 12.0, 4.5, 5.0",NULL,No take multizoned,RLS,Coral Sea AMP
Coral Sea - North,CS183,Osprey Lagoon Entrance NW Bommie,-13.88715,146.56733,23/07/2015,22/10/2020,3,6,N,7.3,"10.0, 11.0, 4.5, 5.0, 8.0",NULL,No take multizoned,RLS,Coral Sea AMP
Coral Sea - North,CS184,Osprey Reef North Horn,-13.80117,146.54613,23/07/2015,22/10/2020,3,5,E,10.8,"14.0, 6.0",NULL,No take multizoned,RLS,Coral Sea AMP
Coral Sea - Far North,CS185,Ashmore reef lagoon South,-10.44533,144.44918,18/08/2021,16/08/2023,2,4,NE,3.1,"2.0, 2.5, 3.0, 5.0",NULL,Restricted take multizoned,RLS,Coral Sea AMP
Coral Sea - Far North,CS186,Ashmore South bommie,-10.43422,144.45243,17/08/2021,18/08/2023,2,4,W,8.5,"12.0, 5.0",NULL,Restricted take multizoned,RLS,Coral Sea AMP
Coral Sea - Far North,CS187,Ashmore South lagoon shore,-10.44136,144.45293,17/08/2021,16/08/2023,2,4,W,2.7,"2.0, 2.5, 3.0, 3.1",NULL,Restricted take multizoned,RLS,Coral Sea AMP
Coral Sea - Far North,CS188,Ashmore Rf Lagoon Bommie SW,-10.44121,144.43016,18/08/2021,18/08/2021,1,2,E,8,"10.0, 6.0",NULL,Restricted take multizoned,RLS,Coral Sea AMP
Coral Sea - Far North,CS189,Ashmore Rf Lagoon SW,-10.44697,144.43347,18/08/2021,17/08/2023,2,4,W,3.4,"2.0, 2.5, 3.0, 6.0",NULL,Restricted take multizoned,RLS,Coral Sea AMP
Coral Sea - South,CS19,Cato Wreck,-23.25791,155.53659,13/12/2022,13/12/2022,1,2,W,9.5,"13.0, 6.0",NULL,Restricted take multizoned,RLS,Coral Sea AMP
Coral Sea - Far North,CS190,Ashmore Reef lagoon east entrance,-10.29918,144.5215,1/08/2015,13/12/2016,2,4,N,7.5,"10.0, 5.0, 6.0, 9.0",NULL,Restricted take multizoned,RLS,Coral Sea AMP
Coral Sea - Far North,CS191,Ashmore Rf Lagoon East Bommie,-10.37448,144.53391,19/08/2021,15/08/2023,2,4,W,9.3,"12.0, 6.0, 7.0",NULL,Restricted take multizoned,RLS,Coral Sea AMP
Coral Sea - Far North,CS192,Ashmore reef SW anchorage,-10.37655,144.53283,19/08/2021,15/08/2023,2,3,NE,2.8,"2.5, 3.0",NULL,Restricted take multizoned,RLS,Coral Sea AMP
Coral Sea - Far North,CS193,Boot Rf Wall,-10.03875,144.69198,20/08/2021,20/08/2021,1,2,NE,9.5,"12.0, 7.0",NULL,Restricted take multizoned,RLS,Coral Sea AMP
Coral Sea - Far North,CS194,Boot Reef lagoon bommie,-10.03484,144.69893,2/08/2015,27/10/2020,2,4,W,5,"2.0, 8.0",NULL,Restricted take multizoned,RLS,Coral Sea AMP
Coral Sea - Far North,CS195,Ashmore North East Entrance,-10.21767,144.5954,3/08/2015,13/12/2016,2,4,NE,9,"10.0, 8.0",NULL,Restricted take multizoned,RLS,Coral Sea AMP
Coral Sea - Far North,CS196,Ashmore NE entrance bommie,-10.22136,144.59315,3/08/2015,3/08/2015,1,2,W,8,"12.0, 4.0",NULL,Restricted take multizoned,RLS,Coral Sea AMP
Coral Sea - Far North,CS197,Ashmore NE Bommie,-10.22733,144.58955,14/08/2023,14/08/2023,1,2,NE,6.8,"5.5, 8.0",NULL,Restricted take multizoned,RLS,Coral Sea AMP
Coral Sea - Far North,CS198,Ashmore NE Lagoon,-10.23257,144.58684,14/08/2023,14/08/2023,1,2,NE,5.5,"5.0, 6.0",NULL,Restricted take multizoned,RLS,Coral Sea AMP
Coral Sea - Far North,CS199,Ashmore NW Wall,-10.14325,144.4407,4/08/2015,26/10/2020,2,4,S,14,"23.0, 5.0",NULL,Restricted take multizoned,RLS,Coral Sea AMP
Coral Sea - Central,CS2,Brodie Cay NW,-19.28441,152.21197,11/12/2024,11/12/2024,1,2,SE,5,"4.0, 6.0",NULL,Restricted take multizoned,RLS,Coral Sea AMP
Coral Sea - South,CS20,Cato Bommies,-23.24725,155.53484,12/12/2022,12/12/2022,1,2,E,8,"10.5, 5.5",NULL,Restricted take multizoned,RLS,Coral Sea AMP
Coral Sea - Far North,CS200,Ashmore Reef NW slope,-10.11558,144.45777,4/08/2015,26/10/2020,3,6,S,8.5,"12.0, 5.0",NULL,Restricted take multizoned,RLS,Coral Sea AMP
Coral Sea - Far North,CS201,Ashmore Reef NNW point,-10.07613,144.4715,4/08/2015,26/10/2020,2,4,NE,8.5,"12.0, 5.0",NULL,Restricted take multizoned,RLS,Coral Sea AMP
Coral Sea - Far North,CS202,Ashmore Reef NW,-10.06544,144.52417,29/11/2015,29/11/2015,1,2,E,8.5,"11.0, 6.0",NULL,Restricted take multizoned,RLS,Coral Sea AMP
Coral Sea - Far North,CS203,Boot Rock W,-10.10677,144.68304,29/11/2015,29/11/2015,1,2,NE,9.5,"13.0, 6.0",NULL,Restricted take multizoned,RLS,Coral Sea AMP
Coral Sea - Far North,CS204,Boot Rock NW,-10.10505,144.68513,29/11/2015,27/10/2020,3,5,N,9.6,"10.0, 14.0, 5.0",NULL,Restricted take multizoned,RLS,Coral Sea AMP
Coral Sea - Far North,CS205,Boot Reef NW Point,-9.98595,144.67923,20/08/2021,20/08/2021,1,1,N,8,8,NULL,Restricted take multizoned,RLS,Coral Sea AMP
Coral Sea - Far North,CS206,Boot Reef Birds,-9.97227,144.68823,30/11/2015,30/11/2015,1,1,NE,8,8,NULL,Restricted take multizoned,RLS,Coral Sea AMP
Coral Sea - Far North,CS207,Boot Reef Longiceps Point,-9.96837,144.69456,20/08/2021,20/08/2021,1,1,NE,7,7,NULL,Restricted take multizoned,RLS,Coral Sea AMP
Coral Sea - Far North,CS208,Boot Reef Lagoon E,-9.98877,144.6913,30/11/2015,27/10/2020,3,6,N,4.2,"3.0, 4.0, 6.0",NULL,Restricted take multizoned,RLS,Coral Sea AMP
Coral Sea - Far North,CS209,Boot Reef Lagoon W,-9.97456,144.694,20/08/2021,20/08/2021,1,2,S,9.5,"12.0, 7.0",NULL,Restricted take multizoned,RLS,Coral Sea AMP
Coral Sea - South,CS21,Cato Lagoon 1,-23.25288,155.55157,12/12/2022,12/12/2022,1,2,N,2.5,"2.4, 2.5",NULL,Restricted take multizoned,RLS,Coral Sea AMP
Coral Sea - Far North,CS210,Boot Reef South Point,-10.04321,144.68963,30/11/2015,30/11/2015,1,1,S,5,5,NULL,Restricted take multizoned,RLS,Coral Sea AMP
Coral Sea - Far North,CS211,Kate's Garden,-10.14414,144.57626,1/12/2015,16/12/2016,2,4,N,5.5,"5.0, 6.0",NULL,Restricted take multizoned,RLS,Coral Sea AMP
Coral Sea - Far North,CS212,Ashmore Reef NE bommy,-10.14587,144.57013,1/12/2015,16/12/2016,2,4,E,11,"16.0, 6.0",NULL,Restricted take multizoned,RLS,Coral Sea AMP
Coral Sea - Far North,CS213,Ashmore Reef NE passage,-10.15276,144.57715,1/12/2015,1/12/2015,1,2,N,9,"12.0, 6.0",NULL,Restricted take multizoned,RLS,Coral Sea AMP
Coral Sea - Far North,CS214,Gnathodentex Gulch,-10.13842,144.5742,1/12/2015,1/12/2015,1,2,N,5.3,"5.0, 5.5",NULL,Restricted take multizoned,RLS,Coral Sea AMP
Coral Sea - Far North,CS215,Genicanthus Reef,-10.23352,144.41098,19/08/2023,19/08/2023,1,2,S,9,"12.0, 6.0",NULL,Restricted take multizoned,RLS,Coral Sea AMP
Coral Sea - Far North,CS216,Genicanthus Reef NE,-10.23137,144.41408,2/12/2015,2/12/2015,1,2,N,8,"10.0, 6.0",NULL,Restricted take multizoned,RLS,Coral Sea AMP
Coral Sea - Far North,CS217,Naso Rock,-10.23794,144.41244,2/12/2015,2/12/2015,1,2,N,6.5,"6.0, 7.0",NULL,Restricted take multizoned,RLS,Coral Sea AMP
Coral Sea - Far North,CS218,Ctenochaetus Reef,-10.19376,144.41151,19/08/2023,19/08/2023,1,2,NW,9,"12.0, 6.0",NULL,Restricted take multizoned,RLS,Coral Sea AMP
Coral Sea - Central,CS219,Paget Cay Far North,-19.24287,152.35543,8/06/2016,27/12/2020,3,6,N,5.2,"4.0, 5.0, 6.0",NULL,Restricted take multizoned,RLS,Coral Sea AMP
Coral Sea - South,CS22,Cato Lagoon South,-23.25491,155.55458,12/12/2022,12/12/2022,1,2,E,2.3,"2.0, 2.5",NULL,Restricted take multizoned,RLS,Coral Sea AMP
Coral Sea - Central,CS220,Marion NE Entrance,-18.98672,152.34509,9/06/2016,28/12/2020,2,4,W,9.5,"11.0, 12.0, 7.0, 8.0",NULL,No take multizoned,RLS,Coral Sea AMP
Coral Sea - Central,CS221,Marion Reef NE Bommie,-18.98545,152.34116,9/06/2016,28/12/2020,3,6,W,12.5,"11.0, 15.0, 16.0, 9.0",NULL,No take multizoned,RLS,Coral Sea AMP
Coral Sea - Central,CS222,Abington Reef Anchorage,-18.0856,149.6346,13/11/2016,13/11/2016,1,2,E,7.1,"7.0, 7.2",NULL,Restricted take multizoned,RLS,Coral Sea AMP
Coral Sea - Central,CS223,Abington Reef Hole,-18.08593,149.63153,13/11/2016,13/11/2016,1,2,E,6.8,"6.5, 7.0",NULL,Restricted take multizoned,RLS,Coral Sea AMP
Coral Sea - Central,CS224,Tregosse Reef Booby,-17.78043,150.63979,14/11/2016,14/11/2016,1,2,NE,8.5,"8.0, 9.0",NULL,Restricted take multizoned,RLS,Coral Sea AMP
Coral Sea - Central,CS225,Magdelaine Vista del Mar,-16.52928,150.28188,11/08/2021,11/08/2021,1,2,ENE,1.8,"1.5, 2.0",NULL,No take multizoned,RLS,Coral Sea AMP
Coral Sea - Central,CS226,Holmes Reef South,-16.54892,147.81968,12/01/2017,12/01/2017,1,2,E,7,"6.0, 8.0",NULL,Restricted take multizoned,RLS,Coral Sea AMP
Coral Sea - Central,CS227,NE Herald Cay E,-16.93801,149.21345,15/01/2017,15/01/2017,1,2,S,11.5,"11.0, 12.0",NULL,No take multizoned,RLS,Coral Sea AMP
Coral Sea - Central,CS228,Chilcott Islet South,-16.94348,149.9987,16/01/2017,16/01/2017,1,2,NW,8,"10.0, 6.0",NULL,No take multizoned,RLS,Coral Sea AMP
Coral Sea - Central,CS229,Chilcott Islet South Bommies,-16.94455,150.00333,19/01/2017,19/01/2017,1,2,E,11.5,"10.0, 13.0",NULL,No take multizoned,RLS,Coral Sea AMP
Coral Sea - South,CS23,Cato North,-23.24037,155.55701,13/12/2022,13/12/2022,1,2,SW,9,"12.0, 6.0",NULL,Restricted take multizoned,RLS,Coral Sea AMP
Coral Sea - Central,CS230,Jen's Bommies,-17.13524,152.13081,24/03/2017,3/02/2018,2,4,E,6.8,"6.5, 7.0",NULL,No take multizoned,RLS,Coral Sea AMP
Coral Sea - Central,CS231,Cyclone Bommies,-17.13183,152.13507,24/03/2017,3/02/2018,2,4,SE,5.1,"5.0, 5.1",NULL,No take multizoned,RLS,Coral Sea AMP
Coral Sea - Central,CS232,Paget Cay seaward lagoon,-19.25858,152.34788,1/02/2018,26/12/2020,3,6,N,2.1,"1.5, 2.0, 2.5, 3.0",NULL,Restricted take multizoned,RLS,Coral Sea AMP
Coral Sea - Central,CS233,Marion Central bommie,-19.17664,152.26625,13/12/2024,13/12/2024,1,2,O,11,"16.0, 6.0",NULL,Restricted take multizoned,RLS,Coral Sea AMP
Coral Sea - Central,CS234,Marion Centre Bommie Nth,-19.16623,152.27121,1/02/2018,29/12/2020,2,4,SW,9.3,"10.0, 8.0, 9.0",NULL,Restricted take multizoned,RLS,Coral Sea AMP
Coral Sea - Central,CS235,Lisa's Bommie,-17.46993,151.61277,5/02/2018,5/02/2018,1,2,O,12,"10.0, 14.0",NULL,No take multizoned,RLS,Coral Sea AMP
Coral Sea - Central,CS236,Coral Mountain,-17.36587,151.54033,28/11/2022,28/11/2022,1,2,E,8.5,"11.0, 6.0",NULL,No take multizoned,RLS,Coral Sea AMP
Coral Sea - South,CS237,Occy Elbow,-20.94337,154.40212,2/12/2019,2/12/2019,1,2,E,7.5,"7.0, 8.0",NULL,Restricted take multizoned,RLS,Coral Sea AMP
Coral Sea - South,CS238,North Kenn,-21.13706666,155.7450333,9/12/2022,9/12/2022,1,2,N,10,"11.0, 9.0",NULL,No take multizoned,RLS,Coral Sea AMP
Coral Sea - South,CS239,North Kenn Maze,-21.13343,155.74455,9/12/2022,9/12/2022,1,2,N,6,"5.0, 7.0",NULL,No take multizoned,RLS,Coral Sea AMP
Coral Sea - South,CS24,Cato Entrance,-23.24474,155.54233,13/12/2022,13/12/2022,1,2,E,9,"13.0, 5.0",NULL,Restricted take multizoned,RLS,Coral Sea AMP
Coral Sea - Central,CS240,Holmes South Bommie,-16.48833,147.84294,24/11/2020,24/11/2020,1,2,NE,9,"12.0, 6.0",NULL,0,RLS,0
Coral Sea - Central,CS241,NE Herald Deep Bommie,-16.92364,149.19486,27/11/2020,27/11/2020,1,1,O,20,20,NULL,0,RLS,0
Coral Sea - Far North,CS242,Ashmore South Anchorage bommie,-10.44229,144.44884,18/08/2021,18/08/2021,1,2,N,14.8,"14.5, 15.0",NULL,0,RLS,0
Coral Sea - Central,CS243,Lihou Paradise,-17.33473,151.6635,28/11/2022,28/11/2022,1,2,E,10.8,"14.0, 7.5",NULL,Fishing,RLS,Coral Sea Marine Park
Coral Sea - Central,CS244,Shark Face,-17.33632,151.7289,28/11/2022,28/11/2022,1,2,N,11,"14.0, 8.0",NULL,Fishing,RLS,Coral Sea Marine Park
Coral Sea - Central,CS245,Coral Crunch,-17.13935,151.94415,29/11/2022,29/11/2022,1,2,N,14.5,"14.0, 15.0",NULL,Fishing,RLS,Coral Sea Marine Park
Coral Sea - Central,CS246,East Diamond Big Bommie,-17.43152,151.06645,27/11/2022,27/11/2022,1,1,O,16,16,NULL,Fishing,RLS,Coral Sea Marine Park
Coral Sea - Central,CS247,Mellish mixed bag,-17.37341,155.85263,3/12/2022,3/12/2022,1,1,O,5.5,5.5,NULL,Fishing,RLS,Coral Sea Marine Park
Coral Sea - Central,CS248,Mellish lagoon loops,-17.37135,155.84882,3/12/2022,3/12/2022,1,2,NW,4,"3.0, 5.0",NULL,Fishing,RLS,Coral Sea Marine Park
Coral Sea - Central,CS249,Mellish Shark Junction,-17.34598,155.84386,4/12/2022,4/12/2022,1,2,S,9.5,"14.0, 5.0",NULL,Fishing,RLS,Coral Sea Marine Park
Coral Sea - South,CS25,Cato Passage,-23.244,155.54893,13/12/2022,13/12/2022,1,2,N,5.5,"4.0, 7.0",NULL,Restricted take multizoned,RLS,Coral Sea AMP
Coral Sea - Central,CS250,Mellish aquarium,-17.34696,155.85146,4/12/2022,4/12/2022,1,2,N,10,"14.0, 6.0",NULL,Fishing,RLS,Coral Sea Marine Park
Coral Sea - Central,CS251,Mellish Coral Schoolies,-17.35542,155.85454,4/12/2022,4/12/2022,1,2,S,11.5,"14.0, 9.0",NULL,Fishing,RLS,Coral Sea Marine Park
Coral Sea - Central,CS252,Mellish far east,-17.38077,155.87883,4/12/2022,4/12/2022,1,2,N,8.5,"12.0, 5.0",NULL,Fishing,RLS,Coral Sea Marine Park
Coral Sea - Central,CS253,Mellish Mellow Bommies,-17.37725,155.87338,4/12/2022,4/12/2022,1,2,O,8.8,"11.0, 6.5",NULL,Fishing,RLS,Coral Sea Marine Park
Coral Sea - Central,CS254,Mellish Acropora Patch,-17.37432,155.85704,5/12/2022,5/12/2022,1,1,O,13,13,NULL,Fishing,RLS,Coral Sea Marine Park
Coral Sea - South,CS255,Mistaken Bonus Bommie,-21.20423,155.77078,10/12/2022,10/12/2022,1,1,O,7,7,NULL,Fishing,RLS,Coral Sea Marine Park
Coral Sea - Central,CS256,Flora Reef Dropoff,-16.74768,147.70889,11/07/2023,11/07/2023,1,2,E,13.5,"11.0, 16.0",NULL,Fishing,RLS,Coral Sea Marine Park
Coral Sea - Central,CS257,Flora Reef Lagoon,-16.75612,147.73863,11/07/2023,11/07/2023,1,2,E,10.5,"10.0, 11.0",NULL,Fishing,RLS,Coral Sea Marine Park
Coral Sea - North,CS258,North Horn South,-13.80365,146.54745,7/11/2025,7/11/2025,1,1,SE,7.5,7.5,NULL,Fishing,RLS,Coral Sea Marine Park
Coral Sea - South,CS26,Cato East,-23.24441,155.56322,13/12/2022,13/12/2022,1,2,N,5.5,"4.0, 7.0",NULL,Restricted take multizoned,RLS,Coral Sea AMP
Coral Sea - South,CS27,Cato South East,-23.24794,155.56715,13/12/2022,13/12/2022,1,2,NW,11.5,"10.0, 13.0",NULL,Restricted take multizoned,RLS,Coral Sea AMP
Coral Sea - South,CS28,Cato NE,-23.24175,155.56126,13/12/2022,13/12/2022,1,2,NW,7.5,"10.0, 5.0",NULL,Restricted take multizoned,RLS,Coral Sea AMP
Coral Sea - South,CS29,Shag Rock,-22.16999,155.47559,11/12/2022,11/12/2022,1,2,NW,8,"12.0, 4.0",NULL,Restricted take multizoned,RLS,Coral Sea AMP
Coral Sea - Central,CS3,Brodie Cay SE,-19.28476,152.22077,11/12/2024,11/12/2024,1,2,S,6,"5.0, 7.0",NULL,Restricted take multizoned,RLS,Coral Sea AMP
Coral Sea - South,CS30,Booby Rock,-22.16676,155.46684,11/12/2022,11/12/2022,1,2,O,9.8,"14.0, 5.5",NULL,Restricted take multizoned,RLS,Coral Sea AMP
Coral Sea - South,CS31,Bird Lagoon,-22.17677,155.47404,11/12/2022,11/12/2022,1,2,E,2.8,"2.0, 3.5",NULL,Restricted take multizoned,RLS,Coral Sea AMP
Coral Sea - South,CS32,Bird Reef Hole,-22.17306,155.47695,11/12/2022,11/12/2022,1,2,E,3.3,"1.5, 5.0",NULL,Restricted take multizoned,RLS,Coral Sea AMP
Coral Sea - South,CS33,Bird North Bommie,-22.16356,155.45378,11/12/2022,11/12/2022,1,2,S,5.5,"4.0, 7.0",NULL,Restricted take multizoned,RLS,Coral Sea AMP
Coral Sea - South,CS34,Bird Inner West,-22.17084,155.45462,11/12/2022,11/12/2022,1,2,N,0.9,"0.8, 1.0",NULL,Restricted take multizoned,RLS,Coral Sea AMP
Coral Sea - South,CS35,Bird NW Bommie,-22.16866,155.45081,11/12/2022,11/12/2022,1,2,E,6.5,"5.0, 8.0",NULL,Restricted take multizoned,RLS,Coral Sea AMP
Coral Sea - South,CS36,Porpoise North,-22.1854,155.36165,14/12/2022,14/12/2022,1,2,E,6,"5.0, 7.0",NULL,Restricted take multizoned,RLS,Coral Sea AMP
Coral Sea - South,CS37,Porpoise NE,-22.1868,155.36615,14/12/2022,14/12/2022,1,2,W,8.5,"11.0, 6.0",NULL,Restricted take multizoned,RLS,Coral Sea AMP
Coral Sea - South,CS38,Porpoise Anchorage,-22.18586,155.35576,14/12/2022,14/12/2022,1,2,S,6,"5.0, 7.0",NULL,Restricted take multizoned,RLS,Coral Sea AMP
Coral Sea - South,CS39,Porpoise Lagoon,-22.18985,155.35547,14/12/2022,14/12/2022,1,2,N,2.8,"2.5, 3.0",NULL,Restricted take multizoned,RLS,Coral Sea AMP
Coral Sea - Central,CS4,Paget Cay Bommie,-19.23026,152.32594,12/12/2024,12/12/2024,1,2,NE,9.5,"12.0, 7.0",NULL,Restricted take multizoned,RLS,Coral Sea AMP
Coral Sea - South,CS40,Wreck Reef NE,-22.19702,155.30064,14/12/2022,14/12/2022,1,2,E,6,"5.0, 7.0",NULL,Restricted take multizoned,RLS,Coral Sea AMP
Coral Sea - South,CS41,Wreck North,-22.1977,155.29443,14/12/2022,14/12/2022,1,2,S,8.5,"8.0, 9.0",NULL,Restricted take multizoned,RLS,Coral Sea AMP
Coral Sea - South,CS42,Hilton Pool,-22.18602,155.17601,15/12/2022,15/12/2022,1,2,N,2.8,"2.5, 3.0",NULL,Restricted take multizoned,RLS,Coral Sea AMP
Coral Sea - South,CS43,West Islet Passage,-22.18826,155.17004,15/12/2022,15/12/2022,1,2,N,6,"5.0, 7.0",NULL,Restricted take multizoned,RLS,Coral Sea AMP
Coral Sea - South,CS44,NW Wreck Reef,-22.17629,155.16463,15/12/2022,15/12/2022,1,2,W,5.5,"5.0, 6.0",NULL,Restricted take multizoned,RLS,Coral Sea AMP
Coral Sea - South,CS45,North Wreck Reef,-22.17583,155.17796,15/12/2022,15/12/2022,1,2,NE,8,"10.0, 6.0",NULL,Restricted take multizoned,RLS,Coral Sea AMP
Coral Sea - South,CS46,Saumarez SW Islet,-21.85174,153.52123,16/12/2022,7/12/2024,2,4,S,10.8,"14.0, 7.0, 8.0",NULL,Restricted take multizoned,RLS,Coral Sea AMP
Coral Sea - South,CS47,Saumarez egg seasnake,-21.89659,153.5435,16/12/2022,16/12/2022,1,2,N,8,"7.0, 9.0",NULL,Restricted take multizoned,RLS,Coral Sea AMP
Coral Sea - South,CS48,Saumarez SW reef cay,-21.89729,153.53757,16/12/2022,7/12/2024,2,4,W,8,"11.0, 12.0, 2.0, 7.0",NULL,Restricted take multizoned,RLS,Coral Sea AMP
Coral Sea - South,CS49,Saumarez olive seasnake,-21.89604,153.54306,7/12/2024,7/12/2024,1,2,N,7,"5.0, 9.0",NULL,Restricted take multizoned,RLS,Coral Sea AMP
Coral Sea - Central,CS5,Paget Cay South East,-19.25323,152.3482,12/12/2024,12/12/2024,1,2,N,4.3,"4.0, 4.5",NULL,Restricted take multizoned,RLS,Coral Sea AMP
Coral Sea - South,CS50,Saumarez SW,-21.91736,153.57968,16/12/2022,8/12/2024,2,3,SW,8.3,"7.0, 9.0",NULL,Restricted take multizoned,RLS,Coral Sea AMP
Coral Sea - South,CS51,Saumarez stripe seasnake,-21.91631,153.58669,16/12/2022,8/12/2024,2,4,S,5.6,"5.0, 6.0, 6.5",NULL,Restricted take multizoned,RLS,Coral Sea AMP
Coral Sea - South,CS52,Kenn Reef anchorage bommie,-21.25707,155.7542,10/12/2022,10/12/2022,1,2,O,13,"12.0, 14.0",NULL,Restricted take multizoned,RLS,Coral Sea AMP
Coral Sea - South,CS53,Kenn Break,-21.2603,155.7551,10/12/2022,10/12/2022,1,1,S,2.5,2.5,NULL,Restricted take multizoned,RLS,Coral Sea AMP
Coral Sea - South,CS54,Kenn Reef bommie,-21.25066,155.75829,10/12/2022,10/12/2022,1,2,E,10,"12.0, 8.0",NULL,Restricted take multizoned,RLS,Coral Sea AMP
Coral Sea - South,CS55,Kenn Labyrinth,-21.2535,155.76086,10/12/2022,10/12/2022,1,2,SE,4.3,"3.0, 5.5",NULL,Restricted take multizoned,RLS,Coral Sea AMP
Coral Sea - South,CS56,Kenn Reef rubble,-21.248,155.76361,9/12/2022,9/12/2022,1,1,E,13.5,13.5,NULL,Restricted take multizoned,RLS,Coral Sea AMP
Coral Sea - South,CS57,Kenn Cave,-21.24541,155.76497,9/12/2022,9/12/2022,1,2,O,7.5,"7.0, 8.0",NULL,Restricted take multizoned,RLS,Coral Sea AMP
Coral Sea - South,CS58,Kenn Reef North Cay bommie,-21.19993,155.76575,9/12/2022,9/12/2022,1,2,O,10,"12.0, 8.0",NULL,No take multizoned,RLS,Coral Sea AMP
Coral Sea - South,CS59,Kenn Twin Bommies,-21.20369,155.76593,9/12/2022,9/12/2022,1,1,S,6,6,NULL,No take multizoned,RLS,Coral Sea AMP
Coral Sea - Central,CS6,Paget Cay South,-19.25796,152.34184,12/12/2024,12/12/2024,1,2,NW,4.3,"4.0, 4.5",NULL,Restricted take multizoned,RLS,Coral Sea AMP
Coral Sea - South,CS60,Kenn Reef North Cay,-21.20282,155.77281,9/12/2022,10/12/2022,1,2,E,9,"10.0, 8.0",NULL,No take multizoned,RLS,Coral Sea AMP
Coral Sea - South,CS61,Kenn Reef Pipeline,-21.20865,155.76982,9/12/2022,9/12/2022,1,2,N,8.5,"10.0, 7.0",NULL,No take multizoned,RLS,Coral Sea AMP
Coral Sea - South,CS62,Fredrick Reef north bommie,-20.98007,154.39075,6/06/2013,6/06/2013,1,2,W,12,"10.0, 14.0",NULL,Restricted take multizoned,RLS,Coral Sea AMP
Coral Sea - South,CS63,Frederick Passage,-21.0003,154.3944,9/12/2024,9/12/2024,1,2,N,6,"5.0, 7.0",NULL,Restricted take multizoned,RLS,Coral Sea AMP
Coral Sea - South,CS64,Fredrick Central Bommie,-20.99787,154.39374,9/12/2024,9/12/2024,1,2,N,7,"6.0, 8.0",NULL,Restricted take multizoned,RLS,Coral Sea AMP
Coral Sea - South,CS65,Fredrick central reef,-21.0065,154.39197,9/12/2024,9/12/2024,1,2,N,4.3,"3.5, 5.0",NULL,Restricted take multizoned,RLS,Coral Sea AMP
Coral Sea - South,CS66,Frederick Split Rocks,-21.00829,154.38995,6/06/2013,6/06/2013,1,2,W,4,"3.0, 5.0",NULL,Restricted take multizoned,RLS,Coral Sea AMP
Coral Sea - South,CS67,Frederick Bosom,-21.01246,154.38369,6/06/2013,6/06/2013,1,2,W,3.8,"3.5, 4.0",NULL,Restricted take multizoned,RLS,Coral Sea AMP
Coral Sea - South,CS68,Frederick Ridge Rock,-20.9767,154.34532,7/06/2013,7/06/2013,1,2,W,8.3,"8.0, 8.5",NULL,Restricted take multizoned,RLS,Coral Sea AMP
Coral Sea - South,CS69,Fredrick Reef SW,-20.99268,154.34946,7/06/2013,7/06/2013,1,2,E,12,"10.0, 13.9",NULL,Restricted take multizoned,RLS,Coral Sea AMP
Coral Sea - Central,CS7,Weather Station Inner Reef,-19.1254,152.38809,13/12/2024,13/12/2024,1,2,NE,4.8,"4.5, 5.0",NULL,Restricted take multizoned,RLS,Coral Sea AMP
Coral Sea - South,CS70,Frederick Leo,-21.00132,154.36082,7/06/2013,7/06/2013,1,2,W,5.8,"5.0, 6.5",NULL,Restricted take multizoned,RLS,Coral Sea AMP
Coral Sea - South,CS71,Quay West Bommie,-21.02028,154.3699,9/12/2024,9/12/2024,1,2,E,3,"2.5, 3.5",NULL,Restricted take multizoned,RLS,Coral Sea AMP
Coral Sea - South,CS72,Fredrick Observatory Cay,-21.02036,154.37269,8/06/2013,3/12/2019,3,6,N,1.8,"1.5, 2.0",NULL,Restricted take multizoned,RLS,Coral Sea AMP
Coral Sea - South,CS73,North Fredrick Bommie,-20.93697,154.39572,10/12/2024,10/12/2024,1,2,S,10.5,"10.0, 11.0",NULL,Restricted take multizoned,RLS,Coral Sea AMP
Coral Sea - South,CS74,Frederick Lighthouse,-20.93624,154.39723,10/12/2024,10/12/2024,1,2,SE,6.5,"6.0, 7.0",NULL,Restricted take multizoned,RLS,Coral Sea AMP
Coral Sea - Central,CS75,Mellish Herald Beacon Cay East,-17.40128,155.86461,6/12/2022,6/12/2022,1,2,NE,4.5,"4.0, 5.0",NULL,No take multizoned,RLS,Coral Sea AMP
Coral Sea - Central,CS76,Mellish Lion Rock,-17.40318,155.86641,3/12/2022,3/12/2022,1,2,S,3.3,"3.0, 3.5",NULL,No take multizoned,RLS,Coral Sea AMP
Coral Sea - Central,CS77,Mellish dropoff,-17.4219,155.8515,6/12/2022,6/12/2022,1,2,S,11.5,"16.0, 7.0",NULL,No take multizoned,RLS,Coral Sea AMP
Coral Sea - Central,CS78,Mellish Wall,-17.41968,155.85163,6/12/2022,6/12/2022,1,2,S,11,"15.0, 7.0",NULL,No take multizoned,RLS,Coral Sea AMP
Coral Sea - Central,CS79,Mellish SW,-17.4316,155.85352,6/12/2022,6/12/2022,1,2,S,8.5,"12.0, 5.0",NULL,No take multizoned,RLS,Coral Sea AMP
Coral Sea - Central,CS8,Carola Cay,-19.09532,152.38714,13/12/2024,13/12/2024,1,2,NW,4.8,"4.5, 5.0",NULL,No take multizoned,RLS,Coral Sea AMP
Coral Sea - Central,CS80,Mellish Grouper Cave,-17.4166,155.86227,6/12/2022,6/12/2022,1,2,E,3.8,"3.5, 4.0",NULL,No take multizoned,RLS,Coral Sea AMP
Coral Sea - Central,CS81,Mellish lagoon entrance,-17.41488,155.8633,6/12/2022,6/12/2022,1,2,E,3.5,"3.0, 4.0",NULL,No take multizoned,RLS,Coral Sea AMP
Coral Sea - Central,CS82,Mellish Crossroads Bommie,-17.40976,155.86181,6/12/2022,6/12/2022,1,2,O,4.5,"4.0, 5.0",NULL,No take multizoned,RLS,Coral Sea AMP
Coral Sea - Central,CS83,Mellish lagoon east,-17.38658,155.87503,3/12/2022,3/12/2022,1,2,NE,2.8,"2.5, 3.0",NULL,No take multizoned,RLS,Coral Sea AMP
Coral Sea - Central,CS84,Mellish overflow,-17.39014,155.86067,5/12/2022,5/12/2022,1,2,N,9,"11.0, 7.0",NULL,No take multizoned,RLS,Coral Sea AMP
Coral Sea - Central,CS85,Mellish Drainholes,-17.38725,155.85807,5/12/2022,5/12/2022,1,2,E,4.3,"3.5, 5.0",NULL,No take multizoned,RLS,Coral Sea AMP
Coral Sea - Central,CS86,Mellish Grassland,-17.38807,155.8573,6/12/2022,6/12/2022,1,2,E,5,"4.0, 6.0",NULL,No take multizoned,RLS,Coral Sea AMP
Coral Sea - Central,CS87,Mellish bommie,-17.3908,155.85532,5/12/2022,5/12/2022,1,2,W,9,"12.0, 6.0",NULL,No take multizoned,RLS,Coral Sea AMP
Coral Sea - Central,CS88,Mellish NW Dungeons,-17.3766,155.84853,4/12/2022,4/12/2022,1,2,S,11,"16.0, 6.0",NULL,No take multizoned,RLS,Coral Sea AMP
Coral Sea - Central,CS89,Lihou Cay bommie,-17.11452,152.08067,14/06/2013,14/06/2013,1,2,W,12.5,"20.0, 5.0",NULL,No take multizoned,RLS,Coral Sea AMP
Coral Sea - Central,CS9,NE Herald Cay NE,-16.92194,149.20002,23/10/2012,25/11/2020,3,6,N,7.5,"6.0, 9.0",NULL,No take multizoned,RLS,Coral Sea AMP
Coral Sea - Central,CS90,Lihou Shark Wall,-17.11768,152.07475,14/06/2013,14/06/2013,1,2,E,12,"16.0, 8.0",NULL,No take multizoned,RLS,Coral Sea AMP
Coral Sea - Central,CS91,Lihou North east,-17.12437,152.07445,30/11/2022,30/11/2022,1,2,E,10,"13.0, 7.0",NULL,No take multizoned,RLS,Coral Sea AMP
Coral Sea - Central,CS92,Lihou Staircase,-17.12526,152.0759,30/11/2022,30/11/2022,1,2,E,5.3,"3.0, 7.5",NULL,No take multizoned,RLS,Coral Sea AMP
Coral Sea - Central,CS93,Lihou Gardens,-17.12542,152.0778,30/11/2022,30/11/2022,1,2,E,6.5,"5.5, 7.5",NULL,No take multizoned,RLS,Coral Sea AMP
Coral Sea - Central,CS94,Lihou Turtle Islet,-17.11595,151.9976,30/11/2022,30/11/2022,1,2,S,7.5,"7.0, 8.0",NULL,No take multizoned,RLS,Coral Sea AMP
Coral Sea - Central,CS95,Turtle Marathon,-17.11683,152.00083,30/11/2022,30/11/2022,1,2,E,4.5,"4.0, 5.0",NULL,No take multizoned,RLS,Coral Sea AMP
Coral Sea - Central,CS96,Lihou outer bank,-17.11373,151.96057,29/11/2022,29/11/2022,1,2,N,6,"5.0, 7.0",NULL,No take multizoned,RLS,Coral Sea AMP
Coral Sea - Central,CS97,Lihou Flatlands,-17.1112,151.9607,29/11/2022,29/11/2022,1,2,S,6.5,"5.5, 7.5",NULL,No take multizoned,RLS,Coral Sea AMP
Coral Sea - Central,CS98,Lihou Kingy,-17.11325,151.84188,29/11/2022,29/11/2022,1,2,E,10,"14.0, 6.0",NULL,No take multizoned,RLS,Coral Sea AMP
Coral Sea - Central,CS99,Lihou Ribbon Cay,-17.11488,151.84062,29/11/2022,29/11/2022,1,2,E,8,"10.0, 6.0",NULL,No take multizoned,RLS,Coral Sea AMP
Elizabeth and Middleton Reefs,EMR1,Lagoon Inner Wreck Middleton Reef,-29.45103,159.06227,9/06/2023,9/06/2023,1,2,N,2.8,"2.5, 3.0",NULL,No take multizoned,RLS,Lord Howe Commonwealth MPA
Elizabeth and Middleton Reefs,EMR10,Blue Holes N,-29.44246,159.11843,10/06/2023,10/06/2023,1,2,S,2.8,"2.5, 3.0",NULL,No take multizoned,RLS,Lord Howe Commonwealth MPA
Elizabeth and Middleton Reefs,EMR11,Blue Holes 3,-29.44803,159.11499,10/06/2023,10/06/2023,1,2,S,7,"6.0, 8.0",NULL,No take multizoned,RLS,Lord Howe Commonwealth MPA
Elizabeth and Middleton Reefs,EMR12,NW outer reef1 Middleton Reef,-29.42234,159.11073,16/01/2013,28/02/2018,2,4,NE,10,"10.0, 13.0, 8.0, 9.0",NULL,No take multizoned,RLS,Lord Howe Commonwealth MPA
Elizabeth and Middleton Reefs,EMR13,NW outer reef2 Middleton Reef,-29.42655,159.12611,16/01/2013,28/02/2018,2,4,N,10.5,"10.0, 13.0, 9.0",NULL,No take multizoned,RLS,Lord Howe Commonwealth MPA
Elizabeth and Middleton Reefs,EMR14,NW outer reef3 Middleton Reef,-29.43351,159.13542,16/01/2013,28/02/2018,2,4,N,9.8,"10.0, 12.0, 8.0, 9.0",NULL,No take multizoned,RLS,Lord Howe Commonwealth MPA
Elizabeth and Middleton Reefs,EMR15,NW inner bommie Middleton Reef,-29.4341,159.09479,11/06/2023,11/06/2023,1,2,NE,8.5,"8.0, 9.0",NULL,No take multizoned,RLS,Lord Howe Commonwealth MPA
Elizabeth and Middleton Reefs,EMR16,Wreck 3,-29.45407,159.04857,11/06/2023,11/06/2023,1,2,N,10,"13.0, 7.0",NULL,No take multizoned,RLS,Lord Howe Commonwealth MPA
Elizabeth and Middleton Reefs,EMR17,Wreck outer reef4 Middleton Reef,-29.45221,159.04988,16/01/2013,25/02/2018,2,4,N,9.8,"11.0, 8.0, 9.0",NULL,No take multizoned,RLS,Lord Howe Commonwealth MPA
Elizabeth and Middleton Reefs,EMR18,North Cay Elizabeth Reef,-29.92554,159.0511,5/03/2018,5/03/2018,1,2,N,6.5,"6.0, 7.0",NULL,Restricted take multizoned,RLS,Lord Howe Commonwealth MPA
Elizabeth and Middleton Reefs,EMR19,Lagoon blue hole Elizabeth Reef,-29.93329,159.0561,6/06/2023,6/06/2023,1,2,W,5,"4.0, 6.0",NULL,Restricted take multizoned,RLS,Lord Howe Commonwealth MPA
Elizabeth and Middleton Reefs,EMR2,Lagoon 2 Middleton Reef,-29.45683,159.0622,9/06/2023,9/06/2023,1,2,E,2.3,"2.0, 2.5",NULL,No take multizoned,RLS,Lord Howe Commonwealth MPA
Elizabeth and Middleton Reefs,EMR20,Cay Bommie Elizabeth Reef,-29.93192,159.06155,6/06/2023,6/06/2023,1,2,E,5.5,"4.0, 7.0",NULL,Restricted take multizoned,RLS,Lord Howe Commonwealth MPA
Elizabeth and Middleton Reefs,EMR21,Elizabeth SW,-29.95787,159.02814,17/01/2013,1/03/2018,2,4,NW,10,"11.0, 9.0",NULL,Restricted take multizoned,RLS,Lord Howe Commonwealth MPA
Elizabeth and Middleton Reefs,EMR22,Elizabeth SW2,-29.96119,159.03659,17/01/2013,1/03/2018,2,4,SE,10,"11.0, 9.0",NULL,Restricted take multizoned,RLS,Lord Howe Commonwealth MPA
Elizabeth and Middleton Reefs,EMR23,Wreck Flank,-29.92823,159.02745,7/06/2023,7/06/2023,1,2,SW,6.5,"5.0, 8.0",NULL,Restricted take multizoned,RLS,Lord Howe Commonwealth MPA
Elizabeth and Middleton Reefs,EMR24,North Point Elizabeth Reef,-29.911,159.0691,8/06/2023,8/06/2023,1,2,N,7.5,"10.0, 5.0",NULL,Restricted take multizoned,RLS,Lord Howe Commonwealth MPA
Elizabeth and Middleton Reefs,EMR25,Northern Tip,-29.91181,159.08131,17/01/2013,2/03/2018,2,4,E,10,"11.0, 12.0, 8.0, 9.0",NULL,Restricted take multizoned,RLS,Lord Howe Commonwealth MPA
Elizabeth and Middleton Reefs,EMR26,Elizabeth Anchorage South,-29.92682,159.04417,5/03/2018,5/03/2018,1,2,N,7.5,"7.0, 8.0",NULL,Restricted take multizoned,RLS,Lord Howe Commonwealth MPA
Elizabeth and Middleton Reefs,EMR27,Elizabeth Anchorage East,-29.91731,159.06029,7/06/2023,7/06/2023,1,2,E,6.5,"5.0, 8.0",NULL,Restricted take multizoned,RLS,Lord Howe Commonwealth MPA
Elizabeth and Middleton Reefs,EMR28,Elizabeth Hole,-29.9305,159.06213,6/06/2023,6/06/2023,1,2,E,5.5,"5.0, 6.0",NULL,Restricted take multizoned,RLS,Lord Howe Commonwealth MPA
Elizabeth and Middleton Reefs,EMR29,NW anchorage Elizabeth Reef,-29.91656,159.05681,7/06/2023,7/06/2023,1,1,E,16,16,NULL,Restricted take multizoned,RLS,Lord Howe Commonwealth MPA
Elizabeth and Middleton Reefs,EMR3,SW Lagoon Middleton Reef,-29.46451,159.06873,9/06/2023,9/06/2023,1,2,S,2.5,"2.0, 3.0",NULL,No take multizoned,RLS,Lord Howe Commonwealth MPA
Elizabeth and Middleton Reefs,EMR30,NE Wreck Elizabeth Reef,-29.92296,159.09285,18/01/2013,3/03/2018,2,4,N,11,"14.0, 8.0",NULL,Restricted take multizoned,RLS,Lord Howe Commonwealth MPA
Elizabeth and Middleton Reefs,EMR31,NE Inlet Elizabeth Reef,-29.93369,159.09714,18/01/2013,3/03/2018,2,4,W,8.8,"13.0, 4.0, 5.0",NULL,Restricted take multizoned,RLS,Lord Howe Commonwealth MPA
Elizabeth and Middleton Reefs,EMR32,East Elizabeth North,-29.95612,159.12732,18/01/2013,3/03/2018,2,4,S,8.5,"10.0, 7.0",NULL,Restricted take multizoned,RLS,Lord Howe Commonwealth MPA
Elizabeth and Middleton Reefs,EMR33,South Elizabeth Reef,-29.95796,159.12759,18/01/2013,3/03/2018,2,4,S,9.5,"12.0, 7.0",NULL,Restricted take multizoned,RLS,Lord Howe Commonwealth MPA
Elizabeth and Middleton Reefs,EMR34,Middleton 8 South West,-29.48476,159.07662,25/02/2018,25/02/2018,1,2,W,6,"10.0, 2.0",NULL,No take multizoned,RLS,Lord Howe Commonwealth MPA
Elizabeth and Middleton Reefs,EMR35,Middleton 6 South,-29.47728,159.1216,25/02/2018,25/02/2018,1,2,W,6,"10.0, 2.0",NULL,No take multizoned,RLS,Lord Howe Commonwealth MPA
Elizabeth and Middleton Reefs,EMR36,Middleton 9 South East,-29.45436,159.1422,25/02/2018,25/02/2018,1,2,E,6,"10.0, 2.0",NULL,No take multizoned,RLS,Lord Howe Commonwealth MPA
Elizabeth and Middleton Reefs,EMR37,Middleton South Outside,-29.48267,159.06495,25/02/2018,25/02/2018,1,2,N,9.5,"10.0, 9.0",NULL,No take multizoned,RLS,Lord Howe Commonwealth MPA
Elizabeth and Middleton Reefs,EMR38,Middleton 3 Lagoon,-29.45372,159.06567,26/02/2018,26/02/2018,1,2,S,2,"1.0, 3.0",NULL,No take multizoned,RLS,Lord Howe Commonwealth MPA
Elizabeth and Middleton Reefs,EMR39,Middleton 4,-29.4429,159.11502,27/02/2018,27/02/2018,1,2,N,6,"10.0, 2.0",NULL,No take multizoned,RLS,Lord Howe Commonwealth MPA
Elizabeth and Middleton Reefs,EMR4,Wreck 1,-29.44751,159.05391,15/01/2013,28/02/2018,2,4,NE,11.5,"14.0, 9.0",NULL,No take multizoned,RLS,Lord Howe Commonwealth MPA
Elizabeth and Middleton Reefs,EMR40,Middleton 1,-29.4435,159.09767,10/06/2023,10/06/2023,1,2,N,6,"5.0, 7.0",NULL,No take multizoned,RLS,Lord Howe Commonwealth MPA
Elizabeth and Middleton Reefs,EMR41,Elizabeth 6D,-29.93465,159.09327,8/06/2023,8/06/2023,1,2,E,3.5,"2.0, 5.0",NULL,Restricted take multizoned,RLS,Lord Howe Commonwealth MPA
Elizabeth and Middleton Reefs,EMR42,Lagoon Hole west,-29.94249,159.0847,8/06/2023,8/06/2023,1,2,W,5,"4.0, 6.0",NULL,Restricted take multizoned,RLS,Lord Howe Commonwealth MPA
Elizabeth and Middleton Reefs,EMR5,Wreck 2,-29.44269,159.06088,15/01/2013,28/02/2018,2,4,N,8.4,"11.0, 5.0, 6.5",NULL,No take multizoned,RLS,Lord Howe Commonwealth MPA
Elizabeth and Middleton Reefs,EMR6,North West Horn,-29.44366,159.06796,11/06/2023,11/06/2023,1,2,NW,10,"12.0, 8.0",NULL,No take multizoned,RLS,Lord Howe Commonwealth MPA
Elizabeth and Middleton Reefs,EMR7,Back reef bommie Middleton Reef,-29.44,159.09315,15/01/2013,28/02/2018,2,4,W,5.8,"5.0, 6.0, 6.1",NULL,No take multizoned,RLS,Lord Howe Commonwealth MPA
Elizabeth and Middleton Reefs,EMR8,Back Reef 1,-29.44563,159.09369,15/01/2013,27/02/2018,2,4,E,4.8,"4.5, 5.0",NULL,No take multizoned,RLS,Lord Howe Commonwealth MPA
Elizabeth and Middleton Reefs,EMR9,Blue Holes W,-29.44278,159.11231,10/06/2023,10/06/2023,1,2,NE,5,"4.0, 6.0",NULL,No take multizoned,RLS,Lord Howe Commonwealth MPA
Kangaroo Island,EYR23,Hanson Bay,-36.01776,136.85533,30/03/2014,30/03/2014,1,3,E,3.4,"2.1, 3.1, 5.1",NULL,Fishing,RLS,0
Eyre Peninsula,EYR24,Pearson Island Bay NW,-33.94051,134.26668,16/12/2023,16/12/2023,1,2,N,6.5,"5.0, 8.0",NULL,No take multizoned,RLS,Investigator MP
Eyre Peninsula,EYR25,Flinders Island NW reef,-33.68615,134.46529,8/01/2014,8/01/2014,1,4,W,7.2,"7.0, 7.1, 7.2, 7.3",NULL,Restricted take multizoned,RLS,Investigator MP
Eyre Peninsula,EYR26,Flinders Island NW point,-33.68935,134.47376,8/01/2014,22/03/2018,2,8,NW,4.2,"3.0, 3.1, 3.2, 3.3, 5.0, 5.1, 5.2, 5.3",NULL,Restricted take multizoned,RLS,Investigator MP
Eyre Peninsula,EYR27,Pearson Island North,-33.94091,134.27285,16/12/2023,16/12/2023,1,2,NE,8.5,"8.0, 9.0",NULL,No take multizoned,RLS,Investigator MP
Eyre Peninsula,EYR28,Pearson Island SE bay,-33.96242,134.27149,16/12/2023,16/12/2023,1,2,NE,7.5,"10.0, 5.0",NULL,No take multizoned,RLS,Investigator MP
Eyre Peninsula,EYR29,Pearson Island east,-33.95124,134.27429,16/12/2023,16/12/2023,1,2,NE,7.5,"7.0, 8.0",NULL,No take multizoned,RLS,Investigator MP
Eyre Peninsula,EYR30,Pearson Island inner bay north,-33.9536,134.26949,16/12/2023,16/12/2023,1,2,NE,8.8,"10.0, 7.5",NULL,No take multizoned,RLS,Investigator MP
Eyre Peninsula,EYR31,Pearson Island inner bay south,-33.96044,134.26785,16/12/2023,16/12/2023,1,2,NW,5.5,"5.0, 6.0",NULL,No take multizoned,RLS,Investigator MP
Eyre Peninsula,EYR32,Flinders Island anchorage,-33.68436,134.48677,15/12/2023,15/12/2023,1,2,NE,6.5,"6.0, 7.0",NULL,Restricted take multizoned,RLS,Investigator MP
Eyre Peninsula,EYR33,Greenly Island,-34.6438,134.79522,13/01/2014,13/01/2014,1,4,W,6.2,"6.0, 6.1, 6.2, 6.3",NULL,Restricted take multizoned,RLS,Thorny Passage Marine Park
Eyre Peninsula,EYR34,Wedge Island west ladders,-35.1469,136.44682,14/01/2014,14/01/2014,1,4,W,5.2,"5.0, 5.1, 5.2, 5.3",NULL,Restricted take multizoned,RLS,Gambier Islands Group MP
SA - Western,EYR35,Bakers Hole,-33.01207,134.18019,25/02/2009,25/02/2009,1,3,NULL,2.2,"2.0, 2.1, 2.5",NULL,Restricted take multizoned,RLS,West Coast Bays MP
SA - Western,EYR36,Cave Bay,-33.01073,134.17133,21/02/2009,21/02/2009,1,2,NULL,2.3,"2.0, 2.6",NULL,Restricted take multizoned,RLS,West Coast Bays MP
SA - Western,EYR37,Cave Beach West,-33.00831,134.16429,25/02/2009,25/02/2009,1,2,NULL,5.8,"5.5, 6.0",NULL,Restricted take multizoned,RLS,West Coast Bays MP
SA - Western,EYR38,Cave Beach Point,-33.00658,134.16564,25/02/2009,25/02/2009,1,3,NULL,5,"4.0, 5.0, 6.0",NULL,Restricted take multizoned,RLS,West Coast Bays MP
SA - Western,EYR39,Smooth Pools,-32.92558,134.07834,26/02/2009,26/02/2009,1,2,NULL,2.1,"2.0, 2.1",NULL,Restricted take multizoned,RLS,West Coast Bays MP
SA - Western,EYR40,Granites South,-32.92133,134.07803,26/02/2009,26/02/2009,1,3,NULL,3.3,"3.0, 3.3, 3.5",NULL,Restricted take multizoned,RLS,West Coast Bays MP
SA - Western,EYR41,Point Westell North,-32.90669,134.0673,28/02/2009,28/02/2009,1,3,NULL,7.5,"7.0, 7.5, 8.0",NULL,Fishing,RLS,
SA - Western,EYR42,Wayne s World,-32.90586,134.07337,27/02/2009,27/02/2009,1,3,NULL,8,"7.0, 8.0, 9.0",NULL,Fishing,RLS,
SA - Western,EYR43,High Cliff North,-32.86498,134.10091,27/02/2009,27/02/2009,1,3,NULL,4.2,"4.0, 4.2, 4.5",NULL,Fishing,RLS,
SA - Western,EYR44,Mouth of Baird Bay,-33.18679,134.3529,23/02/2009,23/02/2009,1,3,NULL,3.5,"3.0, 3.5, 4.0",NULL,Restricted take multizoned,RLS,West Coast Bays MP
SA - Western,EYR45,Jones Island NW,-33.18513,134.35915,24/02/2009,24/02/2009,1,3,NULL,3.1,"3.0, 3.1, 3.3",NULL,Restricted take multizoned,RLS,West Coast Bays MP
SA - Western,EYR46,The Mad Mile,-33.18396,134.37776,23/02/2009,23/02/2009,1,3,NULL,8.7,"8.0, 9.0, 9.1",NULL,Restricted take multizoned,RLS,West Coast Bays MP
SA - Western,EYR47,Solar Tubes,-33.09508,134.257,22/02/2009,22/02/2009,1,3,NULL,2.8,"2.6, 2.8, 3.0",NULL,Restricted take multizoned,RLS,West Coast Bays MP
Eyre Peninsula,EYR48,Flinders Island North,-33.67553,134.51647,15/12/2023,15/12/2023,1,2,N,6.3,"6.0, 6.5",NULL,Restricted take multizoned,RLS,Investigator MP
Eyre Peninsula,EYR50,Horny Point,-35.00533,136.19067,3/12/2007,3/12/2007,1,8,NULL,7.8,"10.1, 10.2, 10.3, 10.4, 5.1, 5.2, 5.3, 5.4",NULL,Fishing,ATRC,
Eyre Peninsula,EYR51,Memory Cove,-34.95992,135.99861,1/12/2007,1/12/2007,1,8,NULL,7.8,"10.1, 10.2, 10.3, 10.4, 5.1, 5.2, 5.3, 5.4",NULL,Restricted take multizoned,ATRC,Thorny Passage Marine Park
Eyre Peninsula,EYR52,Memory Bommie,-34.92844,135.99281,1/12/2007,1/12/2007,1,4,NULL,5.3,"5.1, 5.2, 5.3, 5.4",NULL,Fishing,ATRC,
Eyre Peninsula,EYR53,Grindal Island,-34.91761,136.03392,2/12/2007,2/12/2007,1,8,NULL,7.8,"10.1, 10.2, 10.3, 10.4, 5.1, 5.2, 5.3, 5.4",NULL,Fishing,ATRC,
Eyre Peninsula,EYR54,Taylors South,-34.89336,136.01236,2/12/2007,2/12/2007,1,8,NULL,7.8,"10.1, 10.2, 10.3, 10.4, 5.1, 5.2, 5.3, 5.4",NULL,Fishing,ATRC,
Eyre Peninsula,EYR55,McLaren South,-34.80433,136.00877,3/12/2007,3/12/2007,1,4,NULL,5.3,"5.1, 5.2, 5.3, 5.4",NULL,Fishing,ATRC,
Eyre Peninsula,EYR56,Boston Island North,-34.66903,135.92636,4/12/2007,4/12/2007,1,4,NULL,5.3,"5.1, 5.2, 5.3, 5.4",NULL,Fishing,ATRC,
Eyre Peninsula,EYR57,Langton Island,-34.59805,136.24837,29/11/2007,29/11/2007,1,4,NULL,5.3,"5.1, 5.2, 5.3, 5.4",NULL,Restricted take multizoned,ATRC,Sir Joseph Banks Group Marine Park
Eyre Peninsula,EYR58,Smith Rocks,-34.58714,136.26601,29/11/2007,29/11/2007,1,4,NULL,5.3,"5.1, 5.2, 5.3, 5.4",NULL,Restricted take multizoned,ATRC,Sir Joseph Banks Group Marine Park
Eyre Peninsula,EYR59,Dalby Island,-34.56293,136.23466,30/11/2007,30/11/2007,1,4,NULL,5.3,"5.1, 5.2, 5.3, 5.4",NULL,Restricted take multizoned,ATRC,Sir Joseph Banks Group Marine Park
Eyre Peninsula,EYR60,Kirkby Island,-34.55311,136.21158,29/11/2007,29/11/2007,1,4,NULL,5.3,"5.1, 5.2, 5.3, 5.4",NULL,No take multizoned,ATRC,Sir Joseph Banks Group Marine Park
Eyre Peninsula,EYR61,Reevesby Island,-34.53094,136.28894,30/11/2007,30/11/2007,1,4,NULL,5.3,"5.1, 5.2, 5.3, 5.4",NULL,Restricted take multizoned,ATRC,Sir Joseph Banks Group Marine Park
Eyre Peninsula,EYR62,Winceby Island,-34.48919,136.28934,30/11/2007,30/11/2007,1,4,NULL,5.3,"5.1, 5.2, 5.3, 5.4",NULL,Restricted take multizoned,ATRC,Sir Joseph Banks Group Marine Park
Eyre Peninsula,EYR63,Point Sir Isaac South,-34.43658,135.19186,28/11/2007,28/11/2007,1,4,NULL,5.3,"5.1, 5.2, 5.3, 5.4",NULL,Restricted take multizoned,ATRC,Thorny Passage Marine Park
Eyre Peninsula,EYR64,Point Sir Isaac,-34.4282,135.20444,28/11/2007,28/11/2007,1,8,NULL,7.8,"10.1, 10.2, 10.3, 10.4, 5.1, 5.2, 5.3, 5.4",NULL,Restricted take multizoned,ATRC,Thorny Passage Marine Park
Eyre Peninsula,EYR65,Frenchmans,-34.41943,135.35858,27/11/2007,27/11/2007,1,4,NULL,5.3,"5.1, 5.2, 5.3, 5.4",NULL,Restricted take multizoned,ATRC,Thorny Passage Marine Park
Eyre Peninsula,EYR66,Coles Point,-34.37894,135.35258,27/11/2007,27/11/2007,1,8,NULL,7.8,"10.1, 10.2, 10.3, 10.4, 5.1, 5.2, 5.3, 5.4",NULL,Fishing,ATRC,0
Eyre Peninsula,EYR67,Point Drummond,-34.1747,135.26001,26/11/2007,26/11/2007,1,4,NULL,10.3,"10.1, 10.2, 10.3, 10.4",NULL,Fishing,ATRC,
Eyre Peninsula,EYR68,Flinders Island,-33.71843,134.54825,5/12/2007,5/12/2007,1,4,NULL,5.3,"5.1, 5.2, 5.3, 5.4",NULL,Restricted take multizoned,ATRC,Investigator MP
Eyre Peninsula,EYR69,Topgallant Island,-33.7142,113.46145,5/12/2007,15/12/2023,2,6,NW,9.3,"10.0, 10.1, 10.2, 10.3, 10.4, 5.0",NULL,No take multizoned,ATRC,Investigator MP
Eyre Peninsula,EYR70,Waldegrave Island,-33.59197,134.75929,5/12/2007,5/12/2007,1,4,NULL,5.3,"5.1, 5.2, 5.3, 5.4",NULL,Fishing,ATRC,
SA - Western,EYR71,South East Slade Point,-33.05037,134.17371,12/03/2009,12/03/2009,1,4,NULL,5.3,"5.1, 5.2, 5.3, 5.4",NULL,Restricted take multizoned,ATRC,West Coast Bays MP
SA - Western,EYR72,Eagle Rock (1/2 way between Cape Blanche & Slade Point),-33.02705,134.14384,12/03/2009,12/03/2009,1,4,NULL,10.3,"10.1, 10.2, 10.3, 10.4",NULL,Restricted take multizoned,ATRC,West Coast Bays MP
SA - Western,EYR73,Eagle Bay (1/2 way between Cape Blanche & Slade Point),-33.02612,134.14757,12/03/2009,12/03/2009,1,4,NULL,5.3,"5.1, 5.2, 5.3, 5.4",NULL,Restricted take multizoned,ATRC,West Coast Bays MP
SA - Western,EYR74,The Granites,-32.87642,134.08746,11/03/2009,11/03/2009,1,4,NULL,5.3,"5.1, 5.2, 5.3, 5.4",NULL,Fishing,ATRC,
SA - Western,EYR75,Dreadnaughts,-32.86467,134.09807,11/03/2009,11/03/2009,1,8,NULL,7.8,"10.1, 10.2, 10.3, 10.4, 5.1, 5.2, 5.3, 5.4",NULL,Fishing,ATRC,
SA - Western,EYR76,Cape Bauer,-32.718,134.06143,10/03/2009,10/03/2009,1,4,NULL,6.3,"6.1, 6.2, 6.3, 6.4",NULL,Fishing,ATRC,
SA - Western,EYR77,Cape Bauer East,-32.7163,134.06381,10/03/2009,10/03/2009,1,4,NULL,5.3,"5.1, 5.2, 5.3, 5.4",NULL,Fishing,ATRC,
Eyre Peninsula,EYR78,Donnington Rocks,-34.71975,135.99806,4/12/2007,4/12/2007,1,8,NULL,7.8,"10.1, 10.2, 10.3, 10.4, 5.1, 5.2, 5.3, 5.4",NULL,Fishing,ATRC,
Capricorn-Bunker,GBR1,Lady Musgrave Lagoon NW,-23.89629,152.40782,28/06/2023,28/06/2023,1,2,N,5.5,"5.0, 6.0",NULL,No take multizoned,RLS,Great Barrier Reef MP
Capricorn-Bunker,GBR10,Hoskyn Island west,-23.80303,152.28887,10/06/2015,10/06/2015,1,2,N,7,"6.0, 8.0",NULL,No take multizoned,RLS,Great Barrier Reef MP
GBR - Central,GBR100,Keeper Reef NW,-18.7331,147.26909,25/01/2017,25/01/2017,1,2,NE,8,"10.0, 6.0",NULL,Restricted take multizoned,RLS,Great Barrier Reef MP
GBR - Central,GBR101,Tobias Reef Bommie,-19.09582,148.28345,8/07/2023,8/07/2023,1,2,N,7.5,"6.0, 9.0",NULL,Restricted take multizoned,RLS,Great Barrier Reef MP
GBR - Central,GBR102,Tobias Reef West,-19.09846,148.28379,8/07/2023,8/07/2023,1,2,NW,7,"5.0, 9.0",NULL,Restricted take multizoned,RLS,Great Barrier Reef MP
GBR - Central,GBR103,Faith Reef,-19.27208,148.34511,23/11/2021,23/11/2021,1,2,O,8.5,"10.0, 7.0",NULL,Restricted take multizoned,RLS,Great Barrier Reef MP
GBR - Central,GBR104,Faith Sundowner,-19.27445,148.34358,23/11/2021,7/07/2023,2,4,NW,6,"4.0, 6.0, 7.0",NULL,Restricted take multizoned,RLS,Great Barrier Reef MP
GBR - South,GBR105,Goulds Reef SW Point,-19.52072,148.71948,2/02/2017,2/02/2017,1,2,NW,5,"4.0, 6.0",NULL,Restricted take multizoned,RLS,Great Barrier Reef MP
GBR - South,GBR106,Goulds Reef SW Wall,-19.52167,148.72192,3/02/2017,3/02/2017,1,2,NW,7.3,"6.0, 8.5",NULL,Restricted take multizoned,RLS,Great Barrier Reef MP
GBR - South,GBR107,Goulds Reef SW Lagoon,-19.51879,148.73082,3/02/2017,3/02/2017,1,2,S,2.3,"2.0, 2.5",NULL,Restricted take multizoned,RLS,Great Barrier Reef MP
QLD inshore - South,GBR108,Middle Percy NW,-21.64143,150.24591,3/07/2023,1/12/2024,2,4,N,5.3,"3.0, 5.0, 6.0, 7.0",NULL,Restricted take multizoned,RLS,Great Barrier Reef MP
QLD inshore - South,GBR109,Middle Percy NW Notch,-21.62366,150.24633,8/02/2017,11/12/2019,2,3,N,9.1,"8.0, 9.5, 9.7",NULL,Restricted take multizoned,RLS,Great Barrier Reef MP
Capricorn-Bunker,GBR11,Masthead Island west,-23.53293,151.72316,10/06/2015,10/06/2015,1,2,N,3.5,"3.0, 4.0",NULL,Restricted take multizoned,RLS,Great Barrier Reef MP
QLD inshore - South,GBR110,Middle Percy A Frame,-21.65447,150.24191,3/07/2023,1/12/2024,2,3,S,3.2,"2.5, 3.0, 4.0",NULL,Restricted take multizoned,RLS,Great Barrier Reef MP
GBR - South,GBR111,21465 Reef Mid North,-21.79107,151.87013,12/02/2017,12/02/2017,1,2,E,8.3,"8.0, 8.6",NULL,Restricted take multizoned,RLS,Great Barrier Reef MP
GBR - South,GBR112,21465 Reef Mid North Inlet,-21.79238,151.88092,12/02/2017,12/02/2017,1,2,N,7.4,"7.2, 7.5",NULL,Restricted take multizoned,RLS,Great Barrier Reef MP
GBR - South,GBR113,Oval Reef,-21.83517,152.32959,13/02/2017,13/02/2017,1,2,NW,4.4,"4.0, 4.8",NULL,No take,RLS,Great Barrier Reef MP
GBR - South,GBR114,Pike Reef,-21.95686,152.4258,13/02/2017,13/02/2017,1,2,E,5.8,"4.6, 7.0",NULL,Restricted take multizoned,RLS,Great Barrier Reef MP
GBR - North,GBR115,Bird Islets Crest,-14.69171,145.4649,10/11/2018,10/11/2018,1,1,W,2,2,NULL,No take multizoned,RLS,Great Barrier Reef MP
GBR - North,GBR116,Loomis Reef Moorings,-14.68285,145.44905,11/11/2018,11/11/2018,1,1,NW,3,3,NULL,No take multizoned,RLS,Great Barrier Reef MP
GBR - South,GBR117,Round Reef anchorage,-19.96678,149.62187,22/01/2018,22/01/2018,1,2,N,6.5,"6.0, 7.0",NULL,Restricted take multizoned,RLS,Great Barrier Reef MP
QLD inshore - South,GBR118,Goldsmith anchorage,-20.68459,149.1407,23/01/2018,12/12/2019,2,4,E,5.3,"5.0, 5.5",NULL,Restricted take multizoned,RLS,Great Barrier Reef MP
QLD inshore - South,GBR119,Goldsmith anchorage south,-20.68555,149.14128,23/01/2018,12/12/2019,2,4,S,2.8,"2.5, 3.0",NULL,Restricted take multizoned,RLS,Great Barrier Reef MP
Capricorn-Bunker,GBR12,Wistari Reef south west,-23.46521,151.85275,2/06/2022,13/10/2024,2,4,N,7,"5.0, 7.0, 8.0",NULL,Restricted take multizoned,RLS,Great Barrier Reef MP
QLD inshore - South,GBR120,Goldsmith SW,-20.69106,149.13741,24/01/2018,12/12/2019,2,3,NW,3,"2.5, 3.0, 3.5",NULL,Restricted take multizoned,RLS,Great Barrier Reef MP
QLD inshore - South,GBR121,Linne Island,-20.67599,149.17618,24/01/2018,7/03/2020,2,4,SE,2.2,"1.0, 1.1, 3.0, 3.5",NULL,Restricted take multizoned,RLS,Great Barrier Reef MP
QLD inshore - South,GBR122,Pelican Island,-20.79606,149.26698,25/01/2018,8/03/2020,2,4,N,4.5,"4.0, 5.0",NULL,Restricted take multizoned,RLS,Great Barrier Reef MP
QLD inshore - South,GBR123,Brampton Island SW,-20.80311,149.2556,25/01/2018,9/03/2020,2,4,SW,4.5,"4.0, 5.0",NULL,Restricted take multizoned,RLS,Great Barrier Reef MP
QLD inshore - South,GBR124,Halichoeres Heaven,-20.80873,149.25046,25/01/2018,25/01/2018,1,2,NE,4.5,"4.0, 5.0",NULL,Restricted take multizoned,RLS,Great Barrier Reef MP
QLD inshore - South,GBR125,Keswick NW,-20.89839,149.40341,19/12/2022,19/12/2022,1,2,NE,6.5,"5.0, 8.0",NULL,Restricted take multizoned,RLS,Great Barrier Reef MP
QLD inshore - South,GBR126,Connie Bay,-20.89797,149.41214,19/12/2022,19/12/2022,1,2,O,5.5,"4.0, 7.0",NULL,Restricted take multizoned,RLS,Great Barrier Reef MP
QLD inshore - South,GBR127,Keswick Passage,-20.92427,149.4239,27/01/2018,27/01/2018,1,3,N,6.7,"12.0, 2.0, 6.0",NULL,Restricted take multizoned,RLS,Great Barrier Reef MP
GBR - South,GBR128,Little Stevens anchorage,-20.56343,150.0298,28/01/2018,28/01/2018,1,2,N,7.8,"6.0, 9.5",NULL,Restricted take multizoned,RLS,Great Barrier Reef MP
GBR - South,GBR129,Little Stevens Reef,-20.56652,150.03316,28/01/2018,28/01/2018,1,2,N,4.5,"4.0, 5.0",NULL,Restricted take multizoned,RLS,Great Barrier Reef MP
Capricorn-Bunker,GBR13,North West Island anchorage,-23.29573,151.69486,2/07/2023,2/07/2023,1,2,NE,5.5,"5.0, 6.0",NULL,Restricted take multizoned,RLS,Great Barrier Reef MP
GBR - South,GBR130,Hydrographers Outer Reef,-20.26498,150.4949,29/01/2018,29/01/2018,1,2,E,3,"2.5, 3.5",NULL,Restricted take multizoned,RLS,Great Barrier Reef MP
QLD inshore - South,GBR131,South Blue Pearl Bay,-20.0498,148.87844,23/11/2022,23/11/2022,1,2,S,4.3,"3.5, 5.0",NULL,No take multizoned,RLS,Great Barrier Reef MP
QLD inshore - South,GBR132,Blue Pearl Bay central,-20.0429,148.88232,22/11/2022,29/10/2025,3,6,N,2.8,"1.5, 2.0, 2.5, 3.0, 3.5, 4.0",NULL,No take multizoned,RLS,Great Barrier Reef MP
QLD inshore - South,GBR133,Dolphin Point,-20.0377,148.88058,5/08/2021,23/11/2022,2,4,N,5.1,"4.0, 4.5, 6.0",NULL,Restricted take multizoned,RLS,Great Barrier Reef MP
QLD inshore - South,GBR134,Luncheon Bay,-20.06527,148.9503,5/07/2023,5/07/2023,1,2,S,5,"3.0, 7.0",NULL,No take multizoned,RLS,Great Barrier Reef MP
QLD inshore - South,GBR135,Butterfly Bay East,-20.07003,148.93189,5/08/2021,5/08/2021,1,2,NE,3.5,"3.0, 4.0",NULL,Restricted take multizoned,RLS,Great Barrier Reef MP
QLD inshore - South,GBR136,Mackerel Bay South,-20.08985,148.95245,11/02/2018,5/01/2021,2,4,S,4.5,"3.0, 6.0",NULL,Restricted take multizoned,RLS,Great Barrier Reef MP
QLD inshore - South,GBR137,Saba Bay North,-20.10702,148.9408,14/02/2018,5/01/2021,2,4,E,3.1,"2.0, 2.5, 4.0",NULL,Restricted take multizoned,RLS,Great Barrier Reef MP
QLD inshore - South,GBR138,Saba Bay Northeast,-20.10734,148.9566,15/02/2018,15/02/2018,1,2,E,4.5,"4.0, 5.0",NULL,Restricted take multizoned,RLS,Great Barrier Reef MP
GBR - South,GBR139,Black Reef East,-19.8307,149.47556,22/01/2018,25/11/2019,2,4,N,6.5,"4.0, 9.0",NULL,Restricted take multizoned,RLS,Great Barrier Reef MP
Capricorn-Bunker,GBR14,North West Island south,-23.30356,151.69659,14/06/2015,14/06/2015,1,2,N,5,"4.0, 6.0",NULL,Restricted take multizoned,RLS,Great Barrier Reef MP
GBR - South,GBR140,Round Reef,-19.96161,149.62527,22/01/2018,22/01/2018,1,2,N,3.3,"3.0, 3.5",NULL,Restricted take multizoned,RLS,Great Barrier Reef MP
GBR - South,GBR141,Little Black Reef anchorage,-19.7681,149.37079,14/11/2022,15/12/2024,2,4,N,5.9,"2.5, 5.0, 8.0",NULL,Restricted take multizoned,RLS,Great Barrier Reef MP
QLD inshore - South,GBR142,Cataren Bay,-20.15526,149.03571,13/07/2010,3/01/2021,3,5,E,3.4,"2.5, 4.0, 4.2",NULL,No take multizoned,RLS,Great Barrier Reef MP
QLD inshore - South,GBR143,Stonehaven Nth,-20.08833,148.90631,28/11/2024,28/10/2025,2,3,N,5,"4.5, 6.0",NULL,Restricted take multizoned,RLS,Great Barrier Reef MP
QLD inshore - South,GBR144,Langford island,-20.07899,148.87646,23/11/2022,23/11/2022,1,2,S,5,"4.0, 6.0",NULL,No take multizoned,RLS,Great Barrier Reef MP
QLD inshore - South,GBR145,Butterfly Bay,-20.07311,148.92969,29/11/2024,29/11/2024,1,2,S,5,"3.0, 7.0",NULL,No take multizoned,RLS,Great Barrier Reef MP
QLD inshore - South,GBR146,Alcyonaria Point,-20.06494,148.92328,29/11/2024,29/11/2024,1,2,N,6.5,"4.0, 9.0",NULL,No take multizoned,RLS,Great Barrier Reef MP
QLD inshore - South,GBR147,East Hayman Island,-20.05117,148.89869,14/07/2010,14/07/2010,1,2,NULL,5.6,"5.5, 5.6",NULL,Restricted take multizoned,RLS,Great Barrier Reef MP
QLD inshore - South,GBR148,Blue Pearl Bay,-20.04033,148.88061,23/11/2022,29/10/2025,3,6,N,6,"5.0, 7.0",NULL,No take multizoned,RLS,Great Barrier Reef MP
GBR - South,GBR149,AIMS-20104S1,-20.02943,149.6951,6/02/2016,8/12/2020,2,4,NW,6,"4.0, 8.0",NULL,Restricted take multizoned,RLS,Great Barrier Reef MP
Capricorn-Bunker,GBR15,North West Island southwest,-23.3007,151.69482,2/07/2023,2/07/2023,1,2,N,4.5,"4.0, 5.0",NULL,Restricted take multizoned,RLS,Great Barrier Reef MP
QLD inshore - South,GBR150,Horseshoe Bay,-19.9783,148.26147,5/11/2024,5/11/2024,1,1,N,4,4,NULL,Restricted take multizoned,RLS,Great Barrier Reef MP
GBR - South,GBR151,AIMS-19138S3,-19.8088,149.4213,7/02/2016,25/11/2019,2,3,E,5.3,"4.0, 6.0",NULL,Restricted take multizoned,RLS,Great Barrier Reef MP
GBR - South,GBR152,AIMS-19131S1,-19.76625,149.38034,15/12/2024,15/12/2024,1,2,NE,9,"12.0, 6.0",NULL,Restricted take multizoned,RLS,Great Barrier Reef MP
QLD inshore - Central,GBR153,Yongala wreck,-19.30442,147.62544,27/06/2013,27/06/2013,1,2,NE,17.5,"17.0, 18.0",NULL,No take multizoned,RLS,Great Barrier Reef MP
QLD inshore - Central,GBR154,Havannah Island 1,-18.84722,146.54283,26/01/2016,26/01/2016,1,2,W,3,"2.5, 3.5",NULL,Restricted take multizoned,RLS,Great Barrier Reef MP
QLD inshore - Central,GBR155,Havannah Island 2,-18.84637,146.54068,26/01/2016,26/01/2016,1,2,W,3.3,"2.5, 4.0",NULL,Restricted take multizoned,RLS,Great Barrier Reef MP
GBR - Central,GBR156,Davies Reef,-18.832,147.63303,2/04/2012,2/04/2012,1,2,S,1.9,"1.7, 2.0",NULL,Restricted take multizoned,RLS,Great Barrier Reef MP
GBR - Central,GBR157,Davies Reef 3,-18.81732,147.66621,31/01/2016,12/11/2016,1,4,SW,6.3,"5.0, 5.1, 7.0, 8.0",NULL,Restricted take multizoned,RLS,Great Barrier Reef MP
GBR - Central,GBR158,Davies Reef 2,-18.81132,147.67052,31/01/2016,31/01/2016,1,2,N,6.5,"6.0, 7.0",NULL,Restricted take multizoned,RLS,Great Barrier Reef MP
GBR - Central,GBR159,Lynch's Reef,-18.73144,147.72472,3/04/2012,3/04/2012,1,2,E,7,"10.0, 4.0",NULL,No take multizoned,RLS,Great Barrier Reef MP
Capricorn-Bunker,GBR16,Tryon Island south,-23.24659,151.77309,5/12/2024,5/12/2024,1,2,SE,6,"5.0, 7.0",NULL,No take multizoned,RLS,Great Barrier Reef MP
GBR - Central,GBR160,Chicken Reef East,-18.66173,147.7231,4/04/2012,11/11/2016,2,4,N,6,"5.0, 7.0",NULL,Restricted take multizoned,RLS,Great Barrier Reef MP
GBR - Central,GBR161,Chicken Reef,-18.66084,147.70284,3/04/2012,10/11/2016,2,4,NE,6.5,"6.0, 7.0",NULL,Restricted take multizoned,RLS,Great Barrier Reef MP
GBR - Central,GBR162,Chicken Reef NW,-18.65153,147.70988,4/04/2012,11/11/2016,2,4,E,7.5,"6.0, 9.0",NULL,Restricted take multizoned,RLS,Great Barrier Reef MP
GBR - Central,GBR163,Grub Reef SW,-18.65069,147.40128,31/10/2025,31/10/2025,1,1,N,6,6,NULL,Restricted take multizoned,RLS,Great Barrier Reef MP
GBR - Central,GBR164,Grub Reef,-18.65033,147.40462,31/10/2025,31/10/2025,1,2,SW,4.5,"4.0, 5.0",NULL,Restricted take multizoned,RLS,Great Barrier Reef MP
GBR - Central,GBR165,John Brewer Reef 3,-18.6292,147.08325,27/01/2016,27/01/2016,1,2,S,7,"10.0, 4.0",NULL,Restricted take multizoned,RLS,Great Barrier Reef MP
GBR - Central,GBR166,John Brewer Reef 2,-18.62263,147.08408,27/01/2016,27/01/2016,1,2,S,6,"4.0, 8.0",NULL,Restricted take multizoned,RLS,Great Barrier Reef MP
GBR - Central,GBR167,Grub Reef 3,-18.61763,147.44025,30/01/2016,30/01/2016,1,2,S,7.5,"7.0, 8.0",NULL,Restricted take multizoned,RLS,Great Barrier Reef MP
GBR - Central,GBR168,Bowl Reef S,-18.53599,147.53253,6/04/2012,6/04/2012,1,2,SW,6.8,"5.0, 8.5",NULL,No take multizoned,RLS,Great Barrier Reef MP
GBR - Central,GBR169,Rib Reef 3,-18.47873,146.88358,22/01/2016,22/01/2016,1,2,SE,5.5,"3.0, 8.0",NULL,Restricted take multizoned,RLS,Great Barrier Reef MP
Capricorn-Bunker,GBR17,Tryon Island south west,-23.24371,151.77568,5/12/2024,5/12/2024,1,2,SW,9.5,"11.0, 8.0",NULL,No take multizoned,RLS,Great Barrier Reef MP
GBR - Central,GBR170,Fore and Aft Reef 3,-18.47673,147.06026,28/01/2016,28/01/2016,1,2,S,7.5,"10.0, 5.0",NULL,Restricted take multizoned,RLS,Great Barrier Reef MP
GBR - Central,GBR171,Fore and Aft Reef 2,-18.47453,147.05788,28/01/2016,28/01/2016,1,2,E,6.5,"5.0, 8.0",NULL,Restricted take multizoned,RLS,Great Barrier Reef MP
GBR - Central,GBR172,Rib Reef 1,-18.47182,146.87865,22/01/2016,22/01/2016,1,2,SE,7,"6.0, 8.0",NULL,Restricted take multizoned,RLS,Great Barrier Reef MP
GBR - Central,GBR173,Little Kelso Reef 3,-18.46287,147.00476,29/01/2016,29/01/2016,1,2,W,6,"4.0, 8.0",NULL,No take multizoned,RLS,Great Barrier Reef MP
GBR - Central,GBR174,Little Kelso Reef 2,-18.46053,147.0013,29/01/2016,29/01/2016,1,2,NW,8,"11.0, 5.0",NULL,No take multizoned,RLS,Great Barrier Reef MP
GBR - Central,GBR175,Roxburg Reef 3,-18.43517,147.06155,23/01/2016,23/01/2016,1,2,SE,6.5,"4.0, 9.0",NULL,Restricted take multizoned,RLS,Great Barrier Reef MP
GBR - Central,GBR176,Roxburgh Reef 1,-18.42833,147.05953,23/01/2016,23/01/2016,1,2,W,6.5,"4.0, 9.0",NULL,Restricted take multizoned,RLS,Great Barrier Reef MP
GBR - Central,GBR177,Inner Dip,-18.40566,147.44558,7/04/2012,7/04/2012,1,2,SW,10.5,"14.0, 7.0",NULL,No take multizoned,RLS,Great Barrier Reef MP
GBR - Central,GBR178,Dip Reef NE,-18.40403,147.44847,7/04/2012,7/04/2012,1,2,E,8,"11.0, 5.0",NULL,No take multizoned,RLS,Great Barrier Reef MP
GBR - Central,GBR179,Myrmidon Reef,-18.26883,147.37874,22/11/2021,22/11/2021,1,2,E,8.5,"10.0, 7.0",NULL,No take multizoned,RLS,Great Barrier Reef MP
Keppels,GBR18,Humpy and Halfway Islands,-23.20268,150.96978,3/12/2024,3/12/2024,1,2,N,6,"5.0, 7.0",NULL,Restricted take multizoned,RLS,Great Barrier Reef MP
GBR - Central,GBR180,Myrmidon Lagoon,-18.26705,147.38376,8/04/2012,8/04/2012,1,2,SE,3.8,"3.0, 4.5",NULL,No take multizoned,RLS,Great Barrier Reef MP
GBR - Central,GBR181,Myrmidon Wall,-18.26259,147.37756,22/11/2021,22/11/2021,1,2,NULL,7.5,"10.0, 5.0",NULL,No take multizoned,RLS,Great Barrier Reef MP
QLD inshore - Central,GBR182,Brook Is NE,-18.13575,146.2799,1/11/2025,1/11/2025,1,2,E,3.3,"3.0, 3.5",NULL,No take multizoned,RLS,Great Barrier Reef MP
QLD inshore - Central,GBR183,Hudson Is,-18.04677,146.20102,27/06/2010,27/06/2010,1,2,NULL,5.3,"4.5, 6.0",NULL,No take multizoned,RLS,Great Barrier Reef MP
QLD inshore - Central,GBR184,Smith Is SW,-18.03954,146.20022,27/06/2010,27/06/2010,1,2,NULL,5.4,"4.2, 6.5",NULL,No take multizoned,RLS,Great Barrier Reef MP
QLD inshore - Central,GBR185,Coombe Is East,-18.0385,146.1817,28/06/2010,28/06/2010,1,2,NULL,4.1,"4.0, 4.2",NULL,Restricted take multizoned,RLS,Great Barrier Reef MP
QLD inshore - Central,GBR186,Coombe Is,-18.0375,146.17934,1/11/2025,1/11/2025,1,2,W,5.3,"4.5, 6.0",NULL,Restricted take multizoned,RLS,Great Barrier Reef MP
QLD inshore - Central,GBR187,Smith Is,-18.03613,146.20003,1/11/2025,1/11/2025,1,2,NE,4.5,"4.0, 5.0",NULL,No take multizoned,RLS,Great Barrier Reef MP
QLD inshore - Central,GBR188,Dunk Is NE,-17.93784,146.16255,2/11/2025,2/11/2025,1,2,W,4.5,"4.0, 5.0",NULL,Restricted take multizoned,RLS,Great Barrier Reef MP
GBR - Central,GBR189,Mooring Bommie,-17.77205,146.44973,9/07/2010,9/07/2010,1,4,NULL,4.4,"2.9, 4.0, 4.5, 6.0",NULL,Restricted take multizoned,RLS,Great Barrier Reef MP
Keppels,GBR19,Humpy and Halfway Islands1,-23.21627,150.9634,3/12/2024,3/12/2024,1,2,NW,4.8,"3.0, 6.5",NULL,Restricted take multizoned,RLS,Great Barrier Reef MP
GBR - Central,GBR190,Peart reef 3,-17.47175,146.40778,19/01/2016,19/01/2016,1,2,SE,9.5,"13.0, 6.0",NULL,Restricted take multizoned,RLS,Great Barrier Reef MP
GBR - Central,GBR191,Peart Reef 2,-17.46858,146.40593,19/01/2016,19/01/2016,1,2,SE,9.5,"12.0, 7.0",NULL,Restricted take multizoned,RLS,Great Barrier Reef MP
QLD inshore - Central,GBR192,Russell Island,-17.2294,146.09131,20/11/2021,20/11/2021,1,2,N,4.5,"4.0, 5.0",NULL,Restricted take multizoned,RLS,Great Barrier Reef MP
QLD inshore - Central,GBR193,Russell Island Outside,-17.22682,146.09528,20/11/2021,20/11/2021,1,2,N,4.3,"4.0, 4.5",NULL,Restricted take multizoned,RLS,Great Barrier Reef MP
QLD inshore - Central,GBR194,Round Island,-17.21662,146.08918,20/11/2021,20/11/2021,1,2,E,3.8,"3.5, 4.0",NULL,Restricted take multizoned,RLS,Great Barrier Reef MP
QLD inshore - Central,GBR195,Normandy Island,-17.20315,146.07662,13/07/2010,13/07/2010,1,2,NULL,3.8,"3.5, 4.0",NULL,No take multizoned,RLS,Great Barrier Reef MP
QLD inshore - Central,GBR196,High Island East 2,-17.16368,146.01283,18/01/2016,18/01/2016,1,2,SE,3,"2.0, 4.0",NULL,Restricted take multizoned,RLS,Great Barrier Reef MP
QLD inshore - Central,GBR197,High Island West 2,-17.16215,146.00698,17/01/2016,17/01/2016,1,2,N,3.5,"2.0, 5.0",NULL,Restricted take multizoned,RLS,Great Barrier Reef MP
QLD inshore - Central,GBR198,High Island West 1,-17.16005,146.00575,17/01/2016,17/01/2016,1,2,N,5,"2.0, 8.0",NULL,Restricted take multizoned,RLS,Great Barrier Reef MP
QLD inshore - Central,GBR199,High Island East 1,-17.15843,146.01482,18/01/2016,18/01/2016,1,2,SE,3.5,"2.0, 5.0",NULL,Restricted take multizoned,RLS,Great Barrier Reef MP
Capricorn-Bunker,GBR2,Lady Musgrave Lagoon N,-23.89878,152.41618,5/06/2015,19/02/2017,2,4,N,3.5,"3.0, 4.0",NULL,Restricted take multizoned,RLS,Great Barrier Reef MP
Keppels,GBR20,Middle Island1,-23.16153,150.92055,2/12/2024,2/12/2024,1,2,NW,4.5,"4.0, 5.0",NULL,No take multizoned,RLS,Great Barrier Reef MP
QLD inshore - Central,GBR200,Fitzroy Island,-16.93144,145.98775,9/06/2022,9/06/2022,1,1,SW,4,4,NULL,Restricted take multizoned,RLS,Great Barrier Reef MP
GBR - Central,GBR201,Moore Reef,-16.88857,146.19184,2/07/2010,2/07/2010,1,5,O,4.8,"2.5, 4.1, 5.1, 6.0, 6.1",NULL,No take multizoned,RLS,Great Barrier Reef MP
GBR - Central,GBR202,Moore Reef 2,-16.86967,146.23933,16/01/2016,16/01/2016,1,2,SE,7,"10.0, 4.0",NULL,No take multizoned,RLS,Great Barrier Reef MP
GBR - Central,GBR203,Moore Reef 3,-16.8535,146.24258,16/01/2016,16/01/2016,1,2,SE,7.5,"10.0, 5.0",NULL,No take multizoned,RLS,Great Barrier Reef MP
GBR - Central,GBR204,Petaj Bommie Milln Reef,-16.78849,146.26849,12/07/2023,12/07/2023,1,2,SW,4.8,"3.5, 6.0",NULL,No take multizoned,RLS,Great Barrier Reef MP
GBR - Central,GBR205,Swimming Pool Milln Reef,-16.78773,146.26774,3/07/2010,22/05/2021,3,6,SE,6,"4.0, 5.0, 6.0, 7.0, 7.1",NULL,No take multizoned,RLS,Great Barrier Reef MP
GBR - Central,GBR206,Whale Bommie Milln Reef,-16.78387,146.27118,12/07/2023,12/07/2023,1,2,N,6.5,"6.0, 7.0",NULL,No take multizoned,RLS,Great Barrier Reef MP
GBR - Central,GBR207,Tennis Court Flynn Reef,-16.73392,146.26511,4/07/2010,24/05/2021,4,8,W,6.6,"5.0, 6.0, 6.5, 7.0, 7.1, 7.5",NULL,Restricted take multizoned,RLS,Great Barrier Reef MP
GBR - Central,GBR208,Gordons Mooring Flynn Reef,-16.73186,146.26677,4/07/2010,24/05/2021,4,8,W,7.3,"10.0, 5.0, 5.1, 7.0, 9.0",NULL,Restricted take multizoned,RLS,Great Barrier Reef MP
GBR - Central,GBR209,Traceys Bommie Flynn Reef,-16.7296,146.2678,5/07/2010,24/05/2021,4,8,NE,6.7,"5.0, 6.0, 6.1, 7.0, 7.6, 8.0",NULL,Restricted take multizoned,RLS,Great Barrier Reef MP
Keppels,GBR21,Barren Island1,-23.15748,151.07047,3/12/2024,3/12/2024,1,2,SW,4,"3.0, 5.0",NULL,Restricted take multizoned,RLS,Great Barrier Reef MP
GBR - Central,GBR210,Michaelmis Cay,-16.60383,145.96884,1/07/2010,19/11/2020,2,6,E,7.4,"5.0, 6.0, 6.5, 8.5, 9.0, 9.1",NULL,No take multizoned,RLS,Great Barrier Reef MP
GBR - Central,GBR211,Michaelmas Cay North Anchorage,-16.55388,146.04401,16/07/2023,16/07/2023,1,2,N,5.8,"5.0, 6.5",NULL,No take multizoned,RLS,Great Barrier Reef MP
GBR - Central,GBR212,Michaelmas Cay Sunny Outlook,-16.55161,146.04213,27/11/2016,20/11/2020,2,4,NE,7.8,"6.0, 7.0, 9.0",NULL,No take multizoned,RLS,Great Barrier Reef MP
GBR - Central,GBR213,Hastings Reef,-16.52825,145.99349,1/07/2010,11/01/2017,2,6,O,6.9,"6.0, 6.4, 7.0, 8.0, 8.1",NULL,No take multizoned,RLS,Great Barrier Reef MP
QLD inshore - Central,GBR214,Green Island Reef 2,-16.772867,145.977017,15/01/2016,15/01/2016,1,2,SE,6.5,"5.0, 8.0",NULL,Restricted take multizoned,RLS,Great Barrier Reef MP
QLD inshore - Central,GBR215,Green Island Reef 3,-16.76915,145.973567,14/01/2016,15/01/2016,1,3,SE,6.2,"4.5, 6.0, 8.0",NULL,Restricted take multizoned,RLS,Great Barrier Reef MP
GBR - Central,GBR216,Norman Reef Pontoon,-16.42525,145.99103,1/07/2010,1/07/2010,1,1,O,5,5,NULL,No take multizoned,RLS,Great Barrier Reef MP
GBR - Central,GBR217,Agincourt Reef - The Gap,-15.9758,145.8291,4/07/2010,15/11/2020,3,5,W,5.7,"5.0, 5.7, 6.0, 7.0",NULL,No take multizoned,RLS,Great Barrier Reef MP
GBR - Central,GBR218,Agincourt Reef - The Point,-15.96846,145.81968,18/07/2023,18/07/2023,1,2,NE,6.5,"5.0, 8.0",NULL,No take multizoned,RLS,Great Barrier Reef MP
GBR - Central,GBR219,Agincourt Reef - Three Sisters,-15.9609,145.80432,17/07/2023,5/11/2025,2,4,NE,6,"5.0, 7.0",NULL,No take multizoned,RLS,Great Barrier Reef MP
Keppels,GBR22,Barren Island2,-23.15658,151.0729,3/12/2024,3/12/2024,1,2,N,4,"3.0, 5.0",NULL,Restricted take multizoned,RLS,Great Barrier Reef MP
GBR - North,GBR220,Blue Hole,-14.69473,145.45921,22/07/2023,22/07/2023,1,2,N,6,"3.0, 9.0",NULL,No take multizoned,RLS,Great Barrier Reef MP
GBR - North,GBR221,Bird Islets,-14.68942,145.46617,26/06/2010,6/11/2018,3,8,E,3.8,"10.0, 2.5, 3.0, 3.1",NULL,No take multizoned,RLS,Great Barrier Reef MP
GBR - North,GBR222,Palfrey Island,-14.68924,145.44413,23/06/2010,23/06/2010,1,2,O,1.5,"1.0, 2.0",NULL,No take multizoned,RLS,Great Barrier Reef MP
GBR - North,GBR223,Blue Lagoon Channel,-14.68717,145.46565,2/07/2010,3/01/2017,2,4,E,6.5,"5.0, 8.0",NULL,No take multizoned,RLS,Great Barrier Reef MP
GBR - North,GBR224,Horseshoe Reef,-14.68708,145.44327,22/07/2023,22/07/2023,1,2,NW,3.5,"3.0, 4.0",NULL,No take multizoned,RLS,Great Barrier Reef MP
GBR - North,GBR225,Vickys Reef,-14.68689,145.44195,29/06/2010,5/11/2018,2,4,N,4.3,"4.0, 4.5",NULL,No take multizoned,RLS,Great Barrier Reef MP
GBR - North,GBR226,Loomis Reef,-14.68279,145.46565,2/07/2010,3/01/2017,2,4,O,1.5,"1.0, 2.0",NULL,No take multizoned,RLS,Great Barrier Reef MP
GBR - North,GBR227,Osprey Island,-14.66541,145.44227,20/07/2023,20/07/2023,1,2,E,5.3,"3.5, 7.0",NULL,No take multizoned,RLS,Great Barrier Reef MP
GBR - North,GBR228,Watsons Bay north,-14.65706,145.45076,15/11/2021,21/07/2023,2,4,N,4,"3.0, 5.0",NULL,No take multizoned,RLS,Great Barrier Reef MP
GBR - North,GBR229,Watsons-Turtle Reef,-14.65528,145.45049,15/11/2021,21/07/2023,2,4,N,4.4,"3.0, 3.5, 5.0, 6.0",NULL,No take multizoned,RLS,Great Barrier Reef MP
QLD inshore - South,GBR23,Pine Island1,-20.37798,148.88837,23/06/2015,13/12/2019,2,3,S,4,"2.0, 5.0",NULL,No take multizoned,RLS,Great Barrier Reef MP
GBR - North,GBR230,Turtle Beach,-14.65277,145.4505,20/07/2023,20/07/2023,1,2,NE,4.5,"4.0, 5.0",NULL,No take multizoned,RLS,Great Barrier Reef MP
GBR - North,GBR231,Cobia Hole,-14.65101,145.44851,20/07/2023,20/07/2023,1,2,NE,15.5,"15.0, 16.0",NULL,No take multizoned,RLS,Great Barrier Reef MP
GBR - North,GBR232,Mermaid Cove north,-14.6461,145.45386,22/07/2023,22/07/2023,1,2,N,4.5,"4.0, 5.0",NULL,Restricted take multizoned,RLS,Great Barrier Reef MP
GBR - North,GBR233,Mermaid Cove dropoff,-14.64588,145.45546,30/06/2010,30/06/2010,1,2,NULL,7.5,"10.0, 5.0",NULL,Restricted take multizoned,RLS,Great Barrier Reef MP
GBR - North,GBR234,Mermaid dropoff north,-14.64524,145.45471,22/07/2023,22/07/2023,1,2,SE,5.8,"4.5, 7.0",NULL,Restricted take multizoned,RLS,Great Barrier Reef MP
QLD inshore - North,GBR235,"Iris Reef Beacon, Stainer Island",-13.96303,143.83638,24/07/2013,24/07/2013,1,2,E,5.3,"5.0, 5.5",NULL,Restricted take multizoned,RLS,Great Barrier Reef MP
QLD inshore - North,GBR236,"Iris Reef, Stainer Island",-13.9568,143.8381,24/07/2013,24/07/2013,1,2,N,4.8,"4.5, 5.0",NULL,Restricted take multizoned,RLS,Great Barrier Reef MP
QLD inshore - North,GBR237,Eel Reef North,-12.40092,143.37201,28/07/2013,30/12/2016,2,4,NW,2.6,"2.0, 2.5, 3.0",NULL,Restricted take multizoned,RLS,Great Barrier Reef MP
QLD inshore - North,GBR238,Moody Reef W,-12.09593,143.25527,29/07/2013,7/11/2020,2,4,S,7.4,"10.0, 5.0, 9.5",NULL,Restricted take multizoned,RLS,Great Barrier Reef MP
QLD inshore - North,GBR239,Moody Reef NW,-12.09221,143.25496,29/07/2013,7/11/2020,2,4,S,7.5,"10.0, 5.0, 6.0, 9.0",NULL,Restricted take multizoned,RLS,Great Barrier Reef MP
GBR - South,GBR24,Hook Reef Passage,-19.81261,149.13292,24/06/2015,8/12/2020,4,8,E,5,"4.0, 5.0, 6.0",NULL,Restricted take multizoned,RLS,Great Barrier Reef MP
QLD inshore - North,GBR240,Moody Reef Beacon SW,-12.08897,143.25535,29/07/2013,6/11/2020,2,4,S,3.3,"2.0, 2.5, 3.0, 5.5",NULL,Restricted take multizoned,RLS,Great Barrier Reef MP
QLD inshore - North,GBR241,Moody Reef NW2,-12.08221,143.25496,29/07/2013,29/07/2013,1,2,S,2.3,"2.0, 2.5",NULL,Restricted take multizoned,RLS,Great Barrier Reef MP
Capricorn-Bunker,GBR243,Masthead Site 3,-23.53652,151.75731,4/12/2024,4/12/2024,1,2,N,9.3,"9.0, 9.5",NULL,Restricted take multizoned,RLS,Great Barrier Reef MP
Capricorn-Bunker,GBR244,Masthead Site 1,-23.5341,151.74968,4/12/2024,4/12/2024,1,2,E,5.5,"5.0, 6.0",NULL,Restricted take multizoned,RLS,Great Barrier Reef MP
Capricorn-Bunker,GBR245,Masthead Site 2,-23.53296,151.74516,3/10/2015,3/10/2015,1,2,SE,7.1,"7.0, 7.1",NULL,Restricted take multizoned,RLS,Great Barrier Reef MP
Capricorn-Bunker,GBR246,Erskyne Island Site 3,-23.50019,151.78232,5/10/2015,5/10/2015,1,2,SE,7.1,"7.0, 7.1",NULL,No take multizoned,RLS,Great Barrier Reef MP
Capricorn-Bunker,GBR247,Erskyne Island Site 2,-23.49845,151.7789,4/12/2024,4/12/2024,1,2,SE,5,"4.0, 6.0",NULL,No take multizoned,RLS,Great Barrier Reef MP
Capricorn-Bunker,GBR248,Erskyne Island Site 1,-23.49835,151.7747,4/12/2024,4/12/2024,1,2,E,4.3,"4.0, 4.5",NULL,No take multizoned,RLS,Great Barrier Reef MP
Capricorn-Bunker,GBR249,Broomfield Reef Site 3,-23.25738,151.94713,5/12/2024,5/12/2024,1,2,NW,8.5,"8.0, 9.0",NULL,Restricted take multizoned,RLS,Great Barrier Reef MP
GBR - South,GBR25,Hook Reef1,-19.81349,149.13617,24/06/2015,12/02/2018,4,8,E,3.8,"2.7, 3.0, 3.3, 4.0, 4.5, 5.0",NULL,Restricted take multizoned,RLS,Great Barrier Reef MP
Capricorn-Bunker,GBR250,Broomfield Reef Site 2,-23.25245,151.94545,5/10/2015,16/12/2020,3,6,SE,9,"10.0, 11.0, 8.0, 8.5",NULL,Restricted take multizoned,RLS,Great Barrier Reef MP
Capricorn-Bunker,GBR251,Broomfield Reef Site 1,-23.24957,151.94255,6/10/2015,9/03/2017,2,4,SE,8.1,"8.0, 8.1",NULL,Restricted take multizoned,RLS,Great Barrier Reef MP
Keppels,GBR252,Half Way Island West,-23.19801,150.96855,13/07/2010,11/12/2020,3,6,N,3.8,"3.0, 3.5, 4.0, 4.1",NULL,Restricted take multizoned,RLS,Great Barrier Reef MP
Keppels,GBR253,Monkey Point,-23.1957,150.93748,14/07/2010,12/12/2020,3,6,SW,3.6,"1.5, 3.5, 4.0, 4.1, 4.4",NULL,No take multizoned,RLS,Great Barrier Reef MP
Keppels,GBR254,Shelving South,-23.18833,150.93451,10/07/2010,12/12/2020,2,5,SW,2.4,"1.4, 1.5, 1.6, 3.0, 4.5",NULL,Restricted take multizoned,RLS,Great Barrier Reef MP
Keppels,GBR255,Clam Bay,-23.18769,150.9803,13/07/2010,11/12/2020,3,6,E,3.2,"3.0, 3.1, 3.2, 3.3, 3.5",NULL,No take multizoned,RLS,Great Barrier Reef MP
Keppels,GBR256,Shelving,-23.18698,150.9337,3/12/2024,3/12/2024,1,2,N,3.2,"3.0, 3.3",NULL,Restricted take multizoned,RLS,Great Barrier Reef MP
Capricorn-Bunker,GBR257,North Island Site 3,-23.1778,151.91543,7/10/2015,15/12/2020,3,6,E,6.4,"6.0, 6.1, 6.5, 8.0",NULL,No take multizoned,RLS,Great Barrier Reef MP
Capricorn-Bunker,GBR258,North Island Site 2,-23.1762,151.91215,7/10/2015,7/10/2015,1,2,E,7.1,"7.0, 7.1",NULL,No take multizoned,RLS,Great Barrier Reef MP
Capricorn-Bunker,GBR259,North Island Site 1,-23.17548,151.90863,6/10/2015,15/12/2020,3,6,E,6.5,"4.0, 7.0, 7.1",NULL,No take multizoned,RLS,Great Barrier Reef MP
GBR - South,GBR26,Bait Reef1,-19.79262,149.07111,7/08/2021,30/10/2025,5,10,W,3.6,"2.0, 3.0, 3.5, 4.0, 5.0",NULL,No take multizoned,RLS,Great Barrier Reef MP
Keppels,GBR260,Observatory East,-23.17116,150.92335,11/07/2010,12/12/2020,2,5,O,2.3,"1.3, 2.3, 2.4, 3.2",NULL,No take multizoned,RLS,Great Barrier Reef MP
Keppels,GBR261,Observatory West,-23.17081,150.92013,14/07/2010,12/12/2020,2,4,SW,3.1,"2.0, 2.5, 3.8, 4.0",NULL,No take multizoned,RLS,Great Barrier Reef MP
Keppels,GBR262,Creek Rocks,-23.16641,150.95166,12/07/2010,13/12/2020,2,5,NW,3.1,"2.1, 2.2, 3.0, 3.5, 4.5",NULL,Restricted take multizoned,RLS,Great Barrier Reef MP
Keppels,GBR263,Olive Point,-23.16335,150.92145,2/12/2024,2/12/2024,1,2,E,2.8,"2.5, 3.0",NULL,No take multizoned,RLS,Great Barrier Reef MP
Keppels,GBR264,Little Peninsula,-23.15684,150.95608,2/12/2024,2/12/2024,1,2,NW,3.5,"3.0, 4.0",NULL,Restricted take multizoned,RLS,Great Barrier Reef MP
GBR - South,GBR265,Swains SE,-22.37484,152.5451,6/12/2024,6/12/2024,1,2,N,6.5,"6.0, 7.0",NULL,Restricted take multizoned,RLS,Great Barrier Reef MP
GBR - South,GBR266,AIMS-21187S,-21.4054,151.63843,29/11/2019,29/11/2019,1,2,E,6.3,"6.0, 6.5",NULL,Restricted take multizoned,RLS,Great Barrier Reef MP
GBR - South,GBR267,AIMS-21139S1,-21.45628,151.47352,28/11/2019,28/11/2019,1,2,E,7,"6.0, 8.0",NULL,No take multizoned,RLS,Great Barrier Reef MP
GBR - South,GBR268,AIMS-21139S3,-21.45473,151.4654,28/11/2019,28/11/2019,1,2,E,4.5,"3.0, 6.0",NULL,No take multizoned,RLS,Great Barrier Reef MP
GBR - South,GBR269,Birdseye Reef,-21.07121,150.45552,27/11/2019,27/11/2019,1,2,SW,4.5,"3.0, 6.0",NULL,Restricted take multizoned,RLS,Great Barrier Reef MP
GBR - South,GBR27,Bait Reef2,-19.79517,149.07878,16/12/2024,16/12/2024,1,2,SE,4,"3.0, 5.0",NULL,No take multizoned,RLS,Great Barrier Reef MP
GBR - South,GBR270,Dustys Haven,-21.4301,151.58421,17/12/2022,17/12/2022,1,2,W,7,"6.0, 8.0",NULL,Restricted take multizoned,RLS,Great Barrier Reef MP
GBR - South,GBR271,Swains Lagoon,-21.40775,151.63504,29/11/2019,29/11/2019,1,1,E,5,5,NULL,Restricted take multizoned,RLS,Great Barrier Reef MP
GBR - South,GBR272,Swains Gullet Bommie,-21.16035,151.75494,29/11/2019,29/11/2019,1,2,NW,8,"11.0, 5.0",NULL,No take multizoned,RLS,Great Barrier Reef MP
GBR - South,GBR273,North Twin Cays,-21.21383,151.98274,30/11/2019,30/11/2019,1,2,E,10.5,"15.0, 6.0",NULL,Restricted take multizoned,RLS,Great Barrier Reef MP
GBR - South,GBR274,Swains Halfway Reef,-21.21314,152.23688,30/11/2019,30/11/2019,1,2,E,6.5,"6.0, 7.0",NULL,No take multizoned,RLS,Great Barrier Reef MP
GBR - South,GBR275,Swains Halfway Reef Lagoon,-21.21086,152.23938,30/11/2019,30/11/2019,1,2,E,7.5,"7.0, 8.0",NULL,No take multizoned,RLS,Great Barrier Reef MP
GBR - South,GBR276,Epaulette Reef,-21.1836,152.54451,1/12/2019,1/12/2019,1,2,N,8,"10.0, 6.0",NULL,Restricted take multizoned,RLS,Great Barrier Reef MP
GBR - South,GBR277,Elusive Reef Bommie,-21.12097,152.77024,1/12/2019,1/12/2019,1,2,0,8.5,"11.0, 6.0",NULL,No take multizoned,RLS,Great Barrier Reef MP
GBR - South,GBR278,Elusive Reef South West,-21.12904,152.75896,1/12/2019,1/12/2019,1,2,W,7.5,"10.0, 5.0",NULL,No take multizoned,RLS,Great Barrier Reef MP
QLD inshore - South,GBR279,Pine Island2,-20.37545,148.8864,13/12/2019,13/12/2019,1,2,N,3.5,"2.0, 5.0",NULL,No take multizoned,RLS,Great Barrier Reef MP
QLD inshore - Central,GBR28,Pelorus and Orpheus Islands West1,-18.56912,146.48232,18/01/2024,18/01/2024,1,2,N,4.7,"3.8, 5.5",NULL,No take multizoned,RLS,Great Barrier Reef MP
GBR - South,GBR280,Ella's Haven,-21.47641,151.19351,10/12/2020,18/12/2022,2,4,W,4,"3.0, 5.0",NULL,Fishing,RLS,
QLD inshore - Central,GBR281,Fitzroy Island Rubble Run,-16.93028,145.98862,21/05/2021,21/05/2021,1,1,NE,1.3,1.3,NULL,Fishing,RLS,
GBR - South,GBR282,Lizzi's Fish Soup,-21.54825,152.38885,17/12/2022,17/12/2022,1,1,S,7,7,NULL,Fishing,RLS,
GBR - South,GBR283,Swains Eastern Garden,-21.54415,152.39296,17/12/2022,17/12/2022,1,2,NE,6,"3.0, 9.0",NULL,Fishing,RLS,
GBR - South,GBR284,Turtlelicious,-21.47473,151.18997,18/12/2022,18/12/2022,1,2,N,5,"4.0, 6.0",NULL,Fishing,RLS,
Capricorn-Bunker,GBR285,Tenements 2,-23.43334,151.93175,1/06/2022,12/10/2024,2,4,E,6,"6.0, 6.1",NULL,0,RLS,0
Capricorn-Bunker,GBR286,Hole in Wall,-23.43412,151.91817,2/06/2022,12/10/2024,2,2,E,6.3,"6.0, 6.5",NULL,0,RLS,0
Capricorn-Bunker,GBR287,Westari,-23.46069,151.86333,3/06/2022,3/06/2022,1,2,E,6.8,"6.5, 7.0",NULL,Fishing,RLS,
Capricorn-Bunker,GBR288,Fourth Point,-23.43734,151.98126,4/06/2022,12/10/2024,2,3,N,9.2,"10.0, 8.5, 9.0",NULL,0,RLS,0
Capricorn-Bunker,GBR289,East Yellow 1,-23.43365,151.96452,3/06/2022,4/06/2022,1,2,N,6.3,"5.5, 7.0",NULL,Fishing,RLS,
GBR - Central,GBR29,Adelaide Reef,-17.65532,146.45682,1/07/2015,1/07/2015,1,2,NE,3.1,"3.0, 3.1",NULL,Restricted take multizoned,RLS,Great Barrier Reef MP
Capricorn-Bunker,GBR290,Heron Bombie,-23.4416,151.90495,30/05/2022,14/10/2024,2,4,N,6.8,"6.0, 7.0, 8.0",NULL,0,RLS,0
Capricorn-Bunker,GBR291,Wistari Reef 1,-23.45418,151.91081,30/05/2022,5/06/2022,1,2,N,6.8,"5.0, 8.5",NULL,Fishing,RLS,
Capricorn-Bunker,GBR292,Coral Gardens,-23.44722,151.91199,31/05/2022,5/06/2022,1,2,N,6.8,"5.0, 8.5",NULL,Fishing,RLS,
Capricorn-Bunker,GBR293,OTI01 - Far left reef,-23.49134,152.07974,4/05/2023,1/05/2025,3,3,N,1.8,"1.5, 2.0",NULL,Fishing,RLS,
Capricorn-Bunker,GBR294,OTI03 - Long reef,-23.49649,152.07037,6/05/2023,30/04/2025,3,3,E,1.5,1.5,NULL,Fishing,RLS,
Capricorn-Bunker,GBR295,OTI05 - Running man reef,-23.49456,152.07854,5/05/2023,14/05/2025,3,3,N,1.8,"1.5, 2.0",NULL,Fishing,RLS,
Capricorn-Bunker,GBR296,OTI06 - Right reef,-23.49476,152.08801,2/05/2023,26/04/2025,3,3,NE,2.5,"2.0, 2.5, 3.0",NULL,Fishing,RLS,
Capricorn-Bunker,GBR297,OTI08 - Shortie reef,-23.50011,152.07745,7/05/2023,27/04/2025,3,3,N,2,2,NULL,Fishing,RLS,
Capricorn-Bunker,GBR298,OTI10 - Bendy reef,-23.50343,152.0818,8/05/2023,29/04/2025,3,3,S,2,2,NULL,Fishing,RLS,
Capricorn-Bunker,GBR299,OTI13 - Red buoy reef,-23.50416,152.0894,1/05/2023,11/05/2025,3,3,N,1.3,"1.0, 1.5",NULL,Fishing,RLS,
Capricorn-Bunker,GBR3,Lady Musgrave West central,-23.89929,152.39361,6/06/2015,19/02/2017,2,4,N,6,"5.0, 7.0",NULL,No take,RLS,Great Barrier Reef MP
GBR - Central,GBR30,Nathan Reef Bommie1,-17.51851,146.50336,21/11/2021,21/11/2021,1,2,E,9,"12.0, 6.0",NULL,No take multizoned,RLS,Great Barrier Reef MP
Capricorn-Bunker,GBR300,OTI15 - Middle reef,-23.49997,152.0892,9/05/2023,26/04/2025,3,3,N,1.8,"1.5, 2.0",NULL,Fishing,RLS,
Capricorn-Bunker,GBR301,OTIA1 - Labyrinth,-23.49845,152.09142,2/05/2023,12/05/2025,3,3,N,1.7,"1.5, 2.0",NULL,Fishing,RLS,
Capricorn-Bunker,GBR302,OTIA2 - Far pocket,-23.48746,152.08144,4/05/2023,2/05/2025,3,3,S,2.2,"2.0, 2.5",NULL,Fishing,RLS,
Capricorn-Bunker,GBR303,OTIA7 - Alex's reef,-23.49498,152.04478,3/05/2023,17/05/2025,3,3,N,4,4,NULL,Fishing,RLS,
Coral Sea - Central,GBR304,Milln Back Reef,-16.7851,146.27088,12/07/2023,12/07/2023,1,2,S,7.5,"10.0, 5.0",NULL,Fishing,RLS,
GBR - Central,GBR305,Agincourt Reef Slope,-15.95686,145.80543,17/07/2023,5/11/2025,2,4,S,10.5,"12.0, 14.0, 8.0",NULL,Fishing,RLS,
GBR - Central,GBR306,Agincourt Bommie,-15.96559,145.82053,18/07/2023,18/07/2023,1,1,NW,15,15,NULL,Fishing,RLS,
GBR - Central,GBR307,Ribbon Reef #2,-15.5774,145.78822,18/07/2023,18/07/2023,1,2,S,7.3,"6.5, 8.0",NULL,Fishing,RLS,
GBR - Central,GBR308,Ribbon Reef #2 Anchorage,-15.57951,145.78656,18/07/2023,18/07/2023,1,2,E,6,"5.0, 7.0",NULL,Fishing,RLS,
GBR - Central,GBR309,Ribbon Reef #5 South Satellite,-15.386,145.7647,19/07/2023,19/07/2023,1,2,W,9,"12.0, 6.0",NULL,Fishing,RLS,
GBR - Central,GBR31,Nathan Reef Bommie2,-17.51991,146.50098,21/11/2021,21/11/2021,1,2,O,9.5,"12.0, 7.0",NULL,No take multizoned,RLS,Great Barrier Reef MP
GBR - Central,GBR310,Ribbon Reef #5 North Satellite,-15.33577,145.74912,19/07/2023,19/07/2023,1,2,NE,7.5,"10.0, 5.0",NULL,Fishing,RLS,
GBR - Central,GBR311,Ribbon Reef #5 North Satellite Anchorage,-15.33426,145.75058,19/07/2023,19/07/2023,1,2,E,6.5,"5.0, 8.0",NULL,Fishing,RLS,
GBR - Central,GBR312,Ribbon Reef #7,-15.22551,145.73722,19/07/2023,19/07/2023,1,2,E,5.5,"5.0, 6.0",NULL,Fishing,RLS,
GBR - North,GBR313,Eve Reef,-13.95777,144.57131,24/07/2023,24/07/2023,1,1,S,8,8,NULL,Fishing,RLS,
Capricorn-Bunker,GBR314,Centre bommie (OTIB01),-23.49655,152.07884,29/09/2023,5/05/2025,3,3,E,2,2,NULL,Fishing,RLS,
Capricorn-Bunker,GBR315,Nudibranch reef (OTIB02),-23.49322,152.08083,28/09/2023,15/05/2025,3,3,SW,2.3,"2.0, 3.0",NULL,Fishing,RLS,
Capricorn-Bunker,GBR316,The Maze (OTIB03),-23.50114,152.07854,1/10/2023,27/04/2025,3,3,E,1.8,"1.5, 2.0",NULL,Fishing,RLS,
Capricorn-Bunker,GBR317,Big bommies (OTIB04),-23.49292,152.07716,27/09/2023,6/05/2025,3,3,SW,2,2,NULL,Fishing,RLS,
Capricorn-Bunker,GBR318,Sand flats (OTIB05),-23.50278,152.07879,4/10/2023,29/04/2025,3,3,E,1.8,"1.5, 2.0",NULL,Fishing,RLS,
Capricorn-Bunker,GBR319,The gutter (OTIB06),-23.50379,152.09037,30/09/2023,16/05/2025,3,3,N,1.8,"1.5, 2.0",NULL,Fishing,RLS,
GBR - Central,GBR32,Nathan Reef,-17.52126,146.50107,21/11/2021,21/11/2021,1,2,NULL,4,"3.0, 5.0",NULL,No take multizoned,RLS,Great Barrier Reef MP
Capricorn-Bunker,GBR320,Coral tree reef (OTIB07),-23.50036,152.0626,2/10/2023,28/04/2025,3,3,N,1.8,"1.5, 2.0",NULL,Fishing,RLS,
Capricorn-Bunker,GBR321,Dog reef (OTIB08),-23.50154,152.05851,2/10/2023,20/05/2025,3,3,N,2.3,"2.0, 3.0",NULL,Fishing,RLS,
Capricorn-Bunker,GBR322,Third lagoon old (OTIB09),-23.4949,152.05146,3/10/2023,28/04/2025,3,3,E,3,3,NULL,Fishing,RLS,
Capricorn-Bunker,GBR323,Amphipod reef (OTIB10),-23.48639,152.06649,4/10/2023,18/05/2025,3,3,N,3.2,"3.0, 3.5",NULL,Fishing,RLS,
Capricorn-Bunker,GBR324,Dave's notch (OTIB11),-23.48874,152.06038,1/10/2023,17/05/2025,3,3,S,4.3,"4.0, 5.0",NULL,Fishing,RLS,
Capricorn-Bunker,GBR325,Round reef (OTIB12),-23.49803,152.05289,3/10/2023,8/05/2025,3,3,SW,2.7,"2.5, 3.0",NULL,Fishing,RLS,
Capricorn-Bunker,GBR326,Heads reef (OTIB13),-23.50028,152.05239,6/10/2023,8/05/2025,3,3,S,1.9,"1.8, 2.0",NULL,Fishing,RLS,
Capricorn-Bunker,GBR327,Pestle reef (OTIB14),-23.50342,152.06011,6/10/2023,13/05/2025,3,3,N,2,2,NULL,Fishing,RLS,
Capricorn-Bunker,GBR328,Flea reef (OTIB15),-23.49557,152.07397,10/10/2023,7/05/2025,3,3,N,2,2,NULL,Fishing,RLS,
QLD inshore - Central,GBR329,Snapper Bay Reef,-18.66003,146.51161,17/01/2024,17/01/2024,1,2,W,6.4,"6.2, 6.5",NULL,Fishing,RLS,
QLD inshore - Central,GBR33,Fitzroy Island Anchorage,-16.93323,145.98456,3/11/2025,3/11/2025,1,2,E,4,"3.0, 5.0",NULL,Restricted take multizoned,RLS,Great Barrier Reef MP
GBR - Central,GBR330,Harriet Bay,-18.65952,146.48782,22/01/2024,22/01/2024,1,1,N,1.8,1.8,NULL,Fishing,RLS,
GBR - Central,GBR331,South Pioneer Bay,-18.61233,146.4827,16/01/2024,16/01/2024,1,1,N,4.1,4.1,NULL,Fishing,RLS,
GBR - Central,GBR332,North East Point,-18.58986,146.4978,19/01/2024,19/01/2024,1,2,N,5,"3.9, 6.0",NULL,Fishing,RLS,
QLD inshore - Central,GBR34,Fitzroy Island West 1 AIMS,-16.92332,145.99627,3/11/2025,3/11/2025,1,2,W,3.5,"2.0, 5.0",NULL,Restricted take multizoned,RLS,Great Barrier Reef MP
QLD inshore - Central,GBR35,Fitzroy Island West 2 AIMS,-16.9221,145.99963,13/07/2015,13/07/2015,1,2,W,3.5,"2.0, 5.0",NULL,Restricted take multizoned,RLS,Great Barrier Reef MP
QLD inshore - Central,GBR36,Egmont Reef,-16.52168,145.53775,18/05/2015,18/05/2015,1,2,W,4.3,"4.0, 4.5",NULL,Restricted take multizoned,RLS,Great Barrier Reef MP
QLD inshore - Central,GBR37,Wentworth Reef,-16.51779,145.5258,4/11/2025,4/11/2025,1,2,N,2.5,"2.0, 3.0",NULL,Restricted take multizoned,RLS,Great Barrier Reef MP
GBR - North,GBR39,Cod Hole,-14.66452,145.6632,20/07/2015,14/11/2020,3,6,W,7,"5.0, 9.0",NULL,No take multizoned,RLS,Great Barrier Reef MP
Capricorn-Bunker,GBR4,Lady Musgrave West,-23.90507,152.38958,6/06/2015,6/06/2015,1,2,S,5.5,"5.0, 6.0",NULL,Restricted take multizoned,RLS,Great Barrier Reef MP
GBR - North,GBR40,Tydeman Reef North West,-13.97324,144.50097,24/07/2023,24/07/2023,1,2,SW,8.5,"14.0, 3.0",NULL,Restricted take multizoned,RLS,Great Barrier Reef MP
GBR - North,GBR41,Tydeman Cay anchorage,-13.97733,144.50067,24/07/2023,24/07/2023,1,2,E,4,"3.5, 4.5",NULL,Restricted take multizoned,RLS,Great Barrier Reef MP
GBR - North,GBR42,Tydeman Rf W,-13.98066,144.50024,24/07/2023,24/07/2023,1,2,W,4.3,"2.5, 6.0",NULL,Restricted take multizoned,RLS,Great Barrier Reef MP
GBR - North,GBR43,Wilson Reef SW,-13.96062,144.37804,24/07/2015,25/07/2015,1,2,N,7.8,"13.0, 2.5",NULL,Restricted take multizoned,RLS,Great Barrier Reef MP
GBR - North,GBR44,Wilson Reef Lagoon,-13.95675,144.3855,25/07/2015,26/07/2015,1,2,N,2.8,"2.5, 3.0",NULL,Restricted take multizoned,RLS,Great Barrier Reef MP
QLD inshore - North,GBR45,Forbes Island west boulders,-12.28595,143.40371,27/07/2023,27/07/2023,1,2,W,5.8,"3.5, 8.0",NULL,Restricted take multizoned,RLS,Great Barrier Reef MP
QLD inshore - North,GBR46,Forbes Island NE,-12.28241,143.41092,28/07/2023,28/07/2023,1,2,NW,6,"4.0, 8.0",NULL,Restricted take multizoned,RLS,Great Barrier Reef MP
QLD inshore - North,GBR47,Forbes Island bommie,-12.28121,143.40709,28/07/2023,28/07/2023,1,2,NW,5.5,"3.0, 8.0",NULL,Restricted take multizoned,RLS,Great Barrier Reef MP
QLD inshore - North,GBR48,Forbes Island Bommie West,-12.28091,143.40302,27/07/2023,27/07/2023,1,2,N,6.8,"4.5, 9.0",NULL,Restricted take multizoned,RLS,Great Barrier Reef MP
QLD inshore - North,GBR49,Forbes Island Isthmus Rf,-12.29055,143.40232,28/07/2023,28/07/2023,1,2,N,4,"3.5, 4.5",NULL,Restricted take multizoned,RLS,Great Barrier Reef MP
Capricorn-Bunker,GBR5,Lady Musgrave west gutter,-23.89822,152.39725,7/06/2015,7/06/2015,1,2,NE,5.5,"5.0, 6.0",NULL,No take,RLS,Great Barrier Reef MP
GBR - North,GBR53,Salamander Reef,-11.76571,143.65005,12/11/2021,9/11/2025,2,4,N,6,"5.0, 6.0, 7.0",NULL,No take multizoned,RLS,Great Barrier Reef MP
GBR - North,GBR54,Two Hour Reef,-12.16237,143.64859,15/12/2015,28/12/2016,2,4,NW,7,"6.0, 8.0",NULL,Restricted take multizoned,RLS,Great Barrier Reef MP
GBR - North,GBR55,Lagoon Reef Inner NW,-12.38375,143.76197,16/12/2015,10/12/2016,2,4,N,4.5,"4.0, 5.0",NULL,Restricted take multizoned,RLS,Great Barrier Reef MP
GBR - North,GBR56,Lagoon Reef Outer NW,-12.38175,143.75672,16/12/2015,17/10/2018,3,6,NE,4.5,"4.0, 5.0",NULL,Restricted take multizoned,RLS,Great Barrier Reef MP
GBR - North,GBR57,Lagoon Reef Inner E,-12.38391,143.772,17/12/2015,18/10/2018,3,6,NW,7,"6.0, 8.0",NULL,Restricted take multizoned,RLS,Great Barrier Reef MP
QLD inshore - North,GBR58,Burke Reef,-12.62531,143.58327,18/12/2015,9/12/2016,2,4,W,4.6,"4.0, 5.0, 5.5",NULL,Restricted take multizoned,RLS,Great Barrier Reef MP
GBR - North,GBR59,Shark Reef,-12.87385,143.8151,26/07/2023,26/07/2023,1,1,NE,16,16,NULL,Restricted take multizoned,RLS,Great Barrier Reef MP
Capricorn-Bunker,GBR6,Fairfax Island anchorage,-23.85665,152.36312,8/06/2015,8/06/2015,1,1,SE,16,16,NULL,No take,RLS,Great Barrier Reef MP
GBR - North,GBR60,Shark Reef Gardens,-12.87695,143.82034,26/07/2023,26/07/2023,1,2,E,1.5,"1.0, 2.0",NULL,Restricted take multizoned,RLS,Great Barrier Reef MP
GBR - North,GBR61,Cat Reef Bommie,-12.00363,143.83904,20/12/2015,20/12/2015,1,2,NW,6.5,"5.0, 8.0",NULL,Restricted take multizoned,RLS,Great Barrier Reef MP
GBR - North,GBR62,Crocodile Bommie,-13.8185,144.28213,25/07/2023,25/07/2023,1,2,E,3.8,"3.5, 4.0",NULL,No take multizoned,RLS,Great Barrier Reef MP
GBR - North,GBR63,Surprise Reef,-13.99527,144.68397,23/07/2023,23/07/2023,1,2,SW,4.5,"4.0, 5.0",NULL,No take multizoned,RLS,Great Barrier Reef MP
GBR - North,GBR64,Surprise Reef Paradise,-13.98947,144.67643,23/07/2023,23/07/2023,1,2,NW,3.8,"3.5, 4.0",NULL,No take multizoned,RLS,Great Barrier Reef MP
GBR - North,GBR65,Surprise Reef Rubble,-14.0108,144.71335,23/07/2023,23/07/2023,1,2,NW,5.5,"5.0, 6.0",NULL,No take multizoned,RLS,Great Barrier Reef MP
GBR - North,GBR66,Day Reef Outer,-14.49317,145.55476,24/12/2015,24/12/2015,1,2,NW,8.5,"11.0, 6.0",NULL,Restricted take multizoned,RLS,Great Barrier Reef MP
GBR - North,GBR67,Day Reef Inner,-14.51742,145.5309,15/11/2021,15/11/2021,1,2,S,6,"5.0, 7.0",NULL,No take multizoned,RLS,Great Barrier Reef MP
GBR - North,GBR68,North Direction Reef 1,-14.74355,145.51577,26/12/2015,26/12/2015,1,2,SE,5.5,"3.0, 8.0",NULL,No take multizoned,RLS,Great Barrier Reef MP
GBR - North,GBR69,North Direction Reef 2,-14.7464,145.517,26/12/2015,26/12/2015,1,2,SE,5,"3.0, 7.0",NULL,No take multizoned,RLS,Great Barrier Reef MP
Capricorn-Bunker,GBR7,Fairfax Island west,-23.85839,152.3645,8/06/2015,8/06/2015,1,2,N,3.8,"3.5, 4.0",NULL,No take,RLS,Great Barrier Reef MP
QLD inshore - Central,GBR70,Low Isles 1,-16.3835,145.571,31/12/2015,7/01/2017,2,4,NW,4.5,"3.0, 6.0",NULL,No take multizoned,RLS,Great Barrier Reef MP
QLD inshore - Central,GBR71,Low Isles 2,-16.38648,145.5726,2/01/2016,30/11/2016,1,4,N,5.5,"4.0, 7.0",NULL,No take multizoned,RLS,Great Barrier Reef MP
QLD inshore - Central,GBR72,Low Isles 3,-16.3902,145.5735,3/01/2016,30/11/2016,1,4,NW,6,"4.0, 8.0",NULL,No take multizoned,RLS,Great Barrier Reef MP
GBR - Central,GBR73,Michaelmas Reef 1,-16.5487,146.05,8/01/2016,9/01/2016,1,2,NE,7,"10.0, 4.0",NULL,No take multizoned,RLS,Great Barrier Reef MP
GBR - Central,GBR74,Michaelmas Reef 2,-16.5515,146.05402,9/01/2016,10/01/2016,1,2,E,6,"4.0, 8.0",NULL,No take multizoned,RLS,Great Barrier Reef MP
GBR - Central,GBR75,Michaelmas Reef 3,-16.55537,146.05687,10/01/2016,10/01/2016,1,2,NW,7,"10.0, 4.0",NULL,No take multizoned,RLS,Great Barrier Reef MP
GBR - South,GBR76,Bait Reef inner buoy,-19.80832,149.06582,6/08/2021,30/10/2025,4,8,S,3,"1.0, 3.0, 4.0, 9.0",NULL,No take multizoned,RLS,Great Barrier Reef MP
GBR - Central,GBR77,Chinamans Reef NW,-16.21103,145.7844,30/11/2016,16/11/2020,2,4,N,6.5,"5.0, 6.0, 7.0, 8.0",NULL,Restricted take multizoned,RLS,Great Barrier Reef MP
GBR - Central,GBR78,Chinamans Reef,-16.21338,145.7856,30/11/2016,16/11/2020,2,4,N,3.5,"3.0, 4.0",NULL,Restricted take multizoned,RLS,Great Barrier Reef MP
QLD inshore - North,GBR79,Burke Reef 2,-12.62743,143.58297,9/12/2016,9/12/2016,1,2,N,5.5,"5.0, 6.0",NULL,Restricted take multizoned,RLS,Great Barrier Reef MP
Capricorn-Bunker,GBR8,Fairfax Island north west,-23.85162,152.36769,9/06/2015,9/06/2015,1,2,NE,4.5,"4.0, 5.0",NULL,No take,RLS,Great Barrier Reef MP
QLD inshore - North,GBR80,Womer Cay,-10.79166,142.97184,23/12/2016,5/11/2020,2,4,N,4.5,"4.0, 5.0",NULL,Restricted take multizoned,RLS,Great Barrier Reef MP
QLD inshore - North,GBR81,Womer Cay anchorage,-10.79462,142.97097,23/12/2016,5/11/2020,2,4,S,8,"10.0, 6.0",NULL,Restricted take multizoned,RLS,Great Barrier Reef MP
QLD inshore - North,GBR82,Sinclair Is Sth,-11.11549,143.02101,24/12/2016,24/12/2016,1,2,N,4.5,"4.0, 5.0",NULL,No take multizoned,RLS,Great Barrier Reef MP
QLD inshore - North,GBR83,Sinclair Lagoon,-11.11333,143.01978,24/12/2016,24/12/2016,1,2,NW,1.6,"1.5, 1.6",NULL,No take multizoned,RLS,Great Barrier Reef MP
QLD inshore - North,GBR84,Sinclair Islet West,-11.10772,143.01896,24/12/2016,24/12/2016,1,2,S,5,"4.0, 6.0",NULL,No take multizoned,RLS,Great Barrier Reef MP
GBR - North,GBR85,Collette Reef,-11.23159,143.35565,25/12/2016,25/12/2016,1,2,W,3.3,"2.5, 4.0",NULL,Restricted take multizoned,RLS,Great Barrier Reef MP
GBR - North,GBR86,Collette Reef anchorage,-11.22806,143.35356,25/12/2016,25/12/2016,1,2,S,4.5,"4.0, 5.0",NULL,Restricted take multizoned,RLS,Great Barrier Reef MP
GBR - North,GBR87,Pandora Passage,-11.37218,143.98805,26/12/2016,26/12/2016,1,1,SE,31,31,NULL,No take multizoned,RLS,Great Barrier Reef MP
GBR - North,GBR88,Boxing Day test,-11.48989,143.84975,26/12/2016,26/12/2016,1,2,NE,5,"4.9, 5.0",NULL,No take multizoned,RLS,Great Barrier Reef MP
GBR - North,GBR89,Boxing Day Reef,-11.48898,143.85426,26/12/2016,26/12/2016,1,2,W,7.5,"7.0, 8.0",NULL,No take multizoned,RLS,Great Barrier Reef MP
Capricorn-Bunker,GBR9,Fairfax Island south west,-23.86093,152.36279,9/06/2015,9/06/2015,1,2,NE,4,"3.0, 5.0",NULL,No take,RLS,Great Barrier Reef MP
GBR - North,GBR90,Salamander Reef Nth,-11.76133,143.65236,12/11/2021,9/11/2025,2,4,N,4.1,"3.0, 4.0, 4.5, 5.0",NULL,No take multizoned,RLS,Great Barrier Reef MP
GBR - North,GBR91,Distant Garden,-11.98055,143.65133,27/12/2016,27/12/2016,1,2,N,6.5,"6.0, 7.0",NULL,Restricted take multizoned,RLS,Great Barrier Reef MP
GBR - North,GBR92,Garden of Eden,-12.16167,143.65236,28/12/2016,28/12/2016,1,2,N,4.5,"4.0, 5.0",NULL,Restricted take multizoned,RLS,Great Barrier Reef MP
QLD inshore - North,GBR93,Forbes Island SE,-12.29665,143.41701,30/12/2016,7/11/2020,2,4,NW,4.8,"3.5, 6.0",NULL,Restricted take multizoned,RLS,Great Barrier Reef MP
GBR - South,GBR94,Swains SE new,-22.37482,152.54288,6/12/2024,6/12/2024,1,2,N,7.8,"7.5, 8.0",NULL,Restricted take multizoned,RLS,Great Barrier Reef MP
GBR - North,GBR95,Reticulatus Reef,-13.18186,143.83723,31/12/2016,31/12/2016,1,2,S,5.3,"5.0, 5.5",NULL,Restricted take multizoned,RLS,Great Barrier Reef MP
GBR - North,GBR96,Day Reef Bommie,-14.51005,145.52432,15/11/2021,15/11/2021,1,2,S,9.5,"13.0, 6.0",NULL,No take multizoned,RLS,Great Barrier Reef MP
QLD inshore - North,GBR97,Eel Reef NW,-12.39903,143.36996,30/12/2016,30/12/2016,1,2,NW,2,"1.0, 3.0",NULL,Restricted take multizoned,RLS,Great Barrier Reef MP
GBR - Central,GBR98,Broadhurst North,-18.87268,147.71152,30/01/2017,14/10/2020,2,4,NW,6,"4.0, 8.0",NULL,Restricted take multizoned,RLS,Great Barrier Reef MP
GBR - Central,GBR99,Broadhurst Bommie,-18.87096,147.70574,30/01/2017,14/10/2020,2,4,E,8.5,"10.0, 7.0",NULL,Restricted take multizoned,RLS,Great Barrier Reef MP
Carpentaria,GC1,Lamatha Reef,-16.47914,139.2713,3/07/2010,3/07/2010,1,2,NULL,3.9,"3.8, 4.0",NULL,Fishing,RLS,
Carpentaria,GC10,Foggy Bottom,-16.06543,138.9105,13/11/2015,13/11/2015,1,1,E,17,17,NULL,Restricted take multizoned,RLS,Gulf of Carpentaria Marine Park
Carpentaria,GC11,Chinamans Reef,-15.88759,139.03468,13/11/2015,13/11/2015,1,2,E,19.3,"19.0, 19.5",NULL,Restricted take multizoned,RLS,Gulf of Carpentaria Marine Park
Carpentaria,GC12,Carpentaria Reef SW,-15.52331,140.1165,16/11/2015,16/11/2015,1,2,E,20.5,"20.0, 21.0",NULL,Restricted take multizoned,RLS,Gulf of Carpentaria Marine Park
Carpentaria,GC13,Carpentaria Reef,-15.45387,140.18198,16/11/2015,16/11/2015,1,2,N,19.5,"19.0, 20.0",NULL,Restricted take multizoned,RLS,Gulf of Carpentaria Marine Park
West Cape York,GC14,Carpentaria Shoal,-10.74245,141.0585,9/11/2021,11/11/2025,2,4,E,17.3,"17.0, 17.5",NULL,Restricted take multizoned,RLS,West Cape York AMP
West Cape York,GC15,Proudfoot Shoal,-10.52637,141.47088,22/11/2015,22/11/2015,1,2,N,6.5,"6.0, 7.0",NULL,Fishing,RLS,
West Cape York,GC16,Merkara Shoal SW,-10.50174,141.22799,11/11/2025,11/11/2025,1,2,N,11.8,"11.5, 12.0",NULL,No take ,RLS,West Cape York AMP
West Cape York,GC17,Merkara Shoal N,-10.49928,141.22807,9/11/2021,11/11/2025,2,3,NE,14.2,"11.5, 14.0, 17.0",NULL,No take ,RLS,West Cape York AMP
West Cape York,GC18,Carpentaria Shoal West,-10.7436,141.04963,9/11/2021,9/11/2021,1,1,NW,17.5,17.5,NULL,Fishing,RLS,North Marine Park Network
Carpentaria,GC2,Bowengun,-16.42055,139.4664,3/07/2010,3/07/2010,1,2,NULL,7.5,"7.0, 8.0",NULL,Fishing,RLS,
Carpentaria,GC3,Mandalbi-Bellaleea,-16.41361,139.63389,4/07/2010,4/07/2010,1,2,NULL,4.7,"4.4, 5.0",NULL,Fishing,RLS,
Carpentaria,GC4,Mandalbi-outer,-16.39255,139.62931,4/07/2010,4/07/2010,1,2,NULL,6.6,"6.4, 6.8",NULL,Fishing,RLS,
Carpentaria,GC5,Thabugan Reef South,-16.38094,139.59973,5/07/2010,5/07/2010,1,2,NULL,2.3,"2.0, 2.5",NULL,Fishing,RLS,
Carpentaria,GC6,Thabugan Reef,-16.378,139.59747,4/07/2010,4/07/2010,1,2,NULL,4.2,"3.2, 5.2",NULL,Fishing,RLS,
Carpentaria,GC7,Steves Bommie,-16.28718,139.42439,5/07/2010,14/11/2015,2,4,E,9.7,"10.0, 10.2, 9.0, 9.5",NULL,Fishing,RLS,
Carpentaria,GC8,Glasseye Reef,-16.24374,139.60221,15/11/2015,15/11/2015,1,2,E,13.3,"12.5, 14.0",NULL,Restricted take multizoned,RLS,Gulf of Carpentaria Marine Park
Carpentaria,GC9,Manowar Island,-16.23366,139.25151,5/07/2010,14/11/2015,2,4,S,5.3,"4.5, 5.0, 5.5, 6.0",NULL,Fishing,RLS,
Encounter,GSV1,Carrickalinga (toilet),-35.42445,138.31902,10/03/2021,10/03/2021,1,4,NW,5.3,"5.1, 5.2, 5.3, 5.4",NULL,Restricted take multizoned,RLS,Encounter Marine Park
Encounter,GSV100,Port Noarlunga Jetty offshore,-35.1493,138.4643,3/02/2011,19/01/2014,2,4,S,6.1,"5.0, 5.1, 7.0, 7.1",NULL,No take multizoned,RLS,Encounter Marine Park
Adelaide,GSV101,Port Stanvac Jetty deep,-35.1071,138.4695,3/09/2014,4/09/2014,1,5,S,14.8,"12.5, 15.0, 15.1, 15.5, 15.7",NULL,Fishing,RLS,
Adelaide,GSV102,Port Stanvac Jetty Shallow,-35.1092,138.469,3/09/2014,4/09/2014,1,2,S,5.1,"5.0, 5.1",NULL,Fishing,RLS,
Yorke Peninsula,GSV103,Stenhouse Bay,-35.27071,136.94597,18/06/2025,18/06/2025,1,2,SE,3.2,"3.1, 3.2",NULL,Restricted take multizoned,RLS,Southern Spencer Gulf MP
Yorke Peninsula,GSV104,Edithburgh Jetty,-35.08483,137.74957,17/06/2025,17/06/2025,1,2,NE,3.7,"3.2, 4.1",NULL,Restricted take multizoned,RLS,Lower Yorke Peninsula MP
Adelaide,GSV105,Marino Rocks,-35.0525,138.5027,23/03/2022,31/08/2022,1,4,N,5.2,"5.1, 5.2",NULL,Fishing,RLS,
Encounter,GSV106,Normanville Beach,-35.44665,138.30497,30/11/2012,20/02/2018,4,16,,2.2,"2.0, 2.1, 2.2, 2.3, 2.4",NULL,Restricted take multizoned,RLS,Encounter Marine Park
Encounter,GSV107,Olivers Reef,-35.54715,138.63821,21/06/2025,21/06/2025,1,2,NE,5.2,"5.1, 5.2",NULL,Restricted take multizoned,RLS,Encounter Marine Park
Encounter,GSV108,Granite Island,-35.56604,138.62732,4/03/2013,19/03/2020,2,12,,5.3,"5.1, 5.2, 5.3, 5.4",NULL,Restricted take multizoned,RLS,Encounter Marine Park
Adelaide,GSV109,Outer Harbor breakwater south inside,-34.78851,138.46726,7/12/2015,7/12/2015,1,4,E,6.6,"5.5, 6.5, 7.0, 7.2",NULL,Fishing,RLS,
Encounter,GSV11,Outside Granite island,-35.56754,138.63158,20/06/2025,20/06/2025,1,2,NE,5.2,"5.1, 5.2",NULL,Restricted take multizoned,RLS,Encounter Marine Park
Encounter,GSV110,Lady Bay,-35.47356,138.28116,14/02/2017,6/02/2018,2,8,N,2.2,"2.0, 2.1, 2.2, 2.3",NULL,Restricted take multizoned,RLS,Encounter Marine Park
Encounter,GSV111,Myponga,-35.37082,138.38177,14/02/2017,26/03/2020,3,12,N,5.2,"5.0, 5.1, 5.2, 5.3, 5.4",NULL,Restricted take multizoned,RLS,Encounter Marine Park
Encounter,GSV112,Noarlunga South Outside,-35.15692,138.46545,10/03/2017,17/03/2020,3,12,N,3.2,"3.0, 3.1, 3.2, 3.3, 3.4",NULL,No take multizoned,RLS,Encounter Marine Park
Encounter,GSV113,Yankalilla Mouth,-35.4655,138.29465,15/03/2017,6/02/2018,2,8,N,2.2,"2.0, 2.1, 2.2, 2.3",NULL,Restricted take multizoned,RLS,Encounter Marine Park
Encounter,GSV114,South Shores,-35.45609,138.29939,15/03/2017,20/02/2018,2,8,N,2.2,"2.0, 2.1, 2.2, 2.3",NULL,Restricted take multizoned,RLS,Encounter Marine Park
Adelaide,GSV115,Port Gawler,-34.61942,138.31052,19/03/2021,19/03/2021,1,4,E,10.3,"10.1, 10.2, 10.3, 10.4",NULL,Fishing,RLS,
Encounter,GSV116,Aldinga Pinacles,-35.26681,138.43364,15/02/2021,13/02/2022,2,8,N,8.3,"10.3, 10.4, 12.1, 12.2, 5.1, 5.2, 5.3, 5.4",NULL,No take multizoned,RLS,Encounter Marine Park
Encounter,GSV117,Cape Jervis South,-35.60447,138.0933,4/04/2017,26/03/2020,3,12,N,4.9,"4.0, 4.1, 4.2, 4.3, 5.0, 5.1, 5.2, 5.3, 5.4",NULL,Restricted take multizoned,RLS,Encounter Marine Park
Encounter,GSV118,Backstairs Deep,-35.64782,138.25917,6/04/2017,27/03/2020,3,12,E,10.2,"10.0, 10.1, 10.2, 10.3, 10.4",NULL,Restricted take multizoned,RLS,Encounter Marine Park
Encounter,GSV119,Deep Creek,-35.65469,138.24448,6/04/2017,27/03/2020,3,12,E,5.2,"5.0, 5.1, 5.2, 5.3, 5.4",NULL,Restricted take multizoned,RLS,Encounter Marine Park
Encounter,GSV12,West Island,-35.61029,138.5929,12/03/2005,8/02/2018,4,16,N,10.2,"10.0, 10.1, 10.2, 10.3, 10.4",NULL,Restricted take multizoned,RLS,Encounter Marine Park
Encounter,GSV120,Chiton Rocks,-35.5405,138.65402,14/04/2017,10/04/2018,2,8,E,5.2,"5.0, 5.1, 5.2, 5.3",NULL,Restricted take multizoned,RLS,Encounter Marine Park
Encounter,GSV121,Encounter Deep,-35.57729,138.61845,9/05/2017,18/03/2020,3,12,E,10.2,"10.0, 10.1, 10.2, 10.3, 10.4",NULL,Restricted take multizoned,RLS,Encounter Marine Park
Encounter,GSV122,Port Noarlunga North,-35.13858,138.46115,3/02/2021,3/02/2021,1,4,N,4.3,"4.1, 4.2, 4.3, 4.4",NULL,Restricted take multizoned,RLS,Encounter Marine Park
Encounter,GSV123,Carrickalinga Creek,-35.428192,138.314758,23/03/2020,23/03/2020,1,4,N,5.3,"5.1, 5.2, 5.3, 5.4",NULL,Restricted take multizoned,RLS,Encounter Marine Park
Encounter,GSV124,Horseshoe inner,-35.13793,138.46292,3/02/2021,5/09/2022,2,8,N,2.7,"2.1, 2.2, 3.1, 3.2, 3.3, 3.4",NULL,Restricted take multizoned,RLS,Encounter Marine Park
Adelaide,GSV125,Broken Bottom,-34.96335,138.48029,1/03/2021,21/04/2023,3,12,N,10.4,"10.1, 10.2, 10.3, 10.4, 11.1, 11.2",NULL,Fishing,RLS,
Adelaide,GSV126,Milkies,-34.98648,138.45401,31/08/2015,18/02/2016,2,4,E,18.1,"18.0, 18.1",NULL,Fishing,RLS,
Adelaide,GSV127,Semaphore,-34.8471,138.44595,1/03/2021,1/03/2021,1,4,N,8.3,"8.1, 8.2, 8.3, 8.4",NULL,Fishing,RLS,
Encounter,GSV128,Southport,-35.16775,138.46227,4/09/2015,23/01/2018,4,16,N,4.2,"4.0, 4.1, 4.2, 4.3",NULL,Restricted take multizoned,RLS,Encounter Marine Park
Encounter,GSV129,Willunga,-35.25666,138.4585,5/09/2015,17/02/2016,2,8,N,6.2,"6.0, 6.1, 6.2, 6.3",NULL,Restricted take multizoned,RLS,Encounter Marine Park
Encounter,GSV130,Aldinga deep,-35.2716,138.43098,10/09/2015,21/03/2016,2,12,N,10.5,"13.0, 13.1, 13.2, 13.3, 5.1, 5.2, 5.3, 5.4",NULL,No take multizoned,RLS,Encounter Marine Park
Encounter,GSV131,Horseshoe outer,-35.1394,138.45799,23/03/2022,15/05/2023,2,8,E,12.2,"12.1, 12.2, 12.3, 12.4",NULL,Restricted take multizoned,RLS,Encounter Marine Park
Adelaide,GSV132,Seacliff,-35.03997,138.49152,15/02/2021,15/02/2021,1,4,N,12.3,"12.1, 12.2, 12.3, 12.4",NULL,Fishing,RLS,
Adelaide,GSV133,Macs Reef,-34.97583,138.4514,19/09/2015,19/02/2016,2,5,E,17.1,"17.0, 17.1, 17.2",NULL,Fishing,RLS,
Adelaide,GSV134,Port Parham,-34.44449,138.19702,19/03/2021,19/03/2021,1,4,N,5.3,"5.1, 5.2, 5.3, 5.4",NULL,Restricted take multizoned,RLS,Upper Gulf St Vincent MP
Encounter,GSV135,Pt Noarlunga inside,-35.14741,138.46365,8/04/2022,31/08/2022,1,4,N,3.2,"3.1, 3.2",NULL,No take multizoned,RLS,Encounter Marine Park
Encounter,GSV136,Noarlunga North Outside,-35.14748,138.46303,25/03/2022,5/09/2022,1,4,N,5.2,"5.1, 5.2",NULL,No take multizoned,RLS,Encounter Marine Park
Adelaide,GSV137,Port Stanvac North,-35.0976,138.47749,8/04/2022,31/08/2022,1,4,N,3.2,"3.1, 3.2",NULL,Fishing,RLS,
Encounter,GSV138,Moana outside,-35.2065,138.4622,15/02/2021,1/09/2022,2,8,N,5.7,"5.1, 5.2, 5.3, 5.4, 6.1, 6.2",NULL,Restricted take multizoned,RLS,Encounter Marine Park
Adelaide,GSV139,Port Stanvac South,-35.1034,138.4742,25/03/2022,6/09/2022,1,4,N,3.2,"3.1, 3.2",NULL,Fishing,RLS,
Encounter,GSV14,Newland Head,-35.64094,138.52662,21/06/2025,21/06/2025,1,2,NE,5.2,"5.1, 5.2",NULL,Restricted take multizoned,RLS,Encounter Marine Park
Adelaide,GSV140,Hallett Cove,-35.0736,138.49429,23/03/2022,6/09/2022,1,4,N,5.2,"5.1, 5.2",NULL,Fishing,RLS,
Encounter,GSV141,Penneshaw Pub West,-35.71555,137.93411,22/03/2009,6/03/2019,2,7,N,5,"3.5, 5.0, 5.1, 5.2, 5.3, 5.6",NULL,Restricted take multizoned,RLS,Encounter Marine Park
Encounter,GSV142,Inman River mouth,-35.566276,138.62228,19/03/2020,19/03/2020,1,4,E,5.3,"5.1, 5.2, 5.3, 5.4",NULL,Restricted take multizoned,RLS,Encounter Marine Park
Encounter,GSV15,Flat Irons,-35.61781,138.55721,20/06/2025,20/06/2025,1,2,N,5.7,"5.2, 6.1",NULL,Restricted take multizoned,RLS,Encounter Marine Park
Encounter,GSV150,South Pages,-35.77521,138.29172,23/02/2007,23/02/2007,1,4,NULL,5.3,"5.1, 5.2, 5.3, 5.4",NULL,Restricted take multizoned,ATRC,Encounter Marine Park
Encounter,GSV151,Cape Coutts,-35.75872,138.06699,2/03/2007,7/02/2012,2,8,NULL,10.3,"10.1, 10.2, 10.3, 10.4",NULL,No take multizoned,ATRC,Encounter Marine Park
Encounter,GSV152,North Pages,-35.75795,138.30289,23/02/2007,23/02/2007,1,4,NULL,5.3,"5.1, 5.2, 5.3, 5.4",NULL,No take multizoned,ATRC,Encounter Marine Park
Encounter,GSV153,Penneshaw East,-35.72509,138.00006,16/03/2005,25/02/2007,3,12,NULL,10.3,"10.1, 10.2, 10.3, 10.4",NULL,Restricted take multizoned,ATRC,Encounter Marine Park
Encounter,GSV154,Rock Slide,-35.72057,137.96141,9/03/2006,28/02/2007,2,8,NULL,5.3,"5.1, 5.2, 5.3, 5.4",NULL,Restricted take multizoned,ATRC,Encounter Marine Park
Encounter,GSV155,Blowhole Beach,-35.65974,138.15997,2/03/2007,2/03/2007,1,4,NULL,5.3,"5.1, 5.2, 5.3, 5.4",NULL,Restricted take multizoned,ATRC,Encounter Marine Park
Encounter,GSV156,Loo with a View,-35.65378,138.14597,15/03/2007,15/03/2007,1,4,NULL,5.3,"5.1, 5.2, 5.3, 5.4",NULL,Restricted take multizoned,ATRC,Encounter Marine Park
Encounter,GSV157,Spaceship East,-35.64675,138.1331,15/03/2007,15/03/2007,1,4,NULL,5.3,"5.1, 5.2, 5.3, 5.4",NULL,Restricted take multizoned,ATRC,Encounter Marine Park
Encounter,GSV158,Deep Creek/Boat Harbour,-35.64086,138.27266,23/02/2007,23/02/2007,1,4,NULL,5.3,"5.1, 5.2, 5.3, 5.4",NULL,Restricted take multizoned,ATRC,Encounter Marine Park
Encounter,GSV159,Kings Head North,-35.60676,138.57594,13/03/2005,14/11/2007,2,8,NULL,5.3,"5.1, 5.2, 5.3, 5.4",NULL,Restricted take multizoned,ATRC,Encounter Marine Park
Encounter,GSV160,Kings Head,-35.60551,138.58308,12/03/2005,9/11/2007,2,8,NULL,5.3,"5.1, 5.2, 5.3, 5.4",NULL,Restricted take multizoned,ATRC,Encounter Marine Park
Encounter,GSV161,La Hacienda,-35.57859,138.11379,27/02/2013,27/02/2013,1,4,NULL,5.3,"5.1, 5.2, 5.3, 5.4",NULL,Restricted take multizoned,ATRC,Encounter Marine Park
Encounter,GSV162,"Seal Island, SA",-35.57618,138.64429,12/03/2005,14/11/2007,3,16,NULL,5.3,"5.1, 5.2, 5.3, 5.4",NULL,Restricted take multizoned,ATRC,Encounter Marine Park
Encounter,GSV163,Sunset Cove South,-35.50467,138.22923,21/12/2023,21/12/2023,1,2,NE,5.1,"5.0, 5.1",NULL,Restricted take multizoned,ATRC,Encounter Marine Park
Encounter,GSV164,Carrickalinga Beach North,-35.41037,138.32463,28/02/2013,28/02/2013,1,4,NULL,5.3,"5.1, 5.2, 5.3, 5.4",NULL,Restricted take multizoned,ATRC,Encounter Marine Park
Encounter,GSV165,Myponga Point,-35.37988,138.36069,11/03/2005,1/02/2012,4,16,NULL,5.3,"5.1, 5.2, 5.3, 5.4",NULL,No take multizoned,ATRC,Encounter Marine Park
Yorke Peninsula,GSV166,Swallowtail Bay,-35.37466,136.85843,9/02/2004,9/02/2004,1,8,NULL,7.8,"10.1, 10.2, 10.3, 10.4, 5.1, 5.2, 5.3, 5.4",NULL,Restricted take multizoned,ATRC,Southern Spencer Gulf MP
Yorke Peninsula,GSV167,South East Cove,-35.37413,136.86195,6/02/2004,7/02/2004,1,8,NULL,7.8,"10.1, 10.2, 10.3, 10.4, 5.1, 5.2, 5.3, 5.4",NULL,Restricted take multizoned,ATRC,Southern Spencer Gulf MP
Yorke Peninsula,GSV168,Boulders (East of Bay),-35.36966,136.8676,5/02/2004,8/02/2004,1,8,NULL,7.8,"10.1, 10.2, 10.3, 10.4, 5.1, 5.2, 5.3, 5.4",NULL,Restricted take multizoned,ATRC,Southern Spencer Gulf MP
Yorke Peninsula,GSV169,North East Boobs,-35.36785,136.8492,6/02/2004,6/02/2004,1,8,NULL,7.8,"10.1, 10.2, 10.3, 10.4, 5.1, 5.2, 5.3, 5.4",NULL,Restricted take multizoned,ATRC,Southern Spencer Gulf MP
Encounter,GSV17,The Bluff,-35.58887,138.60553,20/06/2025,20/06/2025,1,2,S,4.7,"4.2, 5.1",NULL,Restricted take multizoned,RLS,Encounter Marine Park
Yorke Peninsula,GSV170,North West Bay,-35.36451,136.85677,7/02/2004,7/02/2004,1,4,NULL,10.3,"10.1, 10.2, 10.3, 10.4",NULL,Restricted take multizoned,ATRC,Southern Spencer Gulf MP
Encounter,GSV171,Sellick South,-35.35784,138.42148,12/03/2016,12/03/2016,1,4,NULL,5.3,"5.1, 5.2, 5.3, 5.4",NULL,Restricted take multizoned,ATRC,Encounter Marine Park
Yorke Peninsula,GSV172,Seal Island SZ_West,-35.33815,136.9177,23/02/2013,23/02/2013,1,4,O,5.3,"5.1, 5.2, 5.3, 5.4",NULL,No take multizoned,ATRC,Southern Spencer Gulf MP
Yorke Peninsula,GSV173,Seal Island SZ_East,-35.33763,136.92104,21/02/2013,21/02/2013,1,4,NULL,5.3,"5.1, 5.2, 5.3, 5.4",NULL,No take multizoned,ATRC,Southern Spencer Gulf MP
Yorke Peninsula,GSV174,Haystack Island SW,-35.32357,136.90686,23/02/2013,23/02/2013,1,4,O,5.3,"5.1, 5.2, 5.3, 5.4",NULL,Restricted take multizoned,ATRC,Southern Spencer Gulf MP
Yorke Peninsula,GSV175,Haystack Island SE,-35.32343,136.90833,8/02/2004,8/02/2004,1,4,NULL,5.3,"5.1, 5.2, 5.3, 5.4",NULL,Restricted take multizoned,ATRC,Southern Spencer Gulf MP
Yorke Peninsula,GSV176,Haystack Island NE,-35.32085,136.90715,18/06/2025,18/06/2025,1,2,SE,5.7,"5.1, 6.2",NULL,Restricted take multizoned,ATRC,Southern Spencer Gulf MP
Yorke Peninsula,GSV177,Cape Spencer,-35.30033,136.88429,23/02/2013,23/02/2013,1,4,O,5.3,"5.1, 5.2, 5.3, 5.4",NULL,Restricted take multizoned,ATRC,Southern Spencer Gulf MP
Yorke Peninsula,GSV178,Cable Bay,-35.29367,136.89819,18/06/2025,18/06/2025,1,2,SE,5.7,"5.1, 6.2",NULL,Restricted take multizoned,ATRC,Southern Spencer Gulf MP
Yorke Peninsula,GSV179,Chinamans Hat Island SZ,-35.2887,136.91939,22/02/2013,22/02/2013,1,4,NULL,5.3,"5.1, 5.2, 5.3, 5.4",NULL,No take multizoned,ATRC,Southern Spencer Gulf MP
Encounter,GSV18,Morgans,-35.58845,138.10838,24/02/2021,19/02/2023,3,12,N,5.3,"5.1, 5.2, 5.3, 5.4",NULL,Restricted take multizoned,RLS,Encounter Marine Park
Yorke Peninsula,GSV180,Stenhouse Cliffs SZ,-35.28418,136.93308,23/02/2013,23/02/2013,1,4,NULL,5.3,"5.1, 5.2, 5.3, 5.4",NULL,No take multizoned,ATRC,Southern Spencer Gulf MP
Yorke Peninsula,GSV181,Stenhouse,-35.28049,136.94395,11/04/2006,11/04/2006,1,4,NULL,5.3,"5.1, 5.2, 5.3, 5.4",NULL,Restricted take multizoned,ATRC,Southern Spencer Gulf MP
Encounter,GSV182,Aldinga SZ3,-35.28036,138.43154,11/03/2016,11/03/2016,1,4,NULL,5.3,"5.1, 5.2, 5.3, 5.4",NULL,No take multizoned,ATRC,Encounter Marine Park
Encounter,GSV183,Aldinga SZ1,-35.26631,138.43649,11/03/2016,11/03/2016,1,4,NULL,5.3,"5.1, 5.2, 5.3, 5.4",NULL,No take multizoned,ATRC,Encounter Marine Park
Yorke Peninsula,GSV184,Marion Bay,-35.25268,136.97957,19/04/2005,10/04/2006,2,12,NULL,6.3,"6.1, 6.2, 6.3, 6.4",NULL,Restricted take multizoned,ATRC,Southern Spencer Gulf MP
Encounter,GSV185,Gull Rock,-35.2462,138.45956,13/03/2016,13/03/2016,1,4,NULL,5.3,"5.1, 5.2, 5.3, 5.4",NULL,Restricted take multizoned,ATRC,Encounter Marine Park
Yorke Peninsula,GSV186,West Cape,-35.24345,136.82542,25/04/2006,25/04/2006,1,4,NULL,5.3,"5.1, 5.2, 5.3, 5.4",NULL,Restricted take multizoned,ATRC,Southern Spencer Gulf MP
Yorke Peninsula,GSV187,Point Yorke,-35.23088,137.18814,19/06/2025,19/06/2025,1,2,SE,9.7,"11.2, 8.1",NULL,Restricted take multizoned,ATRC,Southern Spencer Gulf MP
Yorke Peninsula,GSV188,Middle Island,-35.21768,136.8322,25/04/2006,25/04/2006,1,4,NULL,5.3,"5.1, 5.2, 5.3, 5.4",NULL,Restricted take multizoned,ATRC,Southern Spencer Gulf MP
Yorke Peninsula,GSV189,Troubridge Point,-35.16955,137.67406,17/06/2025,17/06/2025,1,1,NE,7.1,7.1,NULL,Restricted take multizoned,ATRC,Lower Yorke Peninsula MP
Encounter,GSV19,Hog Point,-35.71974,137.96448,23/02/2021,23/02/2021,1,4,E,5.3,"5.1, 5.2, 5.3, 5.4",NULL,Restricted take multizoned,RLS,Encounter Marine Park
Yorke Peninsula,GSV190,Troubridge Lighthouse,-35.16912,137.63817,27/04/2006,27/04/2006,1,4,NULL,6.3,"6.1, 6.2, 6.3, 6.4",NULL,Restricted take multizoned,ATRC,Lower Yorke Peninsula MP
Yorke Peninsula,GSV191,Edithburgh,-35.08315,137.74876,17/06/2025,17/06/2025,1,2,E,5.2,"5.1, 5.2",NULL,Restricted take multizoned,ATRC,Lower Yorke Peninsula MP
Yorke Peninsula,GSV192,Port Giles,-35.02035,137.76241,13/04/2006,13/04/2006,1,4,NULL,2.3,"2.1, 2.2, 2.3, 2.4",NULL,Fishing,ATRC,
Yorke Peninsula,GSV193,McDonalds,-35.01729,137.76181,13/04/2006,13/04/2006,1,4,NULL,2.3,"2.1, 2.2, 2.3, 2.4",NULL,Fishing,ATRC,
Yorke Peninsula,GSV194,Port Julia,-34.6629,137.88554,20/04/2006,20/04/2006,1,4,NULL,2.3,"2.1, 2.2, 2.3, 2.4",NULL,Fishing,ATRC,
Yorke Peninsula,GSV195,Foul Bay South,-35.23792,137.17405,19/06/2025,19/06/2025,1,2,N,5.2,"5.1, 5.2",NULL,Fishing,ATRC,
Encounter,GSV2,Haycock Point,-35.41506,138.32132,8/03/2005,5/02/2014,6,23,S,5.8,"5.0, 5.1, 5.2, 5.3, 5.4, 6.0, 7.0, 7.1, 7.3, 8.0, 8.3",NULL,Restricted take multizoned,RLS,Encounter Marine Park
Encounter,GSV20,Snapper North,-35.74983,138.05537,22/02/2021,22/02/2021,1,4,E,5.3,"5.1, 5.2, 5.3, 5.4",NULL,No take multizoned,RLS,Encounter Marine Park
Encounter,GSV21,Cable Hut,-35.73268,138.0191,23/02/2021,23/02/2021,1,4,E,5.3,"5.1, 5.2, 5.3, 5.4",NULL,No take multizoned,RLS,Encounter Marine Park
Encounter,GSV24,Ripple Rock,-35.3841,138.35587,11/03/2021,20/02/2023,2,8,N,5.3,"5.1, 5.2, 5.3, 5.4",NULL,No take multizoned,RLS,Encounter Marine Park
Encounter,GSV25,Shag Rock Carrickalinga,-35.39933,138.33456,21/12/2023,21/12/2023,1,2,S,5.1,"5.0, 5.1",NULL,No take multizoned,RLS,Encounter Marine Park
Encounter,GSV26,2nd Valley Boat Shed,-35.50945,138.21449,20/03/2021,20/02/2024,4,18,N,5.3,"5.0, 5.1, 5.2, 5.3, 5.4, 6.0",NULL,Restricted take multizoned,RLS,Encounter Marine Park
Encounter,GSV28,Rapid Head Windmills,-35.53085,138.15289,18/03/2005,24/01/2018,6,24,N,5.6,"5.1, 5.2, 5.3, 5.4, 6.0, 6.1, 6.2, 6.3",NULL,No take multizoned,RLS,Encounter Marine Park
Encounter,GSV3,Carrickalinga Head,-35.398,138.33591,21/03/2021,18/02/2024,3,14,S,5.2,"5.0, 5.1, 5.2, 5.3, 5.4",NULL,No take multizoned,RLS,Encounter Marine Park
Encounter,GSV30,Porpoise Head,-35.66193,138.21451,23/02/2007,9/02/2018,3,12,E,5.2,"5.0, 5.1, 5.2, 5.3, 5.4",NULL,Restricted take multizoned,RLS,Encounter Marine Park
Encounter,GSV34,Nev's Windmills,-35.5526,138.12984,9/01/2021,19/02/2024,4,16,N,5.3,"5.1, 5.2, 5.3, 5.4",NULL,Restricted take multizoned,RLS,Encounter Marine Park
Encounter,GSV39,Fishery Beach,-35.63411,138.11183,22/03/2007,9/02/2018,3,12,E,5.2,"5.0, 5.1, 5.2, 5.3, 5.4",NULL,Restricted take multizoned,RLS,Encounter Marine Park
Encounter,GSV4,Rapid Head,-35.52045,138.16443,9/01/2021,18/02/2023,3,12,N,5.4,"5.1, 5.2, 5.3, 5.4, 6.3, 6.4",NULL,No take multizoned,RLS,Encounter Marine Park
Encounter,GSV40,Whalebone Reef,-35.5714,138.61166,20/06/2025,20/06/2025,1,2,SE,5.2,"5.1, 5.2",NULL,Restricted take multizoned,RLS,Encounter Marine Park
Encounter,GSV41,Rapid Head East,-35.51946,138.17719,13/12/2020,17/02/2024,4,16,N,5.4,"5.1, 5.2, 5.3, 5.4, 6.1, 6.2",NULL,Restricted take multizoned,RLS,Encounter Marine Park
Encounter,GSV42,Rapid Head SZ Site2,-35.52262,138.16309,10/03/2021,19/02/2024,3,16,N,5.3,"5.1, 5.2, 5.3, 5.4",NULL,No take multizoned,RLS,Encounter Marine Park
Encounter,GSV43,Rapid Head SZ,-35.5186,138.17102,23/03/2021,17/02/2024,3,16,N,5.3,"5.1, 5.2, 5.3, 5.4",NULL,No take multizoned,RLS,Encounter Marine Park
Encounter,GSV45,Carrickalinga North Site,-35.3777,138.36288,12/03/2021,12/03/2021,1,4,N,5.3,"5.1, 5.2, 5.3, 5.4",NULL,Restricted take multizoned,RLS,Encounter Marine Park
Encounter,GSV46,Carrickalinga North Site 2,-35.37312,138.37358,21/03/2021,18/02/2024,2,8,N,5.3,"5.1, 5.2, 5.3, 5.4",NULL,Restricted take multizoned,RLS,Encounter Marine Park
Encounter,GSV47,Carrickalinga Nth,-35.37119,138.37876,11/03/2021,11/03/2021,1,4,N,5.3,"5.1, 5.2, 5.3, 5.4",NULL,Restricted take multizoned,RLS,Encounter Marine Park
Encounter,GSV5,Rapid Head South,-35.53145,138.1519,10/03/2021,17/02/2023,3,12,S,5.3,"5.1, 5.2, 5.3, 5.4",NULL,No take multizoned,RLS,Encounter Marine Park
Encounter,GSV53,Moana inside,-35.2091,138.46429,25/03/2022,1/09/2022,1,4,N,6.2,"6.1, 6.2",NULL,Restricted take multizoned,RLS,Encounter Marine Park
Encounter,GSV55,Pancake Rock,-35.74083,138.03985,22/03/2021,22/03/2021,1,4,E,5.3,"5.1, 5.2, 5.3, 5.4",NULL,No take multizoned,RLS,Encounter Marine Park
Encounter,GSV56,The Bird,-35.75675,138.06533,22/02/2021,22/02/2021,1,4,E,5.3,"5.1, 5.2, 5.3, 5.4",NULL,No take multizoned,RLS,Encounter Marine Park
Encounter,GSV57,Grassy Knoll,-35.72388,137.98822,22/03/2021,22/03/2021,1,4,E,5.3,"5.1, 5.2, 5.3, 5.4",NULL,Restricted take multizoned,RLS,Encounter Marine Park
Encounter,GSV58,Penneshaw Pub,-35.71625,137.93897,23/02/2021,23/02/2021,1,4,E,5.3,"5.1, 5.2, 5.3, 5.4",NULL,Restricted take multizoned,RLS,Encounter Marine Park
Encounter,GSV59,Puzzle Rock,-35.7215,137.98052,22/02/2021,22/02/2021,1,4,E,5.3,"5.1, 5.2, 5.3, 5.4",NULL,Restricted take multizoned,RLS,Encounter Marine Park
Kangaroo Island,GSV60,Dashwood Bay West,-35.58627,137.37837,20/12/2023,20/12/2023,1,2,E,4.5,"4.0, 5.0",NULL,Fishing,RLS,
Kangaroo Island,GSV61,Western River West,-35.67547,136.93909,28/03/2009,28/03/2009,1,2,O,9.5,"10.0, 9.0",NULL,Restricted take multizoned,RLS,Southern Spencer Gulf MP
Kangaroo Island,GSV62,Snug_Cove_East,-35.69308,136.85916,28/03/2009,29/03/2014,2,6,E,6.3,"4.9, 5.0, 5.5, 6.0, 7.0, 9.5",NULL,Restricted take multizoned,RLS,Southern Spencer Gulf MP
Kangaroo Island,GSV63,Pissy_Boy_East,-35.68682,136.88361,29/03/2009,29/03/2009,1,2,O,8.7,"8.0, 9.4",NULL,Restricted take multizoned,RLS,Southern Spencer Gulf MP
Kangaroo Island,GSV64,Big_W,-35.68327,136.90675,19/12/2023,19/12/2023,1,2,W,7.5,"6.0, 9.0",NULL,No take multizoned,RLS,Southern Spencer Gulf MP
Kangaroo Island,GSV65,Hummocky_Point_East,-35.60394,137.24323,30/03/2009,30/03/2009,1,2,O,7.5,"10.0, 5.0",NULL,Fishing,RLS,
Kangaroo Island,GSV66,Harveys Return,-35.74523,136.64697,18/12/2023,18/12/2023,1,1,SW,6.5,6.5,NULL,No take multizoned,RLS,Western Kangaroo Island MP
Kangaroo Island,GSV67,Master Jack,-35.71291,136.77007,18/12/2023,18/12/2023,1,2,NE,7.3,"6.5, 8.0",NULL,Restricted take multizoned,RLS,Western Kangaroo Island MP
Kangaroo Island,GSV68,Castle Gully,-35.66578,137.05316,14/03/2010,14/03/2010,1,4,NULL,8,"7.5, 7.8, 8.0, 8.6",NULL,Restricted take multizoned,RLS,Southern Spencer Gulf MP
Kangaroo Island,GSV69,Snellings,-35.66249,137.07442,14/03/2010,14/03/2010,1,4,NULL,7,"12.0, 4.5, 5.0, 6.5",NULL,Restricted take multizoned,RLS,Southern Spencer Gulf MP
Encounter,GSV7,Myponga South,-35.3882,138.3492,11/03/2021,11/03/2021,1,4,N,5.3,"5.1, 5.2, 5.3, 5.4",NULL,No take multizoned,RLS,Encounter Marine Park
Kangaroo Island,GSV70,Cassini West,-35.58852,137.30119,15/03/2010,7/03/2019,3,13,W,5,"3.0, 3.5, 4.0, 4.5, 5.0, 5.1, 5.2, 5.3, 5.5, 6.0, 7.0",NULL,Fishing,RLS,
Kangaroo Island,GSV71,Shag rock,-35.58716,137.41371,20/12/2023,20/12/2023,1,2,E,5.5,"5.0, 6.0",NULL,Fishing,RLS,
Kangaroo Island,GSV72,Cassini East,-35.584,137.306,15/03/2010,15/03/2010,1,4,O,7.5,"6.5, 7.0, 7.5, 9.0",NULL,Fishing,RLS,
Kangaroo Island,GSV73,Tea Tree Ledge,-35.73856,136.69215,18/12/2023,18/12/2023,1,2,NE,8.5,"10.0, 7.0",NULL,No take multizoned,RLS,Western Kangaroo Island MP
Kangaroo Island,GSV74,Cape Torrens,-35.7239,136.71698,18/12/2023,18/12/2023,1,2,N,7.3,"6.5, 8.0",NULL,No take multizoned,RLS,Western Kangaroo Island MP
Kangaroo Island,GSV75,Cape Forbin,-35.70454,136.7803,13/03/2010,13/03/2010,1,4,NULL,7.5,"6.0, 7.7, 8.0, 8.2",NULL,Restricted take multizoned,RLS,Western Kangaroo Island MP
Kangaroo Island,GSV76,Cape Forbin South,-35.70589,136.77789,19/12/2023,19/12/2023,1,2,NE,15.5,"15.0, 16.0",NULL,Restricted take multizoned,RLS,Western Kangaroo Island MP
Kangaroo Island,GSV77,Snug Cove 2nd headland,-35.6928,136.8539,19/12/2023,19/12/2023,1,2,SE,6.8,"6.5, 7.0",NULL,Restricted take multizoned,RLS,Southern Spencer Gulf MP
Kangaroo Island,GSV78,Western River Cove,-35.67361,136.96972,14/12/2008,14/12/2008,1,2,NULL,5.5,"3.0, 8.0",NULL,Restricted take multizoned,RLS,Southern Spencer Gulf MP
Kangaroo Island,GSV79,Stokes Bay,-35.62329,137.1979,19/12/2008,19/12/2008,1,1,NULL,5.5,5.5,NULL,Fishing,RLS,
Encounter,GSV80,Point Marsden,-35.56277,137.63195,16/12/2008,5/03/2019,2,5,E,5.3,"5.0, 5.1, 5.2, 5.3, 6.0",NULL,Fishing,RLS,0
Kangaroo Island,GSV81,Kingscote jetty,-35.65538,137.64478,21/03/2009,5/03/2019,2,4,E,4.8,"3.5, 4.9, 5.1, 5.5",NULL,Restricted take multizoned,RLS,Encounter Marine Park
Encounter,GSV82,Kangaroo Head,-35.7172,137.90473,16/03/2005,6/03/2019,5,23,N,6.4,"10.1, 10.2, 10.3, 10.4, 5.0, 5.1, 5.2, 5.3, 5.4, 6.0, 7.0, 8.5",NULL,Restricted take multizoned,RLS,Encounter Marine Park
Kangaroo Island,GSV83,Stokes East,-35.61596,137.2106,23/03/2009,31/03/2014,2,8,E,6,"3.5, 4.0, 4.6, 5.7, 7.0, 7.4, 7.5, 8.0",NULL,Fishing,RLS,
Kangaroo Island,GSV84,Green Cliffs,-35.60019,137.26747,19/12/2023,19/12/2023,1,2,E,7.8,"7.5, 8.0",NULL,Fishing,RLS,
Kangaroo Island,GSV85,Cape Dutton,-35.62865,137.1436,27/03/2009,31/03/2014,2,8,E,6.2,"10.5, 4.6, 5.0, 5.4, 6.0, 6.2, 7.0",NULL,Restricted take multizoned,RLS,Southern Spencer Gulf MP
Kangaroo Island,GSV86,Stokes_Bay_West,-35.62192,137.18793,27/03/2009,7/03/2019,2,7,N,6.3,"5.0, 5.1, 5.2, 5.3, 7.0, 7.2, 9.0",NULL,Restricted take multizoned,RLS,Southern Spencer Gulf MP
Kangaroo Island,GSV87,McDonnell Hill,-35.60068,137.26501,19/12/2023,19/12/2023,1,2,NW,5.3,"5.0, 5.5",NULL,Fishing,RLS,0
Encounter,GSV9,Dodd's Beach,-35.40416,138.33043,12/03/2021,12/03/2021,1,4,N,5.3,"5.1, 5.2, 5.3, 5.4",NULL,No take multizoned,RLS,Encounter Marine Park
Kangaroo Island,GSV92,Cape D'Straing,-35.5764,137.49185,28/03/2014,28/03/2014,1,5,S,6.8,"4.8, 5.0, 7.0, 8.0, 9.0",NULL,Fishing,RLS,
Encounter,GSV93,Aldinga Reef,-35.26825,138.43202,13/02/2022,13/02/2022,1,4,N,5.3,"5.1, 5.2, 5.3, 5.4",NULL,No take multizoned,RLS,Encounter Marine Park
Encounter,GSV94,Rapid Bay Jetty,-35.51901,138.18452,21/12/2023,21/12/2023,1,1,E,9,9,NULL,Restricted take multizoned,RLS,Encounter Marine Park
Encounter,GSV95,Lasseters Reef,-35.50838,138.21873,20/03/2021,20/02/2024,4,16,N,5.3,"5.0, 5.1, 5.2, 5.3, 5.4, 6.0",NULL,Restricted take multizoned,RLS,Encounter Marine Park
Encounter,GSV96,Haycock Point inshore,-35.4186,138.323,9/02/2008,31/01/2011,2,3,NULL,3.1,"2.9, 3.0, 3.5",NULL,Restricted take multizoned,RLS,Encounter Marine Park
Encounter,GSV97,Aldinga Reef Inshore,-35.27028,138.43387,8/02/2008,2/02/2012,3,6,N,3.2,"2.5, 3.0, 3.1, 3.5, 4.0",NULL,No take multizoned,RLS,Encounter Marine Park
Adelaide,GSV98,O'Sullivan Beach Bay,-35.11686,138.46846,7/11/2009,7/11/2009,1,1,NULL,2,2,NULL,Fishing,RLS,
Encounter,GSV99,Rapid Head North,-35.51922,138.17416,18/03/2005,5/02/2014,6,21,E,5.1,"4.0, 4.5, 5.0, 5.1, 5.2, 5.3, 5.4, 6.0",NULL,Restricted take multizoned,RLS,Encounter Marine Park
Victoria - central,HMASCAN,Hmas Canberra,-38.29624,144.53236,21/01/2010,21/01/2010,1,2,NULL,19,"18.0, 20.0",NULL,Fishing,RLS,
Jervis Bay,JBMP10,Blenheim Beach,-35.08513,150.69402,2/05/2008,9/04/2021,5,11,S,4.8,"3.5, 4.0, 4.5, 5.0, 5.5, 6.0",NULL,No take multizoned,RLS,Jervis Bay Marine Park
Jervis Bay,JBMP11,Longnose Point Offshore,-35.08492,150.77471,4/08/2008,26/03/2010,2,2,NULL,13.7,"10.0, 17.3",NULL,Restricted take multizoned,RLS,Jervis Bay Marine Park
Jervis Bay,JBMP13,Tubes JB,-35.08388,150.79939,25/03/2024,25/03/2024,1,4,S,7,"5.0, 6.0, 8.0, 9.0",NULL,No take multizoned,RLS,Jervis Bay Marine Park
Jervis Bay,JBMP14,Darts Point Cove,-35.07961,150.77558,19/02/2008,19/02/2008,1,4,NULL,9.1,"14.0, 6.5, 7.0, 9.0",NULL,Restricted take multizoned,RLS,Jervis Bay Marine Park
Jervis Bay,JBMP15,Longnose Point East,-35.07954,150.77962,13/09/2009,2/04/2016,2,3,SE,7,"6.0, 9.0",NULL,Restricted take multizoned,RLS,Jervis Bay Marine Park
Jervis Bay,JBMP16,Apollo Reef,-35.07887,150.78696,20/02/2008,20/02/2008,1,5,NULL,12.2,"13.5, 14.0, 16.0, 8.5, 9.0",NULL,Restricted take multizoned,RLS,Jervis Bay Marine Park
Jervis Bay,JBMP17,Apollo Reef 2,-35.07834,150.78923,13/09/2009,13/09/2009,1,2,NULL,10.5,"12.0, 9.0",NULL,Restricted take multizoned,RLS,Jervis Bay Marine Park
Jervis Bay,JBMP19,Groper coast,-35.07594,150.77283,19/02/2008,19/02/2008,1,4,NULL,9.6,"13.0, 8.0, 8.1, 9.3",NULL,No take multizoned,RLS,Jervis Bay Marine Park
Jervis Bay,JBMP20,Plantation Point 2,-35.07156,150.7013,12/03/2008,26/03/2010,2,3,NULL,5.8,"3.0, 7.0, 7.5",NULL,Restricted take multizoned,RLS,Jervis Bay Marine Park
Jervis Bay,JBMP21,Groper Coast North,-35.07139,150.77239,15/03/2025,15/03/2025,1,2,N,5.2,"5.1, 5.2",NULL,No take multizoned,RLS,Jervis Bay Marine Park
Jervis Bay,JBMP22,Dent Rock,-35.07172,150.69007,3/04/2016,23/03/2024,2,3,NE,5.4,"5.0, 5.1, 6.0",NULL,Restricted take multizoned,RLS,Jervis Bay Marine Park
Jervis Bay,JBMP23,Honeymoon Bay,-35.0576,150.7752,4/05/2008,12/12/2009,2,2,S,4.5,"3.0, 6.0",NULL,Restricted take multizoned,RLS,Jervis Bay Marine Park
Jervis Bay,JBMP24,Drum Inlet,-35.04875,150.83738,8/05/2008,8/05/2008,1,1,NULL,12,12,NULL,Restricted take multizoned,RLS,Jervis Bay Marine Park
Jervis Bay,JBMP25,Dent Rock Deep,-35.06756,150.68239,25/02/2008,25/02/2008,1,1,NULL,6.5,6.5,NULL,Restricted take multizoned,RLS,Jervis Bay Marine Park
Jervis Bay,JBMP26,Drum & Drum Sticks,-35.04592,150.83943,24/03/2024,15/03/2025,2,5,E,12.4,"10.0, 12.0, 13.0, 18.0, 9.0",NULL,No take multizoned,RLS,Jervis Bay Marine Park
Jervis Bay,JBMP33,Summercloud Bay,-35.17375,150.68968,21/06/2009,19/11/2009,1,5,NULL,5.4,"4.0, 5.0, 6.0, 8.0",NULL,Restricted take multizoned,RLS,Jervis Bay Marine Park
Jervis Bay,JBMP34,Scottish Rocks,-35.13488,150.74251,12/02/2022,22/05/2023,2,5,N,2.5,"2.1, 2.2, 2.3, 2.4, 3.3",NULL,Restricted take multizoned,RLS,Booderee National Park
Jervis Bay,JBMP35,Dolphin Cove,-35.1311,150.76585,21/02/2008,21/02/2008,1,7,NULL,3.5,"2.9, 3.0, 3.1, 3.2, 3.5, 4.0, 5.0",NULL,Restricted take multizoned,RLS,Jervis Bay Marine Park
Jervis Bay,JBMP36,Governors Head,-35.1262,150.76592,14/05/2008,15/03/2009,2,5,NULL,13.8,"12.0, 12.1, 13.5, 15.0, 16.5",NULL,Restricted take multizoned,RLS,Jervis Bay Marine Park
Jervis Bay,JBMP37,Murrays Reef Jetty,-35.1257,150.75189,24/03/2024,24/03/2024,1,1,W,6,6,NULL,Restricted take multizoned,RLS,Booderee National Park
Jervis Bay,JBMP38,South Bowen,-35.12327,150.76978,6/05/2008,6/05/2008,1,1,NULL,13,13,NULL,No take multizoned,RLS,Jervis Bay Marine Park
Jervis Bay,JBMP40,Murrays sandliine,-35.12108,150.74914,1/11/2008,1/11/2008,1,1,NULL,12,12,NULL,Restricted take multizoned,RLS,Booderee National Park
Jervis Bay,JBMP41,White Pointer Swimthrus,-35.1177,150.77287,9/08/2008,9/08/2008,1,1,NULL,16,16,NULL,Restricted take multizoned,RLS,Jervis Bay Marine Park
Jervis Bay,JBMP42,Crack Rock,-35.11379,150.77139,28/08/2009,28/08/2009,1,1,NULL,13.5,13.5,NULL,Restricted take multizoned,RLS,Jervis Bay Marine Park
Jervis Bay,JBMP43,Nursery steps,-35.11295,150.76569,11/02/2022,14/03/2025,4,9,N,10.2,"10.0, 10.5, 12.0, 15.0, 8.0, 8.7, 8.9, 9.0",NULL,Restricted take multizoned,RLS,Booderee National Park
Jervis Bay,JBMP44,Weedy Valley,-35.11208,150.76895,11/02/2008,11/02/2008,1,1,NULL,17,17,NULL,Restricted take multizoned,RLS,Jervis Bay Marine Park
Jervis Bay,JBMP45,Not Quite Warrens Reef,-35.11152,150.76649,20/10/2008,20/10/2008,1,1,NULL,15,15,NULL,Restricted take multizoned,RLS,Jervis Bay Marine Park
Jervis Bay,JBMP46,Hyams Beach SZ,-35.10039,150.69521,25/03/2024,25/03/2024,1,1,S,8,8,NULL,No take multizoned,RLS,Jervis Bay Marine Park
Jervis Bay,JBMP47,Seal Colony,-35.0897,150.812,7/07/2008,7/07/2008,1,1,NULL,13,13,NULL,No take multizoned,RLS,Jervis Bay Marine Park
Jervis Bay,JBMP48,Moes Rock,-35.1582,150.75846,1/09/2010,1/09/2010,1,1,NW,9,9,NULL,Restricted take multizoned,RLS,Jervis Bay Marine Park
Jervis Bay,JBMP49,Bristol Point East,-35.13528,150.72897,11/04/2009,11/04/2009,1,1,W,1.5,1.5,NULL,Restricted take multizoned,RLS,Booderee National Park
Jervis Bay,JBMP50,Whistling Kite,-35.13033,150.7479,16/04/2011,16/04/2011,1,4,N,3.2,"2.2, 2.3, 3.1, 5.0",NULL,Restricted take multizoned,RLS,Booderee National Park
Jervis Bay,JBMP51,The Gap,-35.12037,150.76357,17/04/2011,17/04/2011,1,4,N,3.2,"2.2, 2.3, 3.1, 5.0",NULL,No take multizoned,RLS,Booderee National Park
Jervis Bay,JBMP52,Hyams Beach HPZ,-35.10028,150.69424,15/04/2018,28/03/2019,2,3,S,4.7,"3.0, 3.1, 8.0",NULL,Restricted take multizoned,RLS,Jervis Bay Marine Park
Jervis Bay,JBMP54,Currarong,-35.00885,150.82606,12/04/2018,26/03/2019,2,3,N,4.3,"4.0, 5.0",NULL,Restricted take multizoned,RLS,Jervis Bay Marine Park
Jervis Bay,JBMP55,St George's Point,-35.19763,150.69947,4/12/2014,4/12/2014,1,8,S,14.2,"10.0, 10.1, 10.2, 10.3, 18.0, 18.1, 18.2, 18.3",NULL,No take multizoned,RLS,Jervis Bay Marine Park
Jervis Bay,JBMP56,Steamer's Head,-35.17962,150.74783,24/11/2014,2/12/2014,1,8,N,14.2,"10.0, 10.1, 10.2, 10.3, 18.0, 18.1, 18.2, 18.3",NULL,Restricted take multizoned,RLS,Jervis Bay Marine Park
Jervis Bay,JBMP57,North Steamer's Head,-35.17555,150.74377,24/11/2014,2/12/2014,1,8,NE,14.2,"10.0, 10.1, 10.2, 10.3, 18.0, 18.1, 18.2, 18.3",NULL,Restricted take multizoned,RLS,Jervis Bay Marine Park
Jervis Bay,JBMP58,Governors Head Caves,-35.13933,150.76538,28/11/2014,4/12/2014,1,8,S,13.7,"10.0, 10.1, 10.2, 10.3, 17.0, 17.1, 17.2, 17.3",NULL,Restricted take multizoned,RLS,Jervis Bay Marine Park
Jervis Bay,JBMP59,South Lamond,-35.0586,150.84152,29/11/2014,6/12/2014,1,8,N,14.2,"10.0, 10.1, 10.2, 10.3, 18.0, 18.1, 18.3, 18.4",NULL,Restricted take multizoned,RLS,Jervis Bay Marine Park
Jervis Bay,JBMP6,Spider Cave,-35.13676,150.76428,24/03/2024,24/03/2024,1,2,S,12,"10.0, 14.0",NULL,Restricted take multizoned,RLS,Jervis Bay Marine Park
Jervis Bay,JBMP60,Heart Rock,-35.02945,150.84005,26/11/2014,3/12/2014,1,8,S,14.2,"10.0, 10.1, 10.2, 10.3, 18.0, 18.1, 18.2, 18.3",NULL,Restricted take multizoned,RLS,Jervis Bay Marine Park
Jervis Bay,JBMP61,Pyramid Rock D1,-35.02667,150.84697,29/11/2014,3/12/2014,1,8,N,13.7,"11.0, 11.1, 11.2, 11.3, 16.0, 16.1, 16.2, 16.3",NULL,Restricted take multizoned,RLS,Jervis Bay Marine Park
Jervis Bay,JBMP62,Captains Point East,-35.12293,150.71047,27/03/2010,15/04/2011,2,8,SE,5.2,"5.0, 5.1, 5.2, 5.3, 5.4",NULL,Restricted take multizoned,RLS,Booderee National Park
Jervis Bay,JBMP-S1,Captains Pt,-35.12097,150.70789,12/02/2022,15/09/2024,3,16,W,5,"4.1, 4.2, 4.3, 4.4, 5.0, 5.1, 5.2, 5.3, 5.4",NULL,Restricted take multizoned,ATRC,Booderee National Park
Jervis Bay,JBMP-S10,Longnose Point North,-35.07879,150.77982,8/05/2003,26/05/2009,7,28,NULL,5.3,"5.1, 5.2, 5.3, 5.4",NULL,Restricted take multizoned,ATRC,Jervis Bay Marine Park
Jervis Bay,JBMP-S11,Greenfield Beach Nth,-35.09058,150.69409,3/04/2016,2/04/2023,2,5,N,5.2,"5.1, 5.2, 5.3",NULL,No take multizoned,ATRC,Jervis Bay Marine Park
Jervis Bay,JBMP-S12,Dart Point East (Grouper Coast South),-35.07469,150.77344,13/02/2022,15/03/2025,2,7,S,5.2,"5.0, 5.1, 5.2, 5.3, 5.4",NULL,No take multizoned,ATRC,Jervis Bay Marine Park
Jervis Bay,JBMP-S13,Montagu Point,-35.02708,150.77568,9/05/2003,3/06/2009,7,28,NULL,5.3,"5.1, 5.2, 5.3, 5.4",NULL,No take multizoned,ATRC,Jervis Bay Marine Park
Jervis Bay,JBMP-S14,GREEN POINT (GREEN ISLAND),-35.0162,150.76486,13/02/2022,13/09/2024,3,15,W,5.2,"5.0, 5.1, 5.2, 5.3, 5.4",NULL,No take multizoned,ATRC,Jervis Bay Marine Park
Jervis Bay,JBMP-S15,Bowen Island NW,-35.11272,150.7672,11/02/2022,13/03/2025,4,24,S,6,"10.0, 10.1, 10.2, 10.3, 5.0, 5.1, 5.2, 5.3, 5.4",NULL,No take multizoned,ATRC,Booderee National Park
Jervis Bay,JBMP-S16,Bowens Island SW,-35.12113,150.76416,11/02/2022,14/03/2025,4,14,N,3.6,"2.0, 3.0, 3.1, 3.2, 3.3, 3.4, 4.0, 5.0, 5.1, 5.2",NULL,No take multizoned,ATRC,Booderee National Park
Jervis Bay,JBMP-S17,Murrays Reef,-35.12393,150.75235,7/05/2003,1/06/2009,7,28,NULL,4.3,"4.1, 4.2, 4.3, 4.4",NULL,Restricted take multizoned,ATRC,Booderee National Park
Jervis Bay,JBMP-S18,Bristol Pt,-35.13438,150.72665,5/05/2003,4/06/2009,7,28,NULL,4.3,"4.1, 4.2, 4.3, 4.4",NULL,Restricted take multizoned,ATRC,Booderee National Park
Jervis Bay,JBMP-S19,Callala,-35.00885,150.73106,3/05/2003,28/05/2009,7,28,NULL,5.3,"5.1, 5.2, 5.3, 5.4",NULL,Restricted take multizoned,ATRC,Jervis Bay Marine Park
Jervis Bay,JBMP-S2,The Docks 1 The Gulch,-35.08142,150.79732,14/02/2022,16/03/2025,3,12,NE,8.1,"10.0, 10.1, 10.2, 10.3, 5.0, 5.1, 5.2, 5.3",NULL,No take multizoned,ATRC,Jervis Bay Marine Park
Jervis Bay,JBMP-S20,Husky Caravan Park,-35.04315,150.67924,1/05/2003,4/06/2009,7,28,NULL,5.3,"5.1, 5.2, 5.3, 5.4",NULL,No take multizoned,ATRC,Jervis Bay Marine Park
Jervis Bay,JBMP-S21,Tapalla Point (Husky Reef),-35.0355,150.67966,1/05/2003,28/05/2009,7,28,NULL,5.3,"5.1, 5.2, 5.3, 5.4",NULL,No take multizoned,ATRC,Jervis Bay Marine Park
Jervis Bay,JBMP-S22,Drum and Drumstick,-35.0478,150.83995,24/03/2024,15/03/2025,2,8,E,5.2,"5.0, 5.1, 5.2, 5.3",NULL,No take multizoned,ATRC,Jervis Bay Marine Park
Jervis Bay,JBMP-S23,Drum and Drumstick North (Gumgetters),-35.04068,150.83386,8/05/2003,2/06/2009,7,28,NULL,5.3,"5.1, 5.2, 5.3, 5.4",NULL,Restricted take multizoned,ATRC,Jervis Bay Marine Park
Jervis Bay,JBMP-S24,Callala Reef West,-35.01242,150.71651,3/05/2003,28/05/2009,7,28,NULL,5.3,"5.1, 5.2, 5.3, 5.4",NULL,Restricted take multizoned,ATRC,Jervis Bay Marine Park
Jervis Bay,JBMP-S25,Plantation Point South,-35.07227,150.69913,9/05/2003,29/05/2009,7,28,NULL,5.3,"5.1, 5.2, 5.3, 5.4",NULL,Restricted take multizoned,ATRC,Jervis Bay Marine Park
Jervis Bay,JBMP-S26,Outer Tubes,-35.08773,150.79898,30/05/2003,3/06/2009,7,56,NULL,7.8,"10.1, 10.2, 10.3, 10.4, 5.1, 5.2, 5.3, 5.4",NULL,Restricted take multizoned,ATRC,Jervis Bay Marine Park
Jervis Bay,JBMP-S27,Longnose Point South,-35.08182,150.77779,2/06/2003,26/05/2009,7,28,NULL,5.3,"5.1, 5.2, 5.3, 5.4",NULL,Restricted take multizoned,ATRC,Jervis Bay Marine Park
Jervis Bay,JBMP-S3,The Docks 2 Inner Tubes,-35.07993,150.793,2/04/2016,16/03/2025,4,13,E,7.9,"10.1, 10.2, 10.3, 5.0, 5.1, 5.2, 5.3",NULL,No take multizoned,ATRC,Jervis Bay Marine Park
Jervis Bay,JBMP-S4,The Docks 3 North Black Boat Cove,-35.07768,150.79224,14/02/2022,16/03/2025,4,15,E,7.5,"10.0, 10.1, 10.2, 10.3, 5.0, 5.1, 5.2",NULL,No take multizoned,ATRC,Jervis Bay Marine Park
Jervis Bay,JBMP-S5,Honeymoon Bay 1km Sth,-35.0661,150.77299,1/04/2016,22/03/2024,3,9,S,5.2,"5.0, 5.1, 5.2, 5.3, 5.4",NULL,No take multizoned,ATRC,Jervis Bay Marine Park
Jervis Bay,JBMP-S6,Honeymoon Bay 300m South,-35.05942,150.77499,1/04/2016,13/09/2024,4,11,S,5.2,"5.0, 5.1, 5.2, 5.3, 5.4",NULL,No take multizoned,ATRC,Jervis Bay Marine Park
Jervis Bay,JBMP-S7,Honeymoon Bay 150 m North (Bindajine Point),-35.05592,150.77559,2/05/2003,3/06/2009,7,28,NULL,5.3,"5.1, 5.2, 5.3, 5.4",NULL,Restricted take multizoned,ATRC,Jervis Bay Marine Park
Jervis Bay,JBMP-S8,Plantation Point North,-35.07022,150.69838,1/05/2003,29/05/2009,7,28,NULL,5.3,"5.1, 5.2, 5.3, 5.4",NULL,Restricted take multizoned,ATRC,Jervis Bay Marine Park
Jervis Bay,JBMP-S9,Hyams Beach (Chinamans Reef),-35.09912,150.69589,10/05/2003,4/06/2009,7,28,NULL,5.3,"5.1, 5.2, 5.3, 5.4",NULL,No take multizoned,ATRC,Jervis Bay Marine Park
Jurien,JMP-S1,North Head 1,-30.23187,114.99873,23/10/2006,23/11/2009,4,16,NULL,2.3,"2.1, 2.2, 2.3, 2.4",NULL,No take multizoned,ATRC,Jurien Bay Marine Park
Jurien,JMP-S10,North Tail,-30.2645,114.975,10/10/2006,28/11/2009,4,16,NULL,6.3,"6.1, 6.2, 6.3, 6.4",NULL,Restricted take multizoned,ATRC,Jurien Bay Marine Park
Jurien,JMP-S11,Australia Lump,-30.19647,114.9886,26/10/2006,23/11/2009,4,16,NULL,4.3,"4.1, 4.2, 4.3, 4.4",NULL,Restricted take multizoned,ATRC,Jurien Bay Marine Park
Jurien,JMP-S12,Sandy Cape,-30.18137,114.99295,10/10/2006,23/11/2009,4,16,NULL,2.3,"2.1, 2.2, 2.3, 2.4",NULL,Restricted take multizoned,ATRC,Jurien Bay Marine Park
Jurien,JMP-S13,North Head Island,-30.22683,114.99352,23/10/2006,1/12/2009,4,16,NULL,4.3,"4.1, 4.2, 4.3, 4.4",NULL,No take multizoned,ATRC,Jurien Bay Marine Park
Jurien,JMP-S14,North Lumps,-30.15687,114.9955,25/10/2006,23/11/2009,4,16,NULL,2.3,"2.1, 2.2, 2.3, 2.4",NULL,Restricted take multizoned,ATRC,Jurien Bay Marine Park
Jurien,JMP-S15,Middle Lumps,-30.15678,114.96685,15/10/2006,25/11/2009,4,16,NULL,5.3,"5.1, 5.2, 5.3, 5.4",NULL,Restricted take multizoned,ATRC,Jurien Bay Marine Park
Jurien,JMP-S16,Longman Reef (off Grey),-30.66885,115.12193,17/10/2006,27/11/2009,3,12,NULL,3.3,"3.1, 3.2, 3.3, 3.4",NULL,Restricted take multizoned,ATRC,Jurien Bay Marine Park
Jurien,JMP-S17,Flat Rock,-30.75572,115.16497,16/10/2006,22/11/2009,4,16,NULL,3.3,"3.1, 3.2, 3.3, 3.4",NULL,No take multizoned,ATRC,Jurien Bay Marine Park
Jurien,JMP-S18,Flat Rock Reef,-30.75415,115.16956,16/10/2006,22/11/2009,4,16,NULL,4.3,"4.1, 4.2, 4.3, 4.4",NULL,No take multizoned,ATRC,Jurien Bay Marine Park
Jurien,JMP-S19,Gazely Reef,-30.70928,115.11806,22/10/2006,21/11/2009,4,16,NULL,4.3,"4.1, 4.2, 4.3, 4.4",NULL,Restricted take multizoned,ATRC,Jurien Bay Marine Park
Jurien,JMP-S2,Sandland Island,-30.21523,114.99207,23/10/2006,23/11/2009,4,16,NULL,5.3,"5.1, 5.2, 5.3, 5.4",NULL,No take multizoned,ATRC,Jurien Bay Marine Park
Jurien,JMP-S20,Kearn Reef,-30.72203,115.1507,22/10/2006,24/11/2009,4,16,NULL,4.3,"4.1, 4.2, 4.3, 4.4",NULL,Restricted take multizoned,ATRC,Jurien Bay Marine Park
Jurien,JMP-S21,Cavenagh Reef 2,-30.62077,115.10239,19/10/2006,27/11/2009,4,16,NULL,5.3,"5.1, 5.2, 5.3, 5.4",NULL,No take multizoned,ATRC,Jurien Bay Marine Park
Jurien,JMP-S22,Inner Seven Foot Reef,-30.58995,115.06482,20/10/2006,24/11/2009,4,16,NULL,4.3,"4.1, 4.2, 4.3, 4.4",NULL,Restricted take multizoned,ATRC,Jurien Bay Marine Park
Jurien,JMP-S23,Sams Reef,-30.48513,115.02998,27/10/2006,16/11/2009,4,16,NULL,5.3,"5.1, 5.2, 5.3, 5.4",NULL,Restricted take multizoned,ATRC,Jurien Bay Marine Park
Jurien,JMP-S24,No Name Reef,-30.43518,115.0355,12/10/2006,16/11/2009,4,16,NULL,3.3,"3.1, 3.2, 3.3, 3.4",NULL,Restricted take multizoned,ATRC,Jurien Bay Marine Park
Jurien,JMP-S25,Fishermans Island,-30.12073,114.95365,15/10/2006,20/11/2009,4,16,O,4.3,"4.1, 4.2, 4.3, 4.4",NULL,Restricted take multizoned,ATRC,Jurien Bay Marine Park
Jurien,JMP-S26,Outer Green Islands,-30.68143,115.09548,17/10/2006,22/11/2009,4,16,NULL,12.3,"12.1, 12.2, 12.3, 12.4",NULL,Restricted take multizoned,ATRC,Jurien Bay Marine Park
Jurien,JMP-S27,Cavanagh Reef,-30.6255,115.11337,22/10/2006,24/11/2009,4,16,NULL,3.3,"3.1, 3.2, 3.3, 3.4",NULL,No take multizoned,ATRC,Jurien Bay Marine Park
Jurien,JMP-S28,Outer Seven Foot Rocks,-30.58913,115.04887,26/10/2006,24/11/2009,4,16,NULL,10.3,"10.1, 10.2, 10.3, 10.4",NULL,Restricted take multizoned,ATRC,Jurien Bay Marine Park
Jurien,JMP-S29,Inshore Grey,-30.67167,115.13564,20/10/2006,27/11/2009,4,16,NULL,5.3,"5.1, 5.2, 5.3, 5.4",NULL,No take multizoned,ATRC,Jurien Bay Marine Park
Jurien,JMP-S3,"Outer Rocks, Inner Coffins",-30.42142,115.00193,20/10/2006,29/11/2009,4,16,NULL,5.3,"5.1, 5.2, 5.3, 5.4",NULL,Restricted take multizoned,ATRC,Jurien Bay Marine Park
Jurien,JMP-S30,Inshore Grey North,-30.6462,115.1239,18/10/2006,27/11/2009,4,16,NULL,2.3,"2.1, 2.2, 2.3, 2.4",NULL,Restricted take multizoned,ATRC,Jurien Bay Marine Park
Jurien,JMP-S31,Main Reef,-30.16917,114.94217,26/10/2006,25/11/2009,3,12,NULL,10.3,"10.1, 10.2, 10.3, 10.4",NULL,Restricted take multizoned,ATRC,Jurien Bay Marine Park
Jurien,JMP-S32,Offshore Hill River,-30.41333,114.98167,24/10/2006,30/11/2009,4,16,NULL,10.3,"10.1, 10.2, 10.3, 10.4",NULL,Restricted take multizoned,ATRC,Jurien Bay Marine Park
Jurien,JMP-S33,Offshore Outer Rocks,-30.44763,114.99133,24/10/2006,1/12/2009,4,16,NULL,10.3,"10.1, 10.2, 10.3, 10.4",NULL,Restricted take multizoned,ATRC,Jurien Bay Marine Park
Jurien,JMP-S34,Big Wave Reef,-30.5145,115.01366,26/10/2006,1/12/2009,4,16,NULL,10.3,"10.1, 10.2, 10.3, 10.4",NULL,Restricted take multizoned,ATRC,Jurien Bay Marine Park
Jurien,JMP-S35,Midshore Boullanger Island,-30.34667,115.004,12/10/2006,29/11/2009,4,16,NULL,2.3,"2.1, 2.2, 2.3, 2.4",NULL,No take multizoned,ATRC,Jurien Bay Marine Park
Jurien,JMP-S36,Inshore Boullanger Island,-30.3461,115.03757,9/11/2023,9/11/2023,1,4,N,5.2,"5.0, 5.1, 5.2, 5.3",NULL,No take multizoned,ATRC,Jurien Bay Marine Park
Jurien,JMP-S37,Wedge Island,-30.83113,115.19105,18/10/2006,17/11/2009,4,16,NULL,5.3,"5.1, 5.2, 5.3, 5.4",NULL,No take multizoned,ATRC,Jurien Bay Marine Park
Jurien,JMP-S38,North Wedge,-30.79918,115.18695,18/10/2006,17/11/2009,4,16,NULL,5.3,"5.1, 5.2, 5.3, 5.4",NULL,Restricted take multizoned,ATRC,Jurien Bay Marine Park
Jurien,JMP-S39,South East Green Island,-30.67822,115.106,22/10/2006,21/11/2009,3,12,NULL,3.3,"3.1, 3.2, 3.3, 3.4",NULL,No take multizoned,ATRC,Jurien Bay Marine Park
Jurien,JMP-S4,Outer Rocks (North) 2,-30.43377,114.99973,12/10/2006,16/11/2009,4,16,NULL,5.3,"5.1, 5.2, 5.3, 5.4",NULL,Restricted take multizoned,ATRC,Jurien Bay Marine Park
Jurien,JMP-S40,Offshore Target Rocks,-30.76675,115.14197,16/10/2006,17/11/2009,4,16,NULL,10.3,"10.1, 10.2, 10.3, 10.4",NULL,Restricted take multizoned,ATRC,Jurien Bay Marine Park
Jurien,JMP-S41,Offshore Outer Gazaly Reef,-30.71202,115.11322,22/10/2006,21/11/2009,4,16,NULL,10.3,"10.1, 10.2, 10.3, 10.4",NULL,Restricted take,ATRC,Jurien Bay Marine Park
Jurien,JMP-S42,Outer Seaward Ledge,-30.29043,114.96651,23/10/2006,28/11/2009,4,16,NULL,10.3,"10.1, 10.2, 10.3, 10.4",NULL,Restricted take multizoned,ATRC,Jurien Bay Marine Park
Jurien,JMP-S44,Inner Sams Reef,-30.479,115.048,1/05/2021,1/05/2021,1,4,NE,3.3,"3.1, 3.2, 3.3, 3.4",NULL,Fishing,ATRC,
Jurien,JMP-S5,Escape Island,-30.32908,114.98772,27/10/2006,29/11/2009,4,16,NULL,5.3,"5.1, 5.2, 5.3, 5.4",NULL,Restricted take multizoned,ATRC,Jurien Bay Marine Park
Jurien,JMP-S6,Inner Seaward Ledge,-30.29007,114.97248,13/10/2006,20/11/2009,4,16,NULL,5.3,"5.1, 5.2, 5.3, 5.4",NULL,Restricted take multizoned,ATRC,Jurien Bay Marine Park
Jurien,JMP-S62,Near Sandland Island,-30.21523,114.9921,11/10/2003,11/10/2003,1,4,NULL,5.3,"5.1, 5.2, 5.3, 5.4",NULL,No take multizoned,ATRC,Jurien Bay Marine Park
Jurien,JMP-S63,Essex Rock,-30.35217,115.00283,29/11/2009,29/11/2009,1,4,NULL,3.3,"3.1, 3.2, 3.3, 3.4",NULL,No take multizoned,ATRC,Jurien Bay Marine Park
Jurien,JMP-S7,Juddy Reef,-30.17125,114.9555,10/10/2006,25/11/2009,4,16,NULL,5.3,"5.1, 5.2, 5.3, 5.4",NULL,Restricted take multizoned,ATRC,Jurien Bay Marine Park
Jurien,JMP-S8,Fishermans Island 1,-30.13403,114.94891,15/10/2006,20/11/2009,4,16,NULL,3.3,"3.1, 3.2, 3.3, 3.4",NULL,No take multizoned,ATRC,Jurien Bay Marine Park
Jurien,JMP-S9,Fishermans Island 2,-30.13403,114.94891,25/10/2006,20/11/2009,4,16,NULL,3.3,"3.1, 3.2, 3.3, 3.4",NULL,No take multizoned,ATRC,Jurien Bay Marine Park
Kent Group,KG-S1,Erith Island North East,-39.44067,147.2971,23/06/2004,30/06/2009,6,32,NULL,6.5,"10.1, 10.2, 10.3, 10.4, 5.1, 5.2, 5.3, 5.4","6m_E, 5m_N, 10m_N, 11m_E",No take multizoned,ATRC,Kent Group Marine Park
Kent Group,KG-S10,Erith Island North,-39.44366,147.28526,26/06/2004,28/06/2009,6,36,NULL,6.9,"10.1, 10.2, 10.3, 10.4, 5.1, 5.2, 5.3, 5.4",NULL,No take multizoned,ATRC,Kent Group Marine Park
Kent Group,KG-S11,Deal Island (Murray Pass),-39.46125,147.31422,29/06/2004,29/06/2009,6,24,NULL,5.3,"5.1, 5.2, 5.3, 5.4",NULL,No take multizoned,ATRC,Kent Group Marine Park
Kent Group,KG-S12,"Erith Island, Murray Passage",-39.449,147.30203,23/06/2004,5/07/2008,5,32,NULL,7.1,"10.1, 10.2, 10.3, 10.4, 5.1, 5.2, 5.3, 5.4",NULL,No take multizoned,ATRC,Kent Group Marine Park
Kent Group,KG-S13,"Erith Island, Murray Passage, Eastern side of Bay opposite site 12 on Western Shore of Bay)",-39.44478,147.30122,29/06/2004,25/06/2009,6,28,NULL,7.4,"10.1, 10.2, 10.3, 10.4, 5.1, 5.2, 5.3, 5.4","6m_S, 11m_S",No take multizoned,ATRC,Kent Group Marine Park
Kent Group,KG-S14,"Deal Island (Garden Cove, mid East Shore)",-39.45399,147.32967,26/06/2004,4/07/2008,4,16,NULL,5.3,"5.1, 5.2, 5.3, 5.4",NULL,Restricted take multizoned,ATRC,Kent Group Marine Park
Kent Group,KG-S15,"Squally Cove (Karatine Bay East, mid East Coast)",-39.49295,147.34215,25/06/2004,23/06/2009,5,32,NULL,7.1,"10.1, 10.2, 10.3, 10.4, 5.1, 5.2, 5.3, 5.4","11m_N, 6m_N, 10m_N, 5m_N",Restricted take multizoned,ATRC,Kent Group Marine Park
Kent Group,KG-S16,Winter Cove inner South Shore,-39.47374,147.35158,22/06/2004,30/06/2009,6,36,NULL,6.9,"10.1, 10.2, 10.3, 10.4, 5.1, 5.2, 5.3, 5.4","6m_E, 11m_E, 5m_N, 6m_N, 10m_N, 11m_N",Restricted take multizoned,ATRC,Kent Group Marine Park
Kent Group,KG-S17,Dover Island (West Coast),-39.4653,147.28708,28/06/2005,24/06/2009,3,24,NULL,7.8,"10.1, 10.2, 10.3, 10.4, 5.1, 5.2, 5.3, 5.4","11m_N, 5m_N, 6m_N",No take multizoned,ATRC,Kent Group Marine Park
Kent Group,KG-S18,Curtis Island (South West),-39.48049,146.6454,17/06/1992,10/06/2018,8,44,NULL,7.1,"10.1, 10.2, 10.3, 10.4, 5.1, 5.2, 5.3, 5.4",NULL,Fishing,ATRC,
Kent Group,KG-S19,Curtis Island (mid South East),-39.473,146.64893,17/06/1992,10/06/2018,8,44,NULL,6.6,"10.1, 10.2, 10.3, 10.4, 5.1, 5.2, 5.3, 5.4",NULL,Fishing,ATRC,
Kent Group,KG-S2,Deal Island (Jetty Bay),-39.46937,147.31013,24/06/2004,30/06/2009,6,36,NULL,6.9,"10.1, 10.2, 10.3, 10.4, 5.1, 5.2, 5.3, 5.4",NULL,No take multizoned,ATRC,Kent Group Marine Park
Kent Group,KG-S20,Hogan Island (Tunnel Beach),-39.22592,146.97951,18/06/1992,6/06/2018,11,60,NULL,6.6,"10.1, 10.2, 10.3, 10.4, 5.1, 5.2, 5.3, 5.4",NULL,Fishing,ATRC,
Kent Group,KG-S21,Hogan Island (South Beach),-39.21917,146.99239,18/06/1992,6/06/2018,12,48,NULL,5.3,"5.1, 5.2, 5.3, 5.4",NULL,Fishing,ATRC,
Kent Group,KG-S22,East Island,-39.21384,147.02144,19/06/1992,6/06/2018,11,44,NULL,5.3,"5.1, 5.2, 5.3, 5.4",NULL,Fishing,ATRC,
Kent Group,KG-S23,Hogan Island (North Beach),-39.21515,146.99239,19/06/1992,9/06/2018,13,80,NW,7,"10.0, 10.1, 10.2, 10.3, 10.4, 5.0, 5.1, 5.2, 5.3, 5.4",NULL,Fishing,ATRC,
Kent Group,KG-S25,Hogan Island (South Beach Headland),-39.21909,146.99556,26/06/2005,9/06/2018,5,20,NULL,10.3,"10.1, 10.2, 10.3, 10.4",NULL,Fishing,ATRC,
Kent Group,KG-S3,Deal Island North East,-39.45989,147.34656,26/06/2004,14/06/2006,2,8,NULL,5.3,"5.1, 5.2, 5.3, 5.4",NULL,Restricted take multizoned,ATRC,Kent Group Marine Park
Kent Group,KG-S4,Dover Island Isthmus,-39.46457,147.29466,24/06/2004,25/06/2009,5,20,NULL,5.3,"5.1, 5.2, 5.3, 5.4","6m_N, 5m_N",No take multizoned,ATRC,Kent Group Marine Park
Kent Group,KG-S7,Karatine Bay,-39.49496,147.33054,25/06/2004,23/06/2009,6,36,NULL,6.9,"10.1, 10.2, 10.3, 10.4, 5.1, 5.2, 5.3, 5.4","6m_S, 11m_S, 6m_N, 10m_N, 11m_N, 5m_N",Restricted take multizoned,ATRC,Kent Group Marine Park
Kent Group,KG-S8,North East Island,-39.44677,147.37744,22/06/2005,29/06/2009,5,32,NULL,7.1,"10.1, 10.2, 10.3, 10.4, 5.1, 5.2, 5.3, 5.4",NULL,Restricted take multizoned,ATRC,Kent Group Marine Park
Kent Group,KG-S9,Erith Island North West,-39.44352,147.27727,23/06/2005,28/06/2009,4,16,NULL,5.3,"5.1, 5.2, 5.3, 5.4",NULL,No take multizoned,ATRC,Kent Group Marine Park
Lord Howe Island,LHI1,North Bommie,-31.52379,159.03913,18/03/2022,20/03/2024,2,4,N,12.5,"11.0, 14.0",NULL,Restricted take multizoned,RLS,Lord Howe Island Marine Park
Lord Howe Island,LHI10,Noddy Island,-31.50197,159.06513,22/03/2022,26/03/2024,2,6,E,6.5,"5.0, 5.1, 8.0, 8.1",NULL,No take multizoned,RLS,Lord Howe Island Marine Park
Lord Howe Island,LHI11,Little Slope,-31.58355,159.06596,25/03/2022,19/03/2024,2,8,N,9.5,"11.0, 14.0, 5.0, 8.0",NULL,Restricted take multizoned,RLS,Lord Howe Island Marine Park
Lord Howe Island,LHI13,Little Island,-31.57082,159.06824,17/03/2022,17/03/2022,1,2,N,8.5,"8.0, 9.0",NULL,Restricted take multizoned,RLS,Lord Howe Island Marine Park
Lord Howe Island,LHI14,Algal Hole North,-31.56235,159.06843,17/03/2022,25/03/2024,2,7,N,7.2,"5.1, 7.0, 7.1, 7.5, 8.0, 9.0",NULL,Restricted take multizoned,RLS,Lord Howe Island Marine Park
Lord Howe Island,LHI15,Algal Hole South,-31.56469,159.07015,17/03/2022,25/03/2024,2,5,S,5.4,"4.5, 5.0, 5.5, 6.0",NULL,Restricted take multizoned,RLS,Lord Howe Island Marine Park
Lord Howe Island,LHI16,Rabbit Island,-31.53915,159.05341,17/03/2022,17/03/2022,1,2,S,11.5,"10.0, 13.0",NULL,No take multizoned,RLS,Lord Howe Island Marine Park
Lord Howe Island,LHI17,North Head inside,-31.52289,159.04014,24/03/2022,20/03/2024,2,3,N,6,"4.0, 7.0",NULL,No take multizoned,RLS,Lord Howe Island Marine Park
Lord Howe Island,LHI18,Keyhole North,-31.49747,159.06767,16/03/2022,28/03/2024,2,8,NE,9.4,"10.0, 12.0, 13.0, 5.0, 7.0, 8.0",NULL,Restricted take multizoned,RLS,Lord Howe Island Marine Park
Lord Howe Island,LHI19,Sugarloaf West,-31.50414,159.06679,22/03/2022,26/03/2024,2,7,S,10.1,"11.0, 14.0, 5.0, 8.0",NULL,No take multizoned,RLS,Lord Howe Island Marine Park
Lord Howe Island,LHI2,North Bommie 2,-31.52352,159.04141,24/03/2022,20/03/2024,2,5,NNE,4.6,"4.0, 5.0, 5.1",NULL,No take multizoned,RLS,Lord Howe Island Marine Park
Lord Howe Island,LHI21,Big Slope,-31.5954,159.07875,24/03/2022,25/03/2024,2,4,NE,11.3,"10.0, 10.5, 12.0, 12.5",NULL,No take multizoned,RLS,Lord Howe Island Marine Park
Lord Howe Island,LHI22,Georges Bay,-31.56557,159.09975,24/03/2022,25/03/2024,2,4,E,8.3,"7.0, 8.0, 9.0",NULL,No take multizoned,RLS,Lord Howe Island Marine Park
Lord Howe Island,LHI23,Boat Harbour NW,-31.55782,159.09852,21/03/2022,22/03/2024,2,4,E,8.1,"7.5, 8.0, 8.5",NULL,Restricted take multizoned,RLS,Lord Howe Island Marine Park
Lord Howe Island,LHI24,Phillip Rock,-31.51721,159.0343,24/03/2022,28/03/2024,2,6,N,14.3,"10.0, 15.0, 20.0, 6.0",NULL,Restricted take multizoned,RLS,Lord Howe Island Marine Park
Lord Howe Island,LHI26,Sylphs Hole inner,-31.52032,159.05466,14/03/2022,19/03/2024,2,7,NW,2,"1.4, 1.5, 2.0, 2.1, 3.0",NULL,No take multizoned,RLS,Lord Howe Island Marine Park
Lord Howe Island,LHI27,Sylphs Hole,-31.5207,159.05458,19/03/2024,19/03/2024,1,1,W,4.1,4.1,NULL,No take multizoned,RLS,Lord Howe Island Marine Park
Lord Howe Island,LHI28,Old Gulch,-31.51293,159.0428,15/03/2022,18/03/2024,2,10,S,7.8,"10.0, 11.0, 5.0, 6.0, 6.1, 9.0",NULL,Restricted take multizoned,RLS,Lord Howe Island Marine Park
Lord Howe Island,LHI3,Erscotts Blind Passage,-31.54974,159.06295,18/03/2022,19/03/2024,2,8,N,4.5,"2.0, 3.0, 4.0, 5.0, 8.0",NULL,No take multizoned,RLS,Lord Howe Island Marine Park
Lord Howe Island,LHI30,Malabar,-31.51059,159.0556,15/03/2022,21/03/2024,2,4,S,12.5,"11.0, 14.0",NULL,No take multizoned,RLS,Lord Howe Island Marine Park
Lord Howe Island,LHI31,Wheatsheaf,-31.75636,159.23627,23/03/2022,24/03/2024,2,5,N,14.8,"12.0, 14.1, 18.0",NULL,Restricted take multizoned,RLS,Lord Howe Island Marine Park
Lord Howe Island,LHI32,Observatory,-31.75067,159.23682,23/03/2022,24/03/2024,2,4,W,16,"10.0, 22.0",NULL,No take multizoned,RLS,Lord Howe Island Marine Park
Lord Howe Island,LHI33,Signal Point,-31.52736,159.05983,13/03/2022,17/03/2024,2,4,S,0.9,"0.4, 0.5, 1.0, 1.5",NULL,Restricted take multizoned,RLS,Lord Howe Island Marine Park
Lord Howe Island,LHI34,Neds Beach Deep,-31.5134,159.06903,19/03/2022,26/03/2024,2,5,N,11.2,"10.0, 11.0, 12.0",NULL,No take multizoned,RLS,Lord Howe Island Marine Park
Lord Howe Island,LHI35,Middle Beach,-31.5231,159.07723,19/03/2022,22/03/2024,2,4,N,10.8,"10.0, 11.0, 12.0",NULL,Restricted take multizoned,RLS,Lord Howe Island Marine Park
Lord Howe Island,LHI36,Stephen's Hole,-31.53225,159.05403,20/03/2024,20/03/2024,1,3,E,2.2,"1.5, 2.1, 3.1",NULL,Restricted take multizoned,RLS,Lord Howe Island Marine Park
Lord Howe Island,LHI37,Malabar 2,-31.5113,159.05615,15/03/2022,15/03/2022,1,2,SE,10.5,"10.0, 11.0",NULL,No take multizoned,RLS,Lord Howe Island Marine Park
Lord Howe Island,LHI38,North Bay 2,-31.52113,159.04688,16/03/2022,17/03/2024,2,4,E,1.8,"1.5, 2.0",NULL,No take multizoned,RLS,Lord Howe Island Marine Park
Lord Howe Island,LHI39,Yellow Rock Slope,-31.52794,159.04575,18/03/2022,20/03/2024,2,5,S,8.3,"10.0, 7.0, 7.5",NULL,Restricted take multizoned,RLS,Lord Howe Island Marine Park
Lord Howe Island,LHI40,Horseshoe Reef,-31.54252,159.06194,14/03/2022,17/03/2024,2,4,NW,2.3,"2.0, 2.5",NULL,No take multizoned,RLS,Lord Howe Island Marine Park
Lord Howe Island,LHI41,Stephen's Hole 2,-31.5332,159.05212,5/05/2022,20/03/2024,2,5,S,2.4,"1.5, 2.0, 2.5, 3.0",NULL,Restricted take multizoned,RLS,Lord Howe Island Marine Park
Lord Howe Island,LHI43,South East Rock,-31.7875,159.28145,11/02/2010,4/03/2018,3,7,E,11.6,"12.0, 14.0, 7.0, 8.0",NULL,No take multizoned,RLS,Lord Howe Island Marine Park
Lord Howe Island,LHI45,Malabar Deep,-31.50823,159.05395,13/02/2010,27/02/2014,2,5,SW,19,"18.0, 19.0, 21.0",NULL,No take multizoned,RLS,Lord Howe Island Marine Park
Lord Howe Island,LHI46,Mutton Bird Island,-31.54218,159.10646,24/03/2022,24/03/2022,1,2,E,7.5,"7.0, 8.0",NULL,Restricted take multizoned,RLS,Lord Howe Island Marine Park
Lord Howe Island,LHI47,Neds Beach,-31.51793,159.06675,13/03/2022,23/03/2024,2,5,N,2.5,"2.0, 2.5, 3.0",NULL,No take multizoned,RLS,Lord Howe Island Marine Park
Lord Howe Island,LHI48,Malabar West,-31.51139,159.05416,15/03/2022,21/03/2024,2,6,E,13,"10.0, 10.1, 14.0, 17.0",NULL,No take multizoned,RLS,Lord Howe Island Marine Park
Lord Howe Island,LHI49,Erscotts Hole,-31.54666,159.06128,19/03/2022,20/03/2024,2,6,NE,3.2,"2.0, 2.1, 4.0, 5.0",NULL,No take multizoned,RLS,Lord Howe Island Marine Park
Lord Howe Island,LHI5,Comets Hole,-31.53908,159.06543,14/03/2022,17/03/2024,2,8,S,3.1,"2.0, 2.1, 4.0, 4.1",NULL,No take multizoned,RLS,Lord Howe Island Marine Park
Lord Howe Island,LHI50,Le Merthe Hole,-31.52979,159.05013,27/02/2012,19/02/2020,4,12,S,6.4,"10.0, 11.0, 3.0, 3.1, 4.0, 5.0, 7.0",NULL,Restricted take multizoned,RLS,Lord Howe Island Marine Park
Lord Howe Island,LHI51,Pyramid South Bommie,-31.7592,159.25679,1/03/2012,1/03/2012,1,3,NE,9.7,"10.0, 12.0, 7.0",NULL,Restricted take multizoned,RLS,Lord Howe Island Marine Park
Lord Howe Island,LHI52,Sunken Rock,-31.81209,159.2853,4/03/2018,4/03/2018,1,2,O,12.5,"10.0, 15.0",NULL,No take multizoned,RLS,Lord Howe Island Marine Park
Lord Howe Island,LHI53,Pot O' Gold,-31.52346,159.05777,21/02/2018,21/02/2018,1,1,S,2,2,NULL,Restricted take multizoned,RLS,Lord Howe Island Marine Park
Lord Howe Island,LHI54,New Gulch,-31.51492,159.03793,24/02/2016,24/02/2016,1,2,S,12.5,"10.0, 15.0",NULL,Restricted take multizoned,RLS,Lord Howe Island Marine Park
Lord Howe Island,LHI7,Erscotts Passage South,-31.55193,159.06731,17/03/2022,18/03/2024,2,10,W,5.6,"2.0, 5.0, 5.1, 6.0, 8.0, 9.0",NULL,Restricted take multizoned,RLS,Lord Howe Island Marine Park
Lord Howe Island,LHI9,Ruperts Reef,-31.49935,159.06494,21/03/2022,21/03/2024,2,6,E,12.7,"11.0, 12.0, 14.0, 14.1",NULL,No take multizoned,RLS,Lord Howe Island Marine Park
Tasmania - South East,LPN,Low Point North,-43.1259,147.69906,18/03/2021,18/03/2021,1,4,N,5.3,"5.1, 5.2, 5.3, 5.4",6m_N,Fishing,RLS,
Moreton,MBMP1,Flat Rock,-27.38898,153.55097,11/06/2023,15/06/2024,2,6,E,11.7,"10.0, 11.0, 15.0, 9.0",NULL,No take multizoned,RLS,Moreton Bay Marine Park
Moreton,MBMP10,Goat Island S.E.,-27.51784,153.38356,25/07/2010,25/07/2010,1,2,NULL,2.7,"2.0, 3.3",NULL,Restricted take multizoned,RLS,Moreton Bay Marine Park
Moreton,MBMP11,Shark Gutters,-27.39135,153.55399,19/06/2021,16/06/2024,3,8,W,10.4,"10.0, 11.0, 12.0, 8.0",NULL,Fishing,RLS,
Moreton,MBMP2,Shag Rock,-27.41351,153.52519,11/06/2023,15/06/2024,2,6,SW,6.5,"5.0, 6.0, 8.0, 9.0",NULL,Restricted take multizoned,RLS,Moreton Bay Marine Park
Moreton,MBMP4,Peel Island NE,-27.49006,153.37641,21/07/2010,21/07/2010,1,2,NULL,1.9,"1.8, 2.0",NULL,Restricted take multizoned,RLS,Moreton Bay Marine Park
Moreton,MBMP5,Amity Point,-27.40026,153.43747,9/06/2023,14/06/2024,2,2,N,8.8,"10.0, 7.5",NULL,Restricted take multizoned,RLS,Moreton Bay Marine Park
Moreton,MBMP6,Shag Rock Sth,-27.41422,153.52683,10/06/2023,16/06/2024,2,6,NE,7.3,"6.0, 7.0, 8.0, 9.0",NULL,Restricted take multizoned,RLS,Moreton Bay Marine Park
Moreton,MBMP7,Amity Point Nth,-27.39602,153.4379,9/06/2023,14/06/2024,2,4,N,6.1,"5.5, 6.0, 7.0",NULL,Restricted take multizoned,RLS,Moreton Bay Marine Park
Moreton,MBMP9,Platypus Wreck Peel Is.,-27.50058,153.37385,24/07/2010,24/07/2010,1,2,NULL,2.2,"2.1, 2.3",NULL,Restricted take multizoned,RLS,Moreton Bay Marine Park
Maria Island,MIR-S1,Darlington North,-42.57658,148.06207,10/03/2021,21/03/2024,4,16,O,5.3,"5.1, 5.2, 5.3, 5.4",6m_N,No take,ATRC,Maria Island Marine Reserve
Maria Island,MIR-S10,Green Bluff,-42.72014,148.01146,11/03/2021,22/03/2024,4,16,O,5.3,"5.1, 5.2, 5.3, 5.4",6m_N,Fishing,ATRC,
Maria Island,MIR-S11,Ile du Nord,-42.5623,148.06735,10/03/2021,21/03/2024,4,16,O,5.3,"5.1, 5.2, 5.3, 5.4",6m_N,Fishing,ATRC,Maria Island Marine Reserve
Maria Island,MIR-S12,Okehampton Bay,-42.52398,147.96925,16/03/2021,5/04/2024,4,16,O,5.3,"5.1, 5.2, 5.3, 5.4",6m_N,Fishing,ATRC,
Maria Island,MIR-S13,Point Holme Lookout,-42.55305,147.94814,12/03/2021,5/04/2024,4,16,O,5.3,"5.1, 5.2, 5.3, 5.4","6m_W, 6m_N",Fishing,ATRC,
Maria Island,MIR-S14,Spring Beach,-42.58359,147.91566,12/03/2021,5/04/2024,4,24,NE,5,"2.9, 3.8, 4.0, 4.3, 4.9, 5.0, 5.1, 5.2, 5.3, 5.4, 5.5, 6.1","6m_N, 6m_S",Fishing,ATRC,
Maria Island,MIR-S15,Rheban,-42.6258,147.93912,12/08/1992,18/05/2006,5,24,NULL,5.3,"5.1, 5.2, 5.3, 5.4",NULL,Fishing,ATRC,
Maria Island,MIR-S16,Fossil Cliffs,-42.57373,148.08046,16/03/1992,8/03/2018,6,48,NULL,7.8,"10.1, 10.2, 10.3, 10.4, 5.1, 5.2, 5.3, 5.4",NULL,Fishing,ATRC,Maria Island Marine Reserve
Maria Island,MIR-S17,Whalers Cove,-42.66368,148.11461,5/05/1992,19/06/2006,7,40,NULL,5.3,"5.1, 5.2, 5.3, 5.4",NULL,Fishing,ATRC,
Tasmania - North East ,MIR-S18,Ile des Phoques,-42.41202,148.16177,7/05/1992,20/06/2006,4,20,NULL,10.3,"10.1, 10.2, 10.3, 10.4",NULL,Fishing,ATRC,
Maria Island,MIR-S2,Painted Cliffs South (Four Mile Reef),-42.6025,148.04628,11/03/2021,4/04/2024,4,16,O,5.3,"5.1, 5.2, 5.3, 5.4","6m_N, 6m_S, 5m_S, 5m_N",No take,ATRC,Maria Island Marine Reserve
Maria Island,MIR-S3,Painted Cliffs,-42.59211,148.05035,11/03/2021,21/03/2024,4,16,O,5.3,"5.1, 5.2, 5.3, 5.4","6m_S, 6m_N",No take,ATRC,Maria Island Marine Reserve
Maria Island,MIR-S5,Return Point,-42.62899,148.02431,16/03/2021,22/03/2024,4,16,O,5.3,"5.1, 5.2, 5.3, 5.4","6m_N, 6m_S, 5m_N",No take,ATRC,Maria Island Marine Reserve
Maria Island,MIR-S7,Magistrates Point North,-42.58268,148.0546,16/03/2021,4/04/2024,4,16,O,5.3,"5.1, 5.2, 5.3, 5.4",6m_N,No take,ATRC,Maria Island Marine Reserve
Maria Island,MIR-S8,Magistrates Point South,-42.58626,148.0519,10/03/2021,4/04/2024,4,16,O,5.3,"5.1, 5.2, 5.3, 5.4",6m_N,No take,ATRC,Maria Island Marine Reserve
Maria Island,MIR-S9,Point Leseuer,-42.66082,148.00697,11/03/2021,22/03/2024,4,16,O,5.3,"5.1, 5.2, 5.3, 5.4",6m_N,Fishing,ATRC,
Marmion,MMP01,Whitford's Rock,-31.80031,115.7175,14/06/2015,14/06/2015,1,3,NE,3.9,"3.5, 4.0, 4.1",NULL,Restricted take multizoned,RLS,Marmion Marine Park
Marmion,MMP02S,The Lumps South Start,-31.79107,115.71589,14/06/2015,14/06/2015,1,4,E,5.4,"4.5, 5.0, 5.5, 6.5",NULL,No take multizoned,RLS,Marmion Marine Park
Marmion,MMP03F,The Lumps North finish,-31.78702,115.71392,13/06/2015,13/06/2015,1,4,NE,6.1,"5.5, 6.0, 6.4, 6.5",NULL,No take multizoned,RLS,Marmion Marine Park
Phillip Island,MP-S1,Nobbies North,-38.51755,145.10992,12/09/1999,18/06/2005,6,28,NULL,6.3,"6.1, 6.2, 6.3, 6.4",NULL,Fishing,ATRC,
Phillip Island,MP-S2,Pyramid Rock West,-38.52553,145.21198,12/09/1999,18/06/2005,6,28,NULL,6.3,"6.1, 6.2, 6.3, 6.4",NULL,Fishing,ATRC,
Phillip Island,MP-S3,Pyramid Rock North,-38.52877,145.22278,9/09/1999,18/06/2005,6,28,NULL,4.3,"4.1, 4.2, 4.3, 4.4",NULL,Fishing,ATRC,
Phillip Island,MP-S4,Washing Machine,-38.55878,145.34083,11/09/1999,19/06/2005,6,28,NULL,6.3,"6.1, 6.2, 6.3, 6.4",NULL,Fishing,ATRC,
Phillip Island,MP-S5,Cape Woolamai Mid,-38.56658,145.35864,11/09/1999,19/06/2005,6,28,NULL,6.3,"6.1, 6.2, 6.3, 6.4",NULL,Fishing,ATRC,
Phillip Island,MP-S6,Cape Woolamai East,-38.56506,145.36169,9/09/1999,19/06/2005,6,32,NULL,4.3,"4.1, 4.2, 4.3, 4.4",NULL,Fishing,ATRC,
SA - Western,MUR1,D'Entrecasteaux Reef,-31.97171,131.92954,13/12/2023,13/12/2023,1,2,E,7.5,"7.0, 8.0",NULL,Fishing,RLS,
SA - Western,MUR18,Evans Slide,-32.37349,133.48518,18/03/2015,18/03/2015,1,4,E,5.2,"5.0, 5.1, 5.2, 5.3",NULL,Restricted take multizoned,RLS,Nuyts Archipelago MP
SA - Western,MUR19,Masillon Island,-32.55656,133.29399,19/03/2015,19/03/2015,1,4,E,5.2,"5.0, 5.1, 5.2, 5.3",NULL,No take multizoned,RLS,Nuyts Archipelago MP
SA - Western,MUR2,Lacy Island,-32.39337,133.37686,1/03/2009,19/03/2015,2,12,E,6.9,"10.1, 10.2, 10.3, 10.4, 5.0, 5.1, 5.2, 5.3, 5.4",NULL,Restricted take multizoned,RLS,Nuyts Archipelago MP
SA - Western,MUR20,Lacy Boulders,-32.39264,133.38031,19/03/2015,19/03/2015,1,4,E,5.2,"5.0, 5.1, 5.2, 5.3",NULL,Restricted take multizoned,RLS,Nuyts Archipelago MP
SA - Western,MUR21,East Bay,-32.50282,133.30886,14/12/2023,14/12/2023,1,2,E,5.1,"5.0, 5.1",NULL,No take multizoned,RLS,Nuyts Archipelago MP
SA - Western,MUR22,Hat North,-32.51986,133.30355,14/12/2023,14/12/2023,1,2,E,5.1,"5.0, 5.1",NULL,No take multizoned,RLS,Nuyts Archipelago MP
SA - Western,MUR23,Egg Beater,-32.47043,133.3192,21/03/2015,21/03/2015,1,4,E,5.2,"5.0, 5.1, 5.2, 5.3",NULL,Restricted take multizoned,RLS,Nuyts Archipelago MP
SA - Western,MUR30,St Francis Island South East Point (Hat),-32.52117,133.30316,7/03/2009,7/03/2009,1,4,NULL,5.3,"5.1, 5.2, 5.3, 5.4",NULL,No take multizoned,RLS,Nuyts Archipelago MP
SA - Western,MUR31,St Francis Island North Point Outer (Sea Cave),-32.494,133.282,14/12/2023,14/12/2023,1,2,NE,9.5,"10.0, 9.0",NULL,No take multizoned,RLS,Nuyts Archipelago MP
SA - Western,MUR32,Freeling Island North West,-32.481,133.34267,7/03/2009,7/03/2009,1,4,NULL,5.3,"5.1, 5.2, 5.3, 5.4",NULL,Restricted take multizoned,RLS,Nuyts Archipelago MP
SA - Western,MUR33,West Franklin Island North West,-32.45033,133.63184,8/03/2009,8/03/2009,1,8,NULL,7.8,"10.1, 10.2, 10.3, 10.4, 5.1, 5.2, 5.3, 5.4",NULL,Restricted take multizoned,RLS,Nuyts Archipelago MP
SA - Western,MUR34,East Franklin Island North East,-32.43518,133.67033,8/03/2009,8/03/2009,1,4,NULL,5.3,"5.1, 5.2, 5.3, 5.4",NULL,Restricted take multizoned,RLS,Nuyts Archipelago MP
SA - Western,MUR35,Breakwater Reef,-32.31493,133.52983,28/02/2009,28/02/2009,1,4,NULL,10.3,"10.1, 10.2, 10.3, 10.4",NULL,Restricted take multizoned,RLS,Nuyts Archipelago MP
SA - Western,MUR4,Petrel Cove East,-32.50108,133.30275,14/12/2023,14/12/2023,1,2,NE,7.5,"10.0, 5.0",NULL,No take multizoned,RLS,Nuyts Archipelago MP
SA - Western,MUR5,St Francis Inside North Point,-32.49329,133.28847,14/12/2023,14/12/2023,1,2,NE,5.1,"5.0, 5.1",NULL,No take multizoned,RLS,Nuyts Archipelago MP
SA - Western,MUR6,Evans Island,-32.36858,133.48117,6/03/2009,18/03/2015,2,12,NE,6.9,"10.1, 10.2, 10.3, 10.4, 5.0, 5.1, 5.2, 5.3, 5.4",NULL,Restricted take multizoned,RLS,Nuyts Archipelago MP
Ngari Capes,NCMP-S1,"Cape Naturalist East, 10m",-33.52754,115.00908,29/10/2007,20/11/2018,4,16,N,10.3,"10.1, 10.2, 10.3, 10.4",NULL,No take multizoned,ATRC,Ngari Capes Marine Park
Ngari Capes,NCMP-S10,Cape Leeuwin,-34.37749,115.12692,1/11/2007,24/11/2018,4,16,N,10.3,"10.1, 10.2, 10.3, 10.4",NULL,No take multizoned,ATRC,Ngari Capes Marine Park
Ngari Capes,NCMP-S11,Cape Leeuwin Inshore,-34.37373,115.13325,1/11/2007,24/11/2018,4,16,N,5.3,"5.1, 5.2, 5.3, 5.4",NULL,No take multizoned,ATRC,Ngari Capes Marine Park
Ngari Capes,NCMP-S12,Seal Isle West,-34.38063,115.15519,1/11/2007,24/11/2018,4,16,N,5.3,"5.1, 5.2, 5.3, 5.4",NULL,Restricted take multizoned,ATRC,Ngari Capes Marine Park
Ngari Capes,NCMP-S13,Cosy Corner,-34.26227,115.02475,2/11/2007,26/11/2018,4,16,N,9.3,"9.1, 9.2, 9.3, 9.4",NULL,No take multizoned,ATRC,Ngari Capes Marine Park
Ngari Capes,NCMP-S14,Cosy Corner Outer,-34.26314,115.0233,27/11/2023,27/11/2023,1,2,NE,5.2,"5.1, 5.2",NULL,No take multizoned,ATRC,Ngari Capes Marine Park
Ngari Capes,NCMP-S15,Cosy Corner North,-34.25126,115.02556,2/11/2007,26/11/2018,4,16,N,5.3,"5.1, 5.2, 5.3, 5.4",NULL,No take multizoned,ATRC,Ngari Capes Marine Park
Ngari Capes,NCMP-S16,Cape Freycinet,-34.10309,114.98853,3/11/2007,22/11/2018,4,16,N,10.3,"10.1, 10.2, 10.3, 10.4",NULL,No take multizoned,ATRC,Ngari Capes Marine Park
Ngari Capes,NCMP-S17,Cape Freycinet Inshore,-34.10273,114.98992,3/11/2007,22/11/2018,4,16,N,8.3,"8.1, 8.2, 8.3, 8.4",NULL,No take multizoned,ATRC,Ngari Capes Marine Park
Ngari Capes,NCMP-S18,Prevelly,-33.99213,114.98481,3/11/2007,22/11/2018,4,16,N,5.3,"5.1, 5.2, 5.3, 5.4",NULL,Restricted take multizoned,ATRC,Ngari Capes Marine Park
Ngari Capes,NCMP-S19,Canal Rocks,-33.66926,114.9935,4/11/2007,3/12/2017,3,12,NULL,7.3,"7.1, 7.2, 7.3, 7.4",NULL,Restricted take multizoned,ATRC,Ngari Capes Marine Park
Ngari Capes,NCMP-S2,"Cape Naturalist East, 5m",-33.53043,115.01975,29/10/2007,20/11/2018,4,16,N,5.3,"5.1, 5.2, 5.3, 5.4",NULL,Restricted take multizoned,ATRC,Ngari Capes Marine Park
Ngari Capes,NCMP-S20,Bunkers Offshore,-33.52872,115.02141,28/11/2016,27/11/2018,2,8,N,9.8,"10.1, 10.2, 10.3, 10.4, 9.1, 9.2, 9.3, 9.4",NULL,Restricted take multizoned,ATRC,Ngari Capes Marine Park
Ngari Capes,NCMP-S3,Bunker Bay (WA),-33.53314,115.02687,29/10/2007,27/11/2018,4,16,N,5.3,"5.1, 5.2, 5.3, 5.4",NULL,Restricted take multizoned,ATRC,Ngari Capes Marine Park
Ngari Capes,NCMP-S4,Cape Naturalist West,-33.53135,115.00146,30/10/2007,21/11/2018,4,16,N,10.3,"10.1, 10.2, 10.3, 10.4",NULL,No take multizoned,ATRC,Ngari Capes Marine Park
Ngari Capes,NCMP-S5,"Cape Naturalist Island, Bommie",-33.52877,115.00561,30/10/2007,21/11/2018,3,12,N,10.3,"10.1, 10.2, 10.3, 10.4",NULL,No take multizoned,ATRC,Ngari Capes Marine Park
Ngari Capes,NCMP-S6,Cape Naturalist North East,-33.52868,115.00847,30/10/2007,21/11/2018,4,16,N,5.3,"5.1, 5.2, 5.3, 5.4",NULL,No take multizoned,ATRC,Ngari Capes Marine Park
Ngari Capes,NCMP-S7,Cape Clairault,-33.6974,114.97425,31/10/2007,29/11/2017,3,12,NULL,10.3,"10.1, 10.2, 10.3, 10.4",NULL,No take multizoned,ATRC,Ngari Capes Marine Park
Ngari Capes,NCMP-S8,Cape Clairault North East,-33.69809,114.97965,31/10/2007,28/11/2017,3,12,NULL,5.3,"5.1, 5.2, 5.3, 5.4",NULL,No take multizoned,ATRC,Ngari Capes Marine Park
Ngari Capes,NCMP-S9,Wyadup,-33.67678,114.9939,31/10/2007,29/11/2017,3,12,NULL,7.3,"7.1, 7.2, 7.3, 7.4",NULL,No take multizoned,ATRC,Ngari Capes Marine Park
Norfolk Island,NI1,The Crack Nepean Island,-29.07193,167.96139,30/01/2025,30/01/2025,1,3,N,12.4,"11.0, 12.2, 14.0",NULL,Restricted take multizoned,RLS,Norfolk Marine Park
Norfolk Island,NI10,Slaughterhouse Bay,-29.05875,167.95792,3/05/2022,27/01/2025,2,4,NW,1.7,"1.5, 1.6, 2.0",NULL,Restricted take multizoned,RLS,Norfolk Marine Park
Norfolk Island,NI11,Fish Bowl Nepean,-29.07133,167.9666,1/02/2025,1/02/2025,1,4,N,12.2,"11.0, 11.5, 12.0, 14.2",NULL,Fishing,RLS,Norfolk Island Marine Park
Norfolk Island,NI12,Lone Pine,-29.06139,167.96269,27/01/2025,27/01/2025,1,2,NW,1.3,"1.0, 1.5",NULL,Restricted take multizoned,RLS,Norfolk Marine Park
Norfolk Island,NI13,Emily Bay Salthouse,-29.06008,167.96166,27/01/2025,4/02/2025,1,3,SW,2,"1.8, 2.0, 2.3",NULL,Restricted take multizoned,RLS,Norfolk Marine Park
Norfolk Island,NI14,Sydney Bay Anchorage,-29.06172,167.95021,30/01/2025,30/01/2025,1,2,N,10.6,"10.2, 11.0",NULL,Restricted take multizoned,RLS,Norfolk Marine Park
Norfolk Island,NI15,Gun Club,-29.00681,167.91665,29/01/2025,29/01/2025,1,4,E,8.8,"10.0, 11.0, 6.0, 8.0",NULL,Fishing,RLS,Norfolk Island Marine Park
Norfolk Island,NI16,Jacky Jack,-29.12785,167.946683,25/01/2025,25/01/2025,1,4,E,9,"10.4, 8.0, 8.5, 9.0",NULL,Fishing,RLS,Norfolk Island Marine Park
Norfolk Island,NI17,Ball Bay nth,-29.047977,167.98779,1/02/2025,1/02/2025,1,3,N,7.6,"5.7, 8.0, 9.0",NULL,Fishing,RLS,Norfolk Island Marine Park
Norfolk Island,NI18,Elephant Rock NI,-29.00559,167.95584,26/01/2025,26/01/2025,1,4,SW,5.1,"3.0, 5.0, 6.0, 6.5",NULL,Fishing,RLS,Norfolk Island Marine Park
Norfolk Island,NI19,Simon's Water,-29.02236,167.98625,26/01/2025,26/01/2025,1,4,W,8.9,"11.5, 7.0, 8.0, 9.0",NULL,Fishing,RLS,Norfolk Island Marine Park
Norfolk Island,NI2,Kawa 200m west Kingston Jetty,-29.05856,167.95106,30/01/2025,30/01/2025,1,2,SW,7,"6.0, 8.0",NULL,Restricted take multizoned,RLS,Norfolk Marine Park
Norfolk Island,NI20,Barny's Duffy,-29.03321,167.91665,1/02/2025,1/02/2025,1,3,S,10.6,"10.0, 10.5, 11.4",NULL,Fishing,RLS,Norfolk Island Marine Park
Norfolk Island,NI21,100 Acre Reserve,-29.05291,167.92413,2/02/2025,2/02/2025,1,4,NW,9.5,"10.0, 11.0, 8.0, 9.0",NULL,Fishing,RLS,Norfolk Island Marine Park
Norfolk Island,NI3,Kawa 2 Shark Gully,-28.9996,167.91903,29/01/2025,29/01/2025,1,2,NW,8,"10.0, 6.0",NULL,Restricted take multizoned,RLS,Norfolk Marine Park
Norfolk Island,NI4,Kawa 3 Mullins Bay,-28.99774,167.92,29/01/2025,29/01/2025,1,2,N,7.5,"6.0, 9.0",NULL,Restricted take multizoned,RLS,Norfolk Marine Park
Norfolk Island,NI5,King Jim,-28.9995,167.93832,26/01/2025,26/01/2025,1,4,E,11.4,"10.0, 11.0, 12.0, 12.6",NULL,Restricted take multizoned,RLS,Norfolk Marine Park
Norfolk Island,NI6,Anson Bay,-29.01054,167.91784,29/01/2025,29/01/2025,1,3,N,8.1,"7.8, 8.0, 8.5",NULL,Restricted take multizoned,RLS,Norfolk Marine Park
Norfolk Island,NI7,Shark Point Phillip Island,-29.11731,167.94171,30/01/2025,30/01/2025,1,5,N,13,"11.0, 14.0, 25.0, 6.0, 9.0",NULL,Restricted take multizoned,RLS,Norfolk Marine Park
Norfolk Island,NI8,"The Hoof, Phillip Island",-29.11641,167.96309,25/01/2025,25/01/2025,1,4,E,11.7,"10.0, 10.1, 12.5, 14.0",NULL,Restricted take multizoned,RLS,Norfolk Marine Park
Norfolk Island,NI9,Emily Bay,-29.06141,167.96094,5/05/2022,28/01/2025,2,4,NW,1.9,"1.5, 2.0, 2.1",NULL,Restricted take multizoned,RLS,Norfolk Marine Park
Ninepin Point,NIN-S1,"Central, Ninepin",-43.28394,147.16667,27/03/2021,18/03/2024,4,24,W,5.2,"3.7, 4.8, 5.1, 5.2, 5.3, 5.4, 5.5, 6.0, 6.1","6m_W, 5m_W, 6m_N, 7m_W, 4m_W",No take,ATRC,Ninepin Point Marine Reserve
Ninepin Point,NIN-S2,Huon Island,-43.29383,147.14182,22/03/2021,18/03/2024,4,16,O,5.3,"5.1, 5.2, 5.3, 5.4",NULL,Fishing,ATRC,
Ninepin Point,NIN-S3,Charlotte Cove Light,-43.27291,147.14343,27/03/2021,13/03/2024,4,16,O,5.3,"5.1, 5.2, 5.3, 5.4","6m_N, 6m_S, 5m_N",Fishing,ATRC,
Ninepin Point,NIN-S4,Arch Rock,-43.2877,147.17924,22/03/2021,13/03/2024,4,16,N,5.3,"5.1, 5.2, 5.3, 5.4",6m_N,No take,ATRC,Ninepin Point Marine Reserve
Ninepin Point,NIN-S5,Arch Island,-43.28693,147.18068,2/11/1994,15/03/2018,5,22,N,5,"2.2, 2.3, 5.0, 5.1, 5.2, 5.3, 5.4","6m_N, 5m_N",No take,ATRC,Ninepin Point Marine Reserve
Ningaloo Reef,NMP1,Point Maud Outer,-23.11234,113.75042,5/08/2021,7/08/2024,3,7,W,2.2,"1.4, 1.5, 2.0, 2.2, 2.5, 3.5",NULL,No take multizoned,RLS,Ningaloo Marine Park
Ningaloo Reef,NMP10,Maud RZ1,-23.21313,113.76296,11/08/2021,7/08/2022,2,5,S,2.1,"1.8, 1.9, 2.0, 2.1, 2.6",NULL,Restricted take multizoned,RLS,Ningaloo Marine Park
Ningaloo Reef,NMP11,Maud RZ2,-23.20838,113.76328,12/08/2021,7/08/2024,3,6,N,5.4,"4.0, 5.0, 5.3, 5.5, 6.0, 6.8",NULL,Restricted take multizoned,RLS,Ningaloo Marine Park
Ningaloo Reef,NMP12,Pelican,-23.32164,113.78224,29/05/2010,29/05/2010,1,1,O,3.9,3.9,NULL,No take multizoned,RLS,Ningaloo Marine Park
Ningaloo Reef,NMP13,Monck Head Inner,-23.17989,113.76169,12/08/2021,9/08/2022,2,4,N,2.4,"2.0, 2.2, 2.4, 2.8",NULL,Restricted take multizoned,RLS,Ningaloo Marine Park
Ningaloo Reef,NMP14,Monck Head North,-23.17758,113.76397,30/05/2010,1/08/2017,3,4,N,2.3,"1.6, 1.8, 2.0, 3.8",NULL,Restricted take multizoned,RLS,Ningaloo Marine Park
Ningaloo Reef - North,NMP15,A & D s Dilemma,-21.90414,113.94328,29/10/2023,29/10/2023,1,2,NW,2.8,"2.5, 3.0",NULL,Restricted take multizoned,RLS,Ningaloo Marine Park
Exmouth,NMP16,Nth Muiron,-21.64135,114.35673,30/05/2010,30/05/2010,1,2,O,8.8,"8.5, 9.0",NULL,Restricted take multizoned,RLS,Ningaloo Marine Park
Exmouth,NMP17,Sth Muiron,-21.66711,114.33362,24/10/2023,24/10/2023,1,2,N,10.5,"10.0, 11.0",NULL,No take multizoned,RLS,Ningaloo Marine Park
Ningaloo Reef - North,NMP18,Rick s Folly,-21.91842,113.95551,29/10/2023,29/10/2023,1,2,N,2.3,"2.0, 2.5",NULL,Restricted take multizoned,RLS,Ningaloo Marine Park
Ningaloo Reef,NMP19,Maud SZ Nth,-23.09197,113.73966,12/08/2021,4/08/2024,3,7,N,1.9,"1.5, 1.8, 2.0, 2.1, 2.6",NULL,No take multizoned,RLS,Ningaloo Marine Park
Ningaloo Reef,NMP2,Point Maud Inner,-23.12142,113.75562,5/08/2021,7/08/2022,2,4,E,2.8,"2.5, 2.7, 2.8, 3.0",NULL,No take multizoned,RLS,Ningaloo Marine Park
Ningaloo Reef,NMP20,Oyster rocks buoy,-23.04473,113.81843,6/08/2021,4/08/2024,3,6,S,9.1,"10.0, 11.0, 8.0, 8.5, 9.0",NULL,Restricted take multizoned,RLS,Ningaloo Marine Park
Ningaloo Reef,NMP21,Coral Bay (Sanctuary zone),-23.14221,113.76709,10/08/2021,7/08/2024,3,4,N,1.7,"1.5, 1.6, 2.0",NULL,No take multizoned,RLS,Ningaloo Marine Park
Ningaloo Reef - North,NMP22,Turquoise Bay (Sanctuary zone),-22.09786,113.88472,7/08/2021,12/08/2022,2,4,N,2,"1.5, 1.8, 2.1, 2.7",NULL,No take multizoned,RLS,Ningaloo Marine Park
Ningaloo Reef - North,NMP23,Kate s Corner,-21.97653,113.91861,28/05/2010,28/05/2010,1,2,NULL,2.1,"2.0, 2.1",NULL,Restricted take multizoned,RLS,Ningaloo Marine Park
Ningaloo Reef,NMP24,Yalobia Bommie,-23.20194,113.76248,8/08/2022,1/11/2023,2,4,E,6,"5.5, 6.0, 6.5",NULL,Restricted take multizoned,RLS,Ningaloo Marine Park
Ningaloo Reef,NMP25,Outside Yalobia North,-23.19459,113.75209,30/07/2012,4/08/2016,3,6,N,12.3,"10.0, 11.0, 16.5, 18.0, 7.5",NULL,Restricted take multizoned,RLS,Ningaloo Marine Park
Ningaloo Reef,NMP26,Outside Yalobia South,-23.2175,113.75466,9/08/2021,5/08/2024,3,6,N,13.2,"11.0, 12.5, 13.0, 13.5, 14.0, 15.0",NULL,Restricted take multizoned,RLS,Ningaloo Marine Park
Ningaloo Reef,NMP27,Coral Bay Offshore,-23.13496,113.7404,9/08/2021,5/08/2024,3,6,E,12.5,"11.0, 12.0, 13.0, 14.0",NULL,Restricted take multizoned,RLS,Ningaloo Marine Park
Ningaloo Reef,NMP28,Cardabia Patch,-23.098,113.79429,12/08/2022,12/08/2022,1,2,NE,5.4,"5.3, 5.5",NULL,Restricted take multizoned,RLS,Ningaloo Marine Park
Ningaloo Reef,NMP29,Monck Wall,-23.16925,113.75708,7/08/2021,9/08/2022,2,4,NW,5.9,"5.0, 5.5, 6.5",NULL,No take multizoned,RLS,Ningaloo Marine Park
Ningaloo Reef,NMP30,Oyster rocks south,-23.04801,113.81886,1/08/2015,1/08/2015,1,4,N,8.3,"7.5, 8.0, 8.5, 9.3",NULL,No take multizoned,RLS,Ningaloo Marine Park
Ningaloo Reef,NMP31,Yalobia South,-23.20615,113.76029,2/08/2015,21/08/2019,3,8,N,4.5,"3.0, 4.0, 6.0",NULL,Restricted take multizoned,RLS,Ningaloo Marine Park
Ningaloo Reef,NMP32,Monck Bowl,-23.16465,113.75582,2/08/2015,2/08/2015,1,3,NNE,5.1,"4.7, 5.1, 5.5",NULL,No take multizoned,RLS,Ningaloo Marine Park
Ningaloo Reef - North,NMP33,Muiron Islands NE Mooring,-21.66121,114.34196,23/10/2023,23/10/2023,1,2,E,5.5,"5.0, 6.0",NULL,0,RLS,0
Exmouth,NMP34,Muiron Islands Fished Zone,-21.65754,114.3494,23/10/2023,23/10/2023,1,2,N,6,"5.0, 7.0",NULL,0,RLS,0
Ningaloo Reef - North,NMP35,Muiron Flats,-21.66242,114.33796,24/10/2023,24/10/2023,1,2,N,10.5,"10.0, 11.0",NULL,0,RLS,0
Ningaloo Reef - North,NMP36,Tantabiddi Boulders,-21.90961,113.96815,28/10/2023,28/10/2023,1,2,N,3.8,"3.5, 4.0",NULL,Fishing,RLS,
Ningaloo Reef - North,NMP37,Tantabiddi Sanctuary Mooring,-21.90975,113.96645,29/10/2023,29/10/2023,1,2,NW,3.8,"3.5, 4.0",NULL,Fishing,RLS,
Ningaloo Reef - North,NMP38,Tantabiddi Reserve South,-21.91195,113.96304,30/10/2023,30/10/2023,1,2,N,3.3,"3.0, 3.5",NULL,Fishing,RLS,
Ningaloo Reef - North,NMP39,Tantabiddi Outer Sanctuary,-21.90663,113.9693,30/10/2023,30/10/2023,1,2,NW,4.3,"4.0, 4.5",NULL,Fishing,RLS,
Ningaloo Reef - North,NMP40,Yardie Creek South,-22.3565,113.78217,31/10/2023,31/10/2023,1,2,N,5.2,"5.1, 5.3",NULL,Fishing,RLS,
Ningaloo Reef - North,NMP41,Yalobia South Reef,-23.20298,113.76335,1/11/2023,1/11/2023,1,2,NW,6.7,"6.3, 7.0",NULL,Fishing,RLS,
Ningaloo Reef,NMP6,Monck Head Outer,-23.16108,113.75875,6/08/2021,9/08/2022,2,4,W,3.1,"2.6, 2.7, 3.2, 4.0",NULL,No take multizoned,RLS,Ningaloo Marine Park
Ningaloo Reef,NMP7,Monck Head Sth,-23.16489,113.76611,27/05/2010,27/05/2010,1,1,O,4.2,4.2,NULL,Restricted take multizoned,RLS,Ningaloo Marine Park
Ningaloo Reef,NMP8,Maud SZ external,-23.17642,113.76097,6/08/2021,3/08/2024,3,7,E,2.4,"2.0, 2.1, 2.5, 2.6, 2.9",NULL,Restricted take multizoned,RLS,Ningaloo Marine Park
Ningaloo Reef,NMP9,Bills Bay 1,-23.12627,113.76158,10/08/2021,5/08/2022,2,4,W,2.9,"2.7, 2.8, 3.0, 3.1",NULL,No take multizoned,RLS,Ningaloo Marine Park
Exmouth,NMP-B3,Bundegi Nth,-21.82729,114.1801,24/10/2023,24/10/2023,1,2,N,1.5,"1.0, 2.0",NULL,Restricted take multizoned,RLS,Ningaloo Marine Park
Exmouth,NMP-B4,Nth Bundegi,-21.8559,114.16763,26/05/2010,26/05/2010,1,1,O,2,2,NULL,No take multizoned,RLS,Ningaloo Marine Park
Exmouth,NMP-B5,Sth Bundegi,-21.86971,114.15813,29/05/2010,29/05/2010,1,1,NULL,2.7,2.7,NULL,No take multizoned,RLS,Ningaloo Marine Park
Exmouth,NMP-BF1,Bundegi,-21.83921,114.17564,8/08/2021,11/08/2022,2,6,NW,1.7,"1.0, 1.4, 1.5, 1.8, 2.2, 2.5",NULL,Restricted take multizoned,RLS,Ningaloo Marine Park
Exmouth,NMP-BF2,Bundegi SZ North,-21.85245,114.16954,8/08/2021,8/08/2021,1,3,N,1.8,"1.5, 1.8, 2.0",NULL,Restricted take multizoned,RLS,Ningaloo Marine Park
Exmouth,NMP-BF3,Bundegi SZ South,-21.86648,114.15926,9/08/2021,9/08/2021,1,3,N,5.4,"4.8, 5.5, 5.8",NULL,No take multizoned,RLS,Ningaloo Marine Park
Exmouth,NMP-BF4,Bundegi RZ,-21.83633,114.17777,9/08/2021,11/08/2022,2,6,NE,3,"2.0, 2.5, 2.6, 3.0, 3.5, 4.5",NULL,Restricted take multizoned,RLS,Ningaloo Marine Park
Ningaloo Reef,NMP-C1,Monck Head,-23.17701,113.75987,10/08/2021,3/08/2024,3,9,S,1.7,"1.0, 1.3, 1.4, 1.6, 1.8, 1.9, 2.2",NULL,Restricted take multizoned,RLS,Ningaloo Marine Park
Ningaloo Reef,NMP-C3,Coral Bay Central,-23.14152,113.75364,7/08/2021,3/08/2024,3,8,S,4.2,"3.7, 3.8, 4.0, 4.5, 4.6, 4.8",NULL,No take multizoned,RLS,Ningaloo Marine Park
Ningaloo Reef,NMP-C4,Yalobia Passage,-23.19995,113.76354,12/08/2021,4/08/2024,3,9,S,4.4,"3.2, 3.5, 3.6, 4.0, 4.5, 5.0, 5.5, 5.6",NULL,Restricted take multizoned,RLS,Ningaloo Marine Park
Ningaloo Reef,NMP-P2,Pelican Nth,-23.31925,113.7807,5/08/2021,2/08/2024,3,9,SW,2.3,"1.5, 1.8, 1.9, 2.0, 2.5, 3.0, 3.5",NULL,No take multizoned,RLS,Ningaloo Marine Park
Ningaloo Reef,NMP-S1,Dugong,-22.86905,113.76443,8/08/2021,6/08/2024,3,9,W,2.5,"1.5, 2.0, 2.2, 2.5, 2.8, 3.5, 3.6",NULL,No take multizoned,ATRC,Ningaloo Marine Park
Ningaloo Reef,NMP-S2,Bruboodjoo,-22.92875,113.77937,8/08/2021,6/08/2024,3,9,S,2.8,"2.1, 2.2, 2.5, 2.8, 3.0, 3.2, 3.5",NULL,Restricted take multizoned,ATRC,Ningaloo Marine Park
Ningaloo Reef,NMP-S3,Coral Bay DEC1,-23.12872,113.75232,10/08/2021,7/08/2024,3,8,NW,5.3,"5.0, 5.1, 5.5, 5.6, 6.0",NULL,No take multizoned,ATRC,Ningaloo Marine Park
Ningaloo Reef,NMP-S4,Pelican Sth,-23.33246,113.77923,5/08/2021,2/08/2024,3,9,S,1.9,"1.3, 1.5, 1.6, 1.8, 2.0, 2.1, 2.2, 2.5",NULL,No take multizoned,ATRC,Ningaloo Marine Park
Upper Spencer Gulf,NSG1,Black Point,-32.9923,137.72177,11/07/2009,1/03/2017,2,8,E,5.2,"5.0, 5.1, 5.2, 5.3, 5.4",NULL,No take multizoned,RLS,Upper Spencer Gulf MP
Upper Spencer Gulf,NSG10,Tanked,-32.99667,137.7702,28/02/2017,28/02/2017,1,4,E,5.2,"5.0, 5.1, 5.2, 5.3",NULL,Restricted take multizoned,RLS,Upper Spencer Gulf MP
Upper Spencer Gulf,NSG11,Fenceline West,-32.99655,137.75063,1/03/2017,1/03/2017,1,4,E,5.2,"5.0, 5.1, 5.2, 5.3",NULL,Restricted take multizoned,RLS,Upper Spencer Gulf MP
Upper Spencer Gulf,NSG12,Ledges,-32.99503,137.74063,1/03/2017,1/03/2017,1,4,E,5.2,"5.0, 5.1, 5.2, 5.3",NULL,No take multizoned,RLS,Upper Spencer Gulf MP
Upper Spencer Gulf,NSG2,Third Dip,-32.99437,137.73257,11/07/2009,28/02/2017,2,8,E,5.2,"5.0, 5.1, 5.2, 5.3, 5.4",NULL,No take multizoned,RLS,Upper Spencer Gulf MP
Upper Spencer Gulf,NSG20,Point Riley,-33.87632,137.59859,9/05/2005,24/04/2006,2,8,NULL,5.3,"5.1, 5.2, 5.3, 5.4",NULL,Fishing,ATRC,
Upper Spencer Gulf,NSG21,Bokos Reef,-33.75762,137.03617,12/07/2009,12/07/2009,1,4,NULL,8.3,"8.1, 8.2, 8.3, 8.4",NULL,Restricted take multizoned,ATRC,Franklin Harbour Marine Park
Upper Spencer Gulf,NSG22,Lucky Bay Offshore,-33.73387,137.1348,12/07/2009,12/07/2009,1,4,NULL,8.3,"8.1, 8.2, 8.3, 8.4",NULL,Restricted take multizoned,ATRC,Franklin Harbour Marine Park
Upper Spencer Gulf,NSG23,Point Lowly Lighthouse,-33.00088,137.7864,13/07/2009,13/07/2009,1,4,NULL,5.3,"5.1, 5.2, 5.3, 5.4",NULL,Restricted take multizoned,ATRC,Upper Spencer Gulf MP
Upper Spencer Gulf,NSG24,Santos Fenceline,-32.9963,137.74538,11/07/2009,11/07/2009,1,4,NULL,5.3,"5.1, 5.2, 5.3, 5.4",NULL,No take multizoned,ATRC,Upper Spencer Gulf MP
Upper Spencer Gulf,NSG25,Fitzgerald Bay Log Cabins,-32.98183,137.78093,13/07/2009,13/07/2009,1,4,NULL,3.3,"3.1, 3.2, 3.3, 3.4",NULL,Restricted take multizoned,ATRC,Upper Spencer Gulf MP
Upper Spencer Gulf,NSG26,Backy Point,-32.91555,137.78793,13/07/2009,13/07/2009,1,4,NULL,3.3,"3.1, 3.2, 3.3, 3.4",NULL,Restricted take multizoned,ATRC,Upper Spencer Gulf MP
Upper Spencer Gulf,NSG9,Stony Point,-32.99637,137.75642,28/02/2017,28/02/2017,1,4,E,5.2,"5.0, 5.1, 5.2, 5.3",NULL,Restricted take multizoned,RLS,Upper Spencer Gulf MP
Eden,NSW1,Green Cape SE,-37.26334,150.0478,8/12/2008,8/12/2008,1,4,NULL,11.1,"10.0, 13.0, 14.0, 7.5",NULL,Fishing,RLS,
Eden,NSW10,Lennard Is NW,-37.01646,149.94249,11/12/2008,11/12/2008,1,6,,8.7,"10.0, 10.1, 11.0, 3.5, 8.5, 8.9",NULL,Fishing,RLS,
Eden,NSW11,Lennard Is NE,-37.01597,149.94556,11/12/2008,11/12/2008,1,1,NULL,7,7,NULL,Fishing,RLS,
NSW - South,NSW12,Bushranger Bay Bass Point,-34.59816,150.90116,25/01/2010,2/05/2018,5,8,E,6.7,"5.0, 6.0, 7.0, 7.2, 9.0",NULL,No take,RLS,Bushrangers Bay Aquatic Reserve
NSW - Central,NSW13,Terrigal Haven,-33.4465,151.44971,31/05/2008,26/06/2018,7,14,N,7.1,"11.0, 4.2, 4.6, 5.0, 6.0, 6.5, 7.0, 7.1, 7.5, 8.0, 8.5, 9.0",NULL,Fishing,RLS,
NSW - Central,NSW14,Moon Island South Inshore,-33.09248,151.66519,19/12/2009,19/12/2009,1,1,NULL,9.5,9.5,NULL,Fishing,RLS,
NSW - Central,NSW15,Moon Island South,-33.09081,151.66519,6/06/2009,6/06/2009,1,1,NULL,14,14,NULL,Fishing,RLS,
NSW - Central,NSW16,Swansea Heads South,-33.0885,151.66617,27/06/2009,26/09/2009,1,2,NULL,5.9,"5.8, 6.0",NULL,Fishing,RLS,
NSW - Central,NSW17,Swansea Bridge,-33.08645,151.64003,7/06/2009,7/06/2009,1,2,NULL,7.5,"6.0, 9.0",NULL,Fishing,RLS,
NSW - Central,NSW18,SWANSEA BRIDGE NORTH,-33.08524,151.64067,18/10/2009,18/10/2009,1,1,NULL,6,6,NULL,Fishing,RLS,
Batemans,NSW19,The Gantry Bawley Point,-35.50474,150.39611,27/04/2021,27/04/2024,3,6,E,6.1,"6.0, 6.1",NULL,Fishing,RLS,
Eden,NSW2,Bitangabee Bay mouth S,-37.21887,150.02433,8/12/2008,8/12/2008,1,4,NULL,6.9,"6.0, 6.1, 7.5, 8.0",NULL,Fishing,RLS,
NSW - Central,NSW20,SWANSEA CHANNEL EAST,-33.08283,151.65176,16/01/2010,22/01/2011,2,2,E,6.1,"6.0, 6.2",NULL,Fishing,RLS,
NSW - Central,NSW21,BAIT REEF BLACKSMITHS BEACH,-33.08017,151.66184,19/12/2009,19/12/2009,1,2,NULL,8.5,"12.1, 4.8",NULL,Fishing,RLS,
NSW - Central,NSW22,Moon Island West,-33.086,151.6718,9/05/2009,8/05/2010,2,3,NULL,10.3,"10.8, 11.1, 9.0",NULL,Fishing,RLS,
Port Stephens - North,NSW23,Latitude Reef,-32.20884,152.56563,18/03/2010,18/03/2010,1,1,NULL,7.3,7.3,NULL,Restricted take multizoned,RLS,Port Stephens Great Lake Marine Park
Port Stephens - North,NSW24,Status Rock mid-west side,-32.43224,152.53494,24/06/2022,24/06/2022,1,1,S,6,6,NULL,Restricted take multizoned,RLS,Port Stephens Great Lake Marine Park
Port Stephens - North,NSW25,Seal Rocks Point outer,-32.43374,152.53759,26/08/2009,26/08/2009,1,1,NULL,4,4,NULL,Restricted take multizoned,RLS,Port Stephens Great Lake Marine Park
Port Stephens - North,NSW26,No. 1 Beach Point,-32.42925,152.52658,24/06/2022,24/06/2022,1,1,SW,6,6,NULL,Restricted take multizoned,RLS,Port Stephens Great Lake Marine Park
Port Stephens - North,NSW27,West Looking Glass,-32.32737,152.54511,15/11/2009,15/11/2009,1,1,NULL,12,12,NULL,Restricted take multizoned,RLS,Port Stephens Great Lake Marine Park
Port Stephens - North,NSW28,Shelly Beach  Forster,-32.32716,152.54582,6/08/2009,6/08/2009,1,1,NULL,6.9,6.9,NULL,Restricted take multizoned,RLS,Port Stephens Great Lake Marine Park
Port Stephens - North,NSW29,Western Big Seal Rock,-32.46229,152.55264,25/06/2022,25/06/2022,1,1,S,8,8,NULL,Restricted take multizoned,RLS,Port Stephens Great Lake Marine Park
Eden,NSW3,Mowarry Point S,-37.14306,150.00569,9/12/2008,9/12/2008,1,4,NULL,8.9,"10.0, 10.2, 7.5, 8.0",NULL,Fishing,RLS,
Port Stephens - North,NSW30,Graveyard,-32.27495,152.5371,18/10/2009,8/08/2010,2,3,NULL,11.5,"12.3, 16.0, 6.3",NULL,Restricted take multizoned,RLS,Port Stephens Great Lake Marine Park
Port Stephens - North,NSW31,Sawtooth Rocks,-32.4465,152.54162,25/06/2022,25/06/2022,1,1,S,9,9,NULL,Restricted take multizoned,RLS,Port Stephens Great Lake Marine Park
Port Stephens - North,NSW32,Status Rock East,-32.43224,152.53657,26/06/2022,26/06/2022,1,1,N,7,7,NULL,Restricted take multizoned,RLS,Port Stephens Great Lake Marine Park
Port Stephens - North,NSW33,South One Mile,-32.19513,152.54003,27/08/2009,27/08/2009,1,2,NULL,5.1,"4.2, 6.0",NULL,Restricted take multizoned,RLS,Port Stephens Great Lake Marine Park
Batemans,NSW34,Jones Beach Bannisters Point,-35.32211,150.48372,22/01/2009,21/12/2014,5,7,NE,3.7,"3.0, 4.0, 4.1, 5.0",NULL,Fishing,RLS,
Port Stephens - North,NSW35,Latitude Rock West,-32.20903,152.57,6/06/2009,14/04/2011,2,2,NE,6.5,"4.0, 9.0",NULL,Restricted take multizoned,RLS,Port Stephens Great Lake Marine Park
NSW - South,NSW36,"The Gutter, Shell Harbour",-34.59259,150.898,7/01/2017,2/05/2018,2,3,E,6,"5.0, 6.0, 7.0",NULL,Fishing,RLS,
Port Stephens - North,NSW37,Burgess Beach,-32.20344,152.5479,29/07/2009,29/07/2009,1,1,NULL,5.6,5.6,NULL,Restricted take multizoned,RLS,Port Stephens Great Lake Marine Park
Port Stephens - North,NSW38,Baitgrounds,-32.17917,152.52194,20/02/2010,20/02/2010,1,2,NULL,6.3,"6.2, 6.4",NULL,Fishing,RLS,
NSW - Mid North,NSW39,Secret Garden,-32.07455,152.55029,22/08/2009,22/08/2009,1,1,NULL,15.6,15.6,NULL,Fishing,RLS,
Eden,NSW4,North Hd SE,-37.10468,149.95463,10/12/2008,10/12/2008,1,2,NULL,6.8,"6.0, 7.5",NULL,Fishing,RLS,
NSW - Mid North,NSW40,Snapper Rocks,-32.06954,152.55917,22/08/2009,22/08/2009,1,1,NULL,12.8,12.8,NULL,Fishing,RLS,
NSW - Mid North,NSW41,Mermaid Reef,-31.76382,152.81016,25/07/2010,25/07/2010,1,1,NULL,14.2,14.2,NULL,Fishing,RLS,
NSW - North,NSW42,The Maze,-31.59441,152.86637,26/06/2010,26/06/2010,1,1,NULL,17.5,17.5,NULL,Fishing,RLS,
NSW - North,NSW43,Bonnys 12,-31.58808,152.85443,11/07/2010,11/07/2010,1,1,NULL,10.8,10.8,NULL,Fishing,RLS,
NSW - North,NSW44,Cathie Wall,-31.57234,152.85443,8/08/2010,8/08/2010,1,1,NULL,18,18,NULL,Fishing,RLS,
Port Stephens - North,NSW45,One Mile Gutters,-32.1849,152.53743,18/10/2009,18/10/2009,1,1,NULL,8,8,NULL,Fishing,RLS,
Eden,NSW46,Cave Point,-37.11518,149.96512,9/02/2011,15/01/2015,2,5,NE,8.1,"12.0, 5.0, 5.1, 9.0, 9.5",NULL,Fishing,RLS,
Eden,NSW47,West Navy Jetty,-37.10968,149.92238,22/11/2025,24/11/2025,1,2,E,4.5,"4.0, 5.0",NULL,Fishing,RLS,
Batemans,NSW49,Aragunnu Southern Bay,-36.58472,150.05333,7/11/2014,7/11/2014,1,2,E,4.8,"4.5, 5.0",NULL,Fishing,RLS,
Eden,NSW5,Chip mill E of jetty,-37.10036,149.9285,22/11/2025,24/11/2025,1,2,SE,9.8,"10.0, 9.5",NULL,Fishing,RLS,
NSW - South,NSW50,"Maloneys Bay, Shellharbour",-34.59866,150.88809,11/04/2015,7/01/2017,2,4,S,7.1,"6.0, 6.5, 8.0",NULL,Fishing,RLS,
Jervis Bay,NSW51,Steamers,-35.18278,150.7139,5/06/2009,5/06/2009,1,4,NULL,10.3,"10.1, 10.2, 10.3, 10.4",NULL,No take multizoned,RLS,Jervis Bay Marine Park
Jervis Bay,NSW52,Old Lighthouse South,-35.15487,150.75928,5/06/2009,5/06/2009,1,4,NULL,10.3,"10.1, 10.2, 10.3, 10.4",NULL,Restricted take multizoned,RLS,Jervis Bay Marine Park
Jervis Bay,NSW53,Hyams Beach (inshore),-35.13683,150.74036,9/05/2003,8/05/2007,2,8,NULL,3.3,"3.1, 3.2, 3.3, 3.4",NULL,Restricted take multizoned,RLS,Booderee National Park
Jervis Bay,NSW54,Hole in the Wall,-35.13301,150.74768,23/05/2023,23/05/2023,1,4,NE,2.3,"2.1, 2.2, 2.3, 2.4",NULL,Restricted take multizoned,RLS,Booderee National Park
NSW - Central North,NSW56,Nambucca Heads RSL,-30.646,153.0028,7/08/2021,7/08/2021,1,1,SE,3.5,3.5,NULL,Fishing,RLS,
Tweed Heads,NSW57,Seascape area Tweed River,-28.17092,153.54768,31/01/2022,19/03/2023,2,2,NE,8.3,"7.5, 9.0",NULL,Fishing,RLS,
Port Stephens - North,NSW58,Little Seal Rock,-32.47408,152.54706,26/06/2022,26/06/2022,1,1,W,9,9,NULL,Fishing,RLS,
Eden,NSW59,Merimbula Wharf,-36.89891,149.92712,1/03/2023,2/03/2023,1,2,E,6.1,6.1,NULL,Fishing,RLS,
Eden,NSW6,The Booth,-37.07608,149.91331,11/12/2008,11/12/2008,1,3,NULL,7.3,"11.0, 4.0, 7.0",NULL,Fishing,RLS,
Eden,NSW60,Yallumgo,-37.07056,149.91081,21/11/2025,21/11/2025,1,3,N,5.2,"4.5, 5.0, 6.0",NULL,Fishing,RLS,
Eden,NSW61,The Cannery,-37.06985,149.90288,21/11/2025,21/11/2025,1,3,SE,3.2,"2.0, 3.6, 4.0",NULL,Fishing,RLS,
Eden,NSW62,Shelley's Beach,-37.07476,149.9094,22/11/2025,22/11/2025,1,3,E,6.2,"5.0, 6.0, 7.5",NULL,Fishing,RLS,
Eden,NSW63,Navy Wharf Edrom,-37.10638,149.92889,22/11/2025,22/11/2025,1,3,W,3.6,"3.2, 3.5, 4.0",NULL,Fishing,RLS,
Eden,NSW7,Fanch beach house N,-37.06885,149.91479,10/12/2008,10/12/2008,1,2,NULL,10.3,"12.0, 8.5",NULL,Fishing,RLS,
Eden,NSW8,North Head S,-37.05484,149.94149,23/11/2025,23/11/2025,1,3,N,7,"5.0, 7.0, 9.0",NULL,Fishing,RLS,
Eden,NSW9,North Hd SW,-37.05022,149.93147,23/11/2025,23/11/2025,1,3,E,8,"7.0, 8.0, 9.0",NULL,Fishing,RLS,
Wessel,NT100,Truant Island NE,-11.6602,136.8409,9/08/2013,9/08/2013,1,2,N,2.8,"2.5, 3.0",NULL,Fishing,RLS,
Wessel,NT102,Burston Bay,-11.222,136.6853,10/08/2013,10/08/2013,1,3,E,3.6,"3.0, 3.5, 4.3",NULL,Fishing,RLS,
Wessel,NT103,Norruum Islet,-11.233,136.6855,10/08/2013,10/08/2013,1,3,N,4.5,"3.5, 4.0, 6.0",NULL,Fishing,RLS,
Darwin,NT11,Old Man Rock,-12.3448,130.8538,10/09/2008,10/09/2008,1,1,NULL,8,8,NULL,Fishing,RLS,Casuarina
Darwin,NT12,The Grottos,-12.4073,130.7922,30/09/2021,30/09/2021,1,2,N,9.5,"10.0, 9.0",NULL,Fishing,RLS,
Darwin,NT13,East Point North,-12.40605,130.81166,30/09/2021,9/09/2023,2,3,S,3.3,"3.0, 4.0",NULL,Fishing,RLS,
Darwin,NT14,Anglers Reef,-12.3146,130.8705,10/10/2008,10/10/2008,1,1,NULL,7.5,7.5,NULL,Fishing,RLS,
Darwin,NT2,Edge Town Hall Hole,-12.5629,130.8614,13/08/2008,27/10/2009,2,2,NULL,6.8,"5.0, 8.5",NULL,Fishing,RLS,
Arafura,NT20,Money Shoal NW,-10.32329,132.70695,30/10/2021,30/10/2021,1,2,N,9.3,"9.0, 9.5",NULL,Restricted take multizoned,RLS,Arafura MP
Arafura,NT21,Money Shoal S,-10.32567,132.70608,30/10/2021,30/10/2021,1,2,N,13.5,"13.0, 14.0",NULL,Restricted take multizoned,RLS,Arafura MP
Arafura,NT22,Money Shoal E,-10.32259,132.71216,30/10/2021,30/10/2021,1,2,N,11.3,"11.0, 11.5",NULL,Restricted take multizoned,RLS,Arafura MP
Arafura,NT23,Money Shoal SE,-10.3292,132.70797,30/10/2021,30/10/2021,1,1,NW,18.5,18.5,NULL,Restricted take multizoned,RLS,Arafura MP
Arafura,NT24,Bramble Rocks,-10.89047,132.78323,22/10/2015,22/10/2015,1,2,W,7,"6.0, 8.0",NULL,Restricted take multizoned,RLS,Arafura MP
Arafura,NT25,New Year Island anchorage,-10.90981,133.02106,6/09/2021,18/11/2025,2,4,N,7.8,"6.0, 7.0, 8.5, 9.5",NULL,Fishing,RLS,
Arafura,NT26,New Year Island East,-10.90471,133.02509,6/09/2021,18/11/2025,2,4,E,5.1,"4.0, 5.0, 6.5",NULL,Fishing,RLS,
Arafura,NT27,New Year Island Boulder,-10.91189,133.03697,24/10/2015,24/10/2015,1,1,S,7,7,NULL,Fishing,RLS,
Arafura,NT28,New Year Island light,-10.90088,133.03007,24/10/2015,24/10/2015,1,2,E,5,"3.0, 7.0",NULL,Fishing,RLS,
Arafura,NT29,New Year Island South West,-10.91434,133.02695,24/10/2015,24/10/2015,1,2,NE,7,"6.0, 8.0",NULL,Fishing,RLS,
Darwin,NT3,Weed Reef,-12.4854,130.7969,14/09/2009,14/09/2009,1,1,NULL,6,6,NULL,Fishing,RLS,
Arnhem,NT30,Arnhem CMR Gadgets Reef North West,-11.29259,133.79926,31/10/2021,17/11/2025,2,4,S,9,"8.5, 9.0, 9.5",NULL,Restricted take multizoned,RLS,Arnhem MP
Arnhem,NT31,Arnhem CMR Gadgets Reef West,-11.29794,133.79705,5/09/2021,17/11/2025,2,3,E,11.8,"11.0, 11.5, 13.0",NULL,Restricted take multizoned,RLS,Arnhem MP
Arnhem,NT32,Arnham Shoal,-11.45221,133.71337,25/10/2015,25/10/2015,1,2,E,12.8,"12.5, 13.0",NULL,Restricted take multizoned,RLS,Arnhem MP
Arnhem,NT33,Paxie Shoal North West,-11.43213,134.13394,5/09/2021,5/09/2021,1,1,E,13,13,NULL,Restricted take multizoned,RLS,Arnhem MP
Arnhem,NT34,Paxie Shoal West,-11.43542,134.13705,5/09/2021,5/09/2021,1,1,E,16,16,NULL,Restricted take multizoned,RLS,Arnhem MP
Wessel,NT35,Warrnga Reef,-11.94485,135.6048,4/09/2021,4/09/2021,1,2,NW,2.8,"2.5, 3.0",NULL,Fishing,RLS,
Wessel,NT36,Guluwuru Island NE,-11.54674,136.42463,31/10/2015,31/10/2015,1,2,E,5.5,"5.0, 6.0",NULL,Fishing,RLS,
Wessel,NT37,Truant Island SW,-11.67474,136.81,9/08/2013,1/11/2015,2,3,E,5.3,"3.0, 6.0, 7.0",NULL,Fishing,RLS,
Wessel,NT38,Truant Island N,-11.65656,136.83032,3/09/2021,14/11/2025,2,4,N,4.5,"4.0, 5.0",NULL,Fishing,RLS,
Wessel,NT39,Truant Island S,-11.67792,136.81567,1/11/2015,1/11/2015,1,2,NW,4.8,"4.5, 5.0",NULL,Fishing,RLS,
Darwin,NT4,Stevens Rock,-12.48552,130.78524,29/09/2021,29/09/2021,1,2,S,7,"6.0, 8.0",NULL,Fishing,RLS,
Wessel,NT40,Truant Bank SW,-11.64589,136.90555,2/09/2021,14/11/2025,2,3,NE,17.2,"17.0, 17.5",NULL,Restricted take multizoned,RLS,Wessel Marine Park
Wessel,NT41,Truant Bank SE,-11.63092,136.92818,2/09/2021,14/11/2025,2,3,E,11.3,"10.0, 11.0, 13.0",NULL,Restricted take multizoned,RLS,Wessel Marine Park
Wessel,NT42,Pugh Shoal,-11.61286,136.88966,14/11/2025,14/11/2025,1,1,N,17,17,NULL,Restricted take multizoned,RLS,Wessel Marine Park
Wessel,NT43,Buccaneer Shoal,-11.61786,136.87757,3/11/2015,3/11/2015,1,2,N,13.5,"13.0, 14.0",NULL,Restricted take multizoned,RLS,Wessel Marine Park
Carpentaria,NT44,East Bremer Islet bay,-12.08766,136.86673,3/11/2015,3/11/2015,1,2,N,1.6,"1.4, 1.8",NULL,Fishing,RLS,
Carpentaria,NT45,Porlsche Rock,-12.06836,136.87287,4/11/2015,4/11/2015,1,2,N,3,"2.0, 4.0",NULL,Fishing,RLS,
Carpentaria,NT46,East Bremer Islet SW,-12.09138,136.86574,4/11/2015,4/11/2015,1,2,N,2.5,"2.0, 3.0",NULL,Fishing,RLS,
Carpentaria,NT47,Bremer Islet anchorage,-12.08731,136.8646,4/11/2015,4/11/2015,1,1,S,4,4,NULL,Fishing,RLS,
Carpentaria,NT48,Bremer Island East,-12.08642,136.82581,4/11/2015,4/11/2015,1,2,E,6.5,"6.0, 7.0",NULL,Fishing,RLS,
Carpentaria,NT49,Bonner Rocks NE,-12.06204,136.61349,4/11/2021,4/11/2021,1,2,N,7.5,"6.5, 8.5",NULL,Fishing,RLS,
Darwin,NT5,Platter Rock,-12.4766,130.787,29/09/2021,29/09/2021,1,2,S,6.5,"6.0, 7.0",NULL,Fishing,RLS,
Carpentaria,NT50,Bonner Rocks NW,-12.0604,136.61107,4/11/2021,4/11/2021,1,2,N,4.8,"4.5, 5.0",NULL,Fishing,RLS,
Carpentaria,NT51,Bremer Island west,-12.10804,136.78984,6/11/2015,6/11/2015,1,2,E,1.8,"1.5, 2.0",NULL,Fishing,RLS,
Carpentaria,NT52,Dudley Island SE,-12.88709,136.73149,5/11/2021,5/11/2021,1,2,N,4.8,"4.5, 5.0",NULL,Fishing,RLS,
Carpentaria,NT53,Dudley Island,-12.88063,136.7258,5/11/2021,5/11/2021,1,2,E,4.3,"4.0, 4.5",NULL,Fishing,RLS,
Carpentaria,NT54,Dudley Rock,-12.88354,136.71155,5/11/2021,5/11/2021,1,2,E,4.8,"4.5, 5.0",NULL,Fishing,RLS,
Carpentaria,NT55,Brady Rock,-13.68147,136.44977,8/11/2015,8/11/2015,1,2,N,9,"10.0, 8.0",NULL,Fishing,RLS,
Carpentaria,NT56,Cape Beatrice SW,-14.30536,136.88546,11/11/2015,11/11/2015,1,2,N,4.6,"4.5, 4.6",NULL,Fishing,RLS,
Carpentaria,NT57,Cape Beatrice South,-14.3085,136.88873,11/11/2015,11/11/2015,1,2,W,4.5,"3.0, 6.0",NULL,Fishing,RLS,
Carpentaria,NT58,Turtle Cave,-14.35458,136.94998,11/11/2015,11/11/2015,1,2,E,3.6,"3.5, 3.6",NULL,Fishing,RLS,
Carpentaria,NT59,Cape Beatrice Islet West,-14.35117,136.94027,11/11/2015,11/11/2015,1,2,W,5,"3.0, 7.0",NULL,Fishing,RLS,
Carpentaria,NT60,Groper Shoal,-15.46934,137.91781,12/11/2015,12/11/2015,1,2,E,18.8,"18.5, 19.0",NULL,Fishing,RLS,
Carpentaria,NT61,Jones Shoal,-10.9602,132.22288,29/10/2021,29/10/2021,1,2,N,12.3,"12.0, 12.5",NULL,Fishing,RLS,North Marine Park Network
Carpentaria,NT62,Jones Shoal East,-10.9593,132.2261,29/10/2021,29/10/2021,1,2,N,12.3,"12.0, 12.5",NULL,Fishing,RLS,North Marine Park Network
Carpentaria,NT63,Arafura Shoal,-11.2282,134.74628,1/11/2021,16/11/2025,2,3,E,14.3,"16.5, 17.0, 9.5",NULL,Fishing,RLS,North Marine Park Network
Wessel,NT64,Sargassum Reef,-11.47229,136.17923,15/11/2025,15/11/2025,1,2,N,5.3,"5.0, 5.5",NULL,Fishing,RLS,North Marine Park Network
Wessel,NT65,North Sargassum Reef,-11.46951,136.18017,15/11/2025,15/11/2025,1,2,NW,7.3,"7.0, 7.5",NULL,Fishing,RLS,North Marine Park Network
Darwin,NT8,Dudley Point Bommies,-12.4158,130.81316,30/09/2021,30/09/2021,1,2,NE,5.3,"4.5, 6.0",NULL,Fishing,RLS,
Darwin,NT9,East Point Coral Gardens,-12.4134,130.8127,30/09/2021,9/09/2023,2,4,NE,5.3,"4.0, 5.0, 6.0, 6.2",NULL,Fishing,RLS,
Ashmore/Cartier,NWS1,Vulcan Shoal,-12.79823,124.26815,16/10/2021,16/10/2021,1,2,NW,19.5,"19.0, 20.0",NULL,Fishing,RLS,
Ashmore/Cartier,NWS10,Rogaa Bommie,-11.97452,123.32136,2/09/2013,2/01/2019,2,4,NE,11.5,"15.0, 8.0",NULL,Fishing,RLS,
Rowley Shoals,NWS100,Clerke east reef top C28,-17.29965,119.37575,4/10/2013,19/11/2018,2,4,S,1.8,"1.5, 2.0",NULL,No take multizoned,RLS,Rowley Shoals Marine Park
Rowley Shoals,NWS101,Clerke Reef - BnB,-17.35516,119.38393,28/09/2023,28/09/2023,1,2,NW,6.3,"5.0, 7.5",NULL,Restricted take multizoned,RLS,Rowley Shoals Marine Park
Rowley Shoals,NWS102,Clerke SE reef top C27,-17.3139,119.37816,4/10/2013,4/10/2013,1,1,S,1,1,NULL,No take multizoned,RLS,Rowley Shoals Marine Park
Pilbara,NWS103,Bedout reef top,-19.58223,119.10994,1/10/2023,1/10/2023,1,1,S,1.5,1.5,NULL,Fishing,RLS,
Pilbara,NWS104,Bedout reef edge,-19.58005,119.11058,1/10/2023,1/10/2023,1,2,N,2,"1.0, 3.0",NULL,Fishing,RLS,
Pilbara,NWS105,Bedout north,-19.57575,119.10667,7/10/2013,7/10/2013,1,2,SW,1.5,"1.0, 2.0",NULL,Fishing,RLS,
Pilbara,NWS106,Bedout porites bommie,-19.58873,119.1113,2/10/2023,2/10/2023,1,2,SW,3.5,"3.0, 4.0",NULL,Fishing,RLS,
Pilbara,NWS107,Bedout Reef sunset,-19.59086,119.11063,2/10/2023,2/10/2023,1,2,N,3.5,"3.0, 4.0",NULL,Fishing,RLS,
Pilbara,NWS108,Old 9 Buoy Reef,-20.21246,118.52584,5/10/2023,5/10/2023,1,2,NW,11.5,"11.0, 12.0",NULL,Fishing,RLS,
Pilbara,NWS109,Jenny's Reef,-20.29024,118.48154,9/06/2010,13/10/2013,2,3,N,3.8,"3.0, 4.0, 4.5",NULL,Fishing,RLS,
Ashmore/Cartier,NWS11,Hibernia Lagoon SW,-11.98059,123.33523,2/09/2013,2/01/2019,2,4,E,2.8,"2.5, 3.0",NULL,Fishing,RLS,
Pilbara,NWS110,Hedland 2,-20.119,118.46883,5/10/2023,5/10/2023,1,2,NW,14.5,"14.0, 15.0",NULL,Fishing,RLS,
Pilbara,NWS111,Corneliesse Shoal,-20.03417,118.37617,13/10/2013,13/10/2013,1,2,N,17.5,"17.0, 18.0",NULL,Fishing,RLS,
Pilbara,NWS112,Geographe Shoals N,-20.24701,117.90517,14/10/2013,14/10/2013,1,2,E,10.5,"10.0, 11.0",NULL,Fishing,RLS,
Pilbara,NWS113,Geographe Shoals NW,-20.25835,117.88448,14/10/2013,14/10/2013,1,2,NW,13.5,"13.0, 14.0",NULL,Fishing,RLS,
Pilbara,NWS114,Delambre Inner 1,-20.4367,117.1048,15/10/2013,15/10/2013,1,2,NW,6,"4.0, 8.0",NULL,Fishing,RLS,0
Pilbara,NWS115,Delambre Inner 3,-20.4308,117.0966,15/10/2013,15/10/2013,1,2,NW,5,"4.0, 6.0",NULL,Fishing,RLS,0
Pilbara,NWS116,Delambre Outside 3,-20.4329,117.0634,15/10/2013,15/10/2013,1,2,NW,4.5,"4.0, 5.0",NULL,Fishing,RLS,0
Pilbara,NWS117,Legendre Inside 3,-20.40053,116.91709,16/10/2013,16/10/2013,1,2,SE,6.5,"4.0, 9.0",NULL,Fishing,RLS,0
Pilbara,NWS118,Legendre Outside 1,-20.40494,116.93217,16/10/2013,16/10/2013,1,2,E,6.5,"4.0, 9.0",NULL,Fishing,RLS,0
Pilbara,NWS119,Hamersley Inside 1,-20.3743,116.8053,16/10/2013,16/10/2013,1,2,N,3.1,"3.0, 3.1",NULL,Fishing,RLS,0
Ashmore/Cartier,NWS12,Hibernia Lagoon NW,-11.97626,123.33757,10/10/2021,10/10/2021,1,2,N,4.5,"3.5, 5.5",NULL,Fishing,RLS,
Pilbara,NWS121,Sailfish North 1,-20.45675,116.58642,15/10/2023,15/10/2023,1,2,N,5.5,"4.0, 7.0",NULL,Fishing,RLS,0
Pilbara,NWS122,Sailfish South 2,-20.46293,116.5745,14/10/2023,14/10/2023,1,2,N,4.5,"4.0, 5.0",NULL,Fishing,RLS,0
Pilbara,NWS123,Kendrew 2,-20.4787,116.5332,14/10/2023,14/10/2023,1,2,E,3.5,"3.0, 4.0",NULL,Fishing,RLS,0
Pilbara,NWS124,Goodwyn N,-20.53126,116.53544,18/10/2013,18/10/2013,1,2,N,4.5,"4.0, 5.0",NULL,Fishing,RLS,
Pilbara,NWS125,Goodwyn South Bay,-20.54011,116.54071,14/10/2023,14/10/2023,1,2,W,2.8,"1.5, 4.0",NULL,Fishing,RLS,
Pilbara,NWS126,Enderby SW Bay,-20.61514,116.47628,16/10/2023,16/10/2023,1,2,E,1.8,"1.5, 2.0",NULL,Fishing,RLS,
Pilbara,NWS127,Montebellos East Rock,-20.4513,115.6051,17/10/2023,17/10/2023,1,2,N,1.8,"1.5, 2.0",NULL,No take multizoned,RLS,Montebello Islands Marine Park
Pilbara,NWS128,Trimouille Island SE,-20.40579,115.58393,17/10/2023,17/10/2023,1,2,S,4.3,"3.0, 5.5",NULL,Restricted take multizoned,RLS,Montebello Islands Marine Park
Pilbara,NWS129,Trimouille Island NE,-20.38763,115.5655,17/10/2023,17/10/2023,1,2,E,3.5,"3.0, 4.0",NULL,Restricted take multizoned,RLS,Montebello Islands Marine Park
Ashmore/Cartier,NWS13,Golden Sleeper Corner,-11.9834,123.3271,2/09/2013,2/01/2019,2,5,NW,7.8,"7.0, 7.1, 9.0",NULL,Fishing,RLS,
Pilbara,NWS130,Montebellos Central Lagoon,-20.3945,115.542,21/10/2013,21/10/2013,1,2,SE,2.5,"2.0, 3.0",NULL,Restricted take multizoned,RLS,Montebello Islands Marine Park
Pilbara,NWS131,North West Island,-20.3686,115.5257,21/10/2013,21/10/2013,1,2,SE,2.5,"2.0, 3.0",NULL,Restricted take multizoned,RLS,Montebello Islands Marine Park
Pilbara,NWS132,NW Island Lagoon,-20.37329,115.53338,17/10/2023,17/10/2023,1,2,S,2.8,"2.5, 3.0",NULL,Restricted take multizoned,RLS,Montebello Islands Marine Park
Pilbara,NWS133,North West Island NW,-20.36597,115.50866,22/10/2013,22/10/2013,1,2,N,4.5,"4.0, 5.0",NULL,No take multizoned,RLS,Montebello Islands Marine Park
Pilbara,NWS134,Jonquil Island,-20.4007,115.5001,22/10/2013,22/10/2013,1,2,NW,2.8,"2.5, 3.0",NULL,Restricted take multizoned,RLS,Montebello Islands Marine Park
Pilbara,NWS135,Geneva Bay North,-20.45987,115.55078,20/10/2023,20/10/2023,1,2,N,2.3,"2.0, 2.5",NULL,No take multizoned,RLS,Montebello Islands Marine Park
Pilbara,NWS136,Stephenson Channel,-20.4659,115.5468,19/10/2023,19/10/2023,1,2,E,4.3,"4.0, 4.5",NULL,Restricted take multizoned,RLS,Montebello Islands Marine Park
Pilbara,NWS137,Montebellos SE,-20.5066,115.5647,20/10/2023,20/10/2023,1,2,S,6.8,"6.5, 7.0",NULL,No take multizoned,RLS,Montebello Islands Marine Park
Pilbara,NWS138,Montebellos South,-20.5085,115.5433,25/10/2013,25/10/2013,1,2,S,3.5,"3.0, 4.0",NULL,Restricted take multizoned,RLS,Montebello Islands Marine Park
Pilbara,NWS139,West Reef,-20.4527,115.4784,19/10/2023,19/10/2023,1,2,E,1.9,"1.8, 2.0",NULL,No take multizoned,RLS,Montebello Islands Marine Park
Ashmore/Cartier,NWS14,Surge Crest East,-12.217,123.00392,11/10/2021,17/09/2023,2,4,E,3.5,"3.0, 4.0",NULL,No take multizoned,RLS,Ashmore AMP
Pilbara,NWS140,South West Reef,-20.5097,115.4773,19/10/2023,19/10/2023,1,2,N,1.5,"1.0, 2.0",NULL,No take multizoned,RLS,Montebello Islands Marine Park
Pilbara,NWS141,Varanus North bommie,-20.55596,115.5725,20/10/2023,20/10/2023,1,2,N,5.5,"5.0, 6.0",NULL,No take multizoned,RLS,Montebello Islands Marine Park
Pilbara,NWS142,Varanus Island north,-20.555,115.5731,26/10/2013,26/10/2013,1,2,N,6.5,"6.0, 7.0",NULL,No take multizoned,RLS,Montebello Islands Marine Park
Pilbara,NWS143,Varanus Port limit,-20.57663,115.5774,20/10/2023,20/10/2023,1,2,E,6.3,"6.0, 6.5",NULL,Fishing,RLS,
Pilbara,NWS144,Varanus Island,-20.629,115.5832,26/10/2013,26/10/2013,1,2,W,7.5,"7.0, 8.0",NULL,Fishing,RLS,
Pilbara,NWS145,North Cormorant Island,-20.7348,115.4946,21/10/2023,21/10/2023,1,2,N,1.8,"1.5, 2.0",NULL,Fishing,RLS,
Pilbara,NWS146,Barrow Port South,-20.80068,115.504,27/10/2013,27/10/2013,1,2,S,1.3,"1.0, 1.5",NULL,Fishing,RLS,
Pilbara,NWS147,Barrow Island Port Central,-20.7837,115.5001,27/10/2013,27/10/2013,1,2,S,3.5,"3.0, 4.0",NULL,Fishing,RLS,
Pilbara,NWS148,Barrow Island East,-20.7848,115.5251,21/10/2023,21/10/2023,1,2,W,6.5,"6.0, 7.0",NULL,Fishing,RLS,
Pilbara,NWS149,Barrow NE bommie,-20.7556,115.5745,21/09/2023,21/10/2023,1,2,N,6.5,"6.0, 7.0",NULL,Fishing,RLS,
Ashmore/Cartier,NWS15,Surge Crest West,-12.2159,123.00575,11/10/2021,11/10/2021,1,2,SE,2.8,"2.5, 3.0",NULL,No take multizoned,RLS,Ashmore AMP
Pilbara,NWS150,Barrow south reef,-20.8999,115.4508,28/10/2013,28/10/2013,1,2,S,2.3,"2.0, 2.5",NULL,Fishing,RLS,
Pilbara,NWS152,Barrow south shelf,-20.951,115.4629,28/10/2013,28/10/2013,1,2,NW,2.3,"2.0, 2.5",NULL,Fishing,RLS,
Pilbara,NWS153,Barrow Island deep south,-20.9946,115.4799,28/10/2013,28/10/2013,1,2,N,2.5,"2.0, 3.0",NULL,Fishing,RLS,
Pilbara,NWS154,Barrow Shelf,-21.0778,115.5132,21/10/2023,21/10/2023,1,2,N,1.8,"1.5, 2.0",NULL,Fishing,RLS,
Pilbara,NWS155,Airlie island,-21.31958,115.17213,22/10/2023,22/10/2023,1,2,N,3.8,"3.5, 4.0",NULL,Fishing,RLS,
Pilbara,NWS156,Airlie Island inner reef,-21.32233,115.17332,22/10/2023,22/10/2023,1,2,E,4.8,"4.5, 5.0",NULL,Fishing,RLS,
Exmouth,NWS157,North Muiron Island NE,-21.63678,114.39077,30/10/2013,30/07/2016,3,8,NE,4.2,"2.1, 2.7, 3.0, 4.0, 4.4, 5.6, 6.0, 6.1",NULL,Restricted take multizoned,RLS,Ningaloo Marine Park
Exmouth,NWS158,North Muiron Island East,-21.65079,114.37691,30/10/2013,30/07/2016,3,8,SW,4.2,"2.0, 2.1, 2.3, 4.0, 5.0, 5.5, 6.0, 7.0",NULL,No take multizoned,RLS,Ningaloo Marine Park
Exmouth,NWS159,South Muiron Island NE Channel,-21.67022,114.35251,30/10/2013,30/07/2016,2,5,S,4.5,"2.0, 3.0, 5.6, 6.0, 6.1",NULL,Fishing,RLS,0
Ashmore/Cartier,NWS16,Guardian Reef,-12.23963,122.98389,12/10/2021,15/09/2023,2,4,N,4.4,"3.0, 4.0, 6.5",NULL,Restricted take multizoned,RLS,Ashmore AMP
Exmouth,NWS160,Bundegi Sponge Garden,-21.94178,114.16068,31/10/2013,31/10/2013,1,2,S,13.3,"13.0, 13.5",NULL,Fishing,RLS,
Exmouth,NWS161,Ridge Garden,-22.01948,114.12743,31/10/2013,31/10/2013,1,2,S,6.3,"6.0, 6.5",NULL,Fishing,RLS,
Exmouth,NWS162,Seawhip 1,-22.02105,114.125,31/10/2013,31/10/2013,1,2,S,6.3,"6.0, 6.5",NULL,Fishing,RLS,
Kimberley,NWS163,Berthier Island,-14.49741,124.99591,9/12/2018,9/12/2018,1,2,S,8,"10.0, 6.0",NULL,Restricted take multizoned,RLS,Kimberley AMP
Kimberley,NWS164,White Island bommie,-15.0667,124.33321,11/12/2018,11/12/2018,1,2,N,5.5,"5.0, 6.0",NULL,Restricted take multizoned,RLS,Kimberley AMP
Kimberley,NWS165,Brue Reef North East,-15.92443,123.04739,18/12/2018,18/12/2018,1,2,S,5,"2.0, 8.0",NULL,Restricted take multizoned,RLS,Kimberley AMP
Kimberley,NWS166,Brue Reef,-15.92278,123.04187,18/12/2018,18/12/2018,1,1,SW,2,2,NULL,Restricted take multizoned,RLS,Kimberley AMP
Kimberley,NWS167,Frost Shoal,-15.7837,123.35675,18/12/2018,18/12/2018,1,1,SW,12,12,NULL,No take multizoned,RLS,Kimberley AMP
Kimberley,NWS168,Churchill Reef South East,-15.51735,123.23433,19/12/2018,19/12/2018,1,2,N,4.5,"4.0, 5.0",NULL,Fishing,RLS,
Kimberley,NWS169,Chruchill Reef South West,-15.51897,123.26715,19/12/2018,19/12/2018,1,2,E,7.5,"7.0, 8.0",NULL,Restricted take multizoned,RLS,Kimberley AMP
Ashmore/Cartier,NWS17,Turtle Patch,-12.24179,122.99063,11/10/2021,15/09/2023,2,4,N,4.3,"3.5, 5.0",NULL,Restricted take multizoned,RLS,Ashmore AMP
Kimberley,NWS170,Churchill Reef North West,-15.45017,123.24475,19/12/2018,19/12/2018,1,1,O,7,7,NULL,Restricted take multizoned,RLS,Kimberley AMP
Kimberley,NWS171,Churchill Reef North,-15.44617,123.25202,19/12/2018,19/12/2018,1,2,N,5.5,"5.0, 6.0",NULL,Restricted take multizoned,RLS,Kimberley AMP
Scott & Seringapatam Reefs,NWS172,Scott Outside anchorage,-14.07044,121.97364,20/09/2023,20/09/2023,1,2,N,7,"5.0, 9.0",NULL,Fishing,RLS,
Scott & Seringapatam Reefs,NWS173,Shawrie's Folly,-14.12994,121.96976,22/12/2018,22/12/2018,1,2,E,6,"5.0, 7.0",NULL,Fishing,RLS,
Scott & Seringapatam Reefs,NWS174,North Scott Lagoon,-13.92629,121.90265,19/09/2023,19/09/2023,1,2,NW,5,"4.0, 6.0",NULL,Fishing,RLS,
Scott & Seringapatam Reefs,NWS175,North Reef bommies,-13.91925,121.91215,19/09/2023,19/09/2023,1,2,NW,7.8,"6.0, 9.5",NULL,Fishing,RLS,
Scott & Seringapatam Reefs,NWS176,Shackle Reef,-13.62454,122.00576,18/09/2023,18/09/2023,1,2,NW,7.5,"6.0, 9.0",NULL,Fishing,RLS,
Scott & Seringapatam Reefs,NWS177,Seringapatam channel north,-13.6323,122.02215,18/09/2023,18/09/2023,1,2,NW,7,"6.0, 8.0",NULL,Fishing,RLS,
Ashmore/Cartier,NWS178,Ashmore Central Lagoon Entrance,-12.19673,123.04095,13/10/2021,13/10/2021,1,2,ENE,3.5,"3.0, 4.0",NULL,No take multizoned,RLS,Ashmore AMP
Ashmore/Cartier,NWS179,Not Much Reef,-12.20716,123.04288,13/10/2021,13/10/2021,1,2,SE,2.3,"2.0, 2.5",NULL,No take multizoned,RLS,Ashmore AMP
Ashmore/Cartier,NWS18,Busy Bommie,-12.24122,122.98493,12/10/2021,16/09/2023,2,4,E,3.8,"3.0, 4.0, 5.0",NULL,Restricted take multizoned,RLS,Ashmore AMP
Ashmore/Cartier,NWS180,Grubfish Reef,-12.21192,123.05053,13/10/2021,13/10/2021,1,2,O,3.5,"3.0, 4.0",NULL,No take multizoned,RLS,Ashmore AMP
Ashmore/Cartier,NWS181,Ashmore East Lagoon,-12.18941,123.07672,14/10/2021,14/10/2021,1,2,S,4,"3.0, 5.0",NULL,No take multizoned,RLS,Ashmore AMP
Ashmore/Cartier,NWS182,Ashmore Outer North,-12.17455,123.05939,14/10/2021,14/10/2021,1,2,E,5.3,"5.0, 5.5",NULL,No take multizoned,RLS,Ashmore AMP
Ashmore/Cartier,NWS183,Ashmore Inner North,-12.17552,123.06644,14/10/2021,14/10/2021,1,2,E,4.5,"4.0, 5.0",NULL,No take multizoned,RLS,Ashmore AMP
Ashmore/Cartier,NWS184,Ashmore East Lagoon Entrance,-12.17905,123.07097,14/10/2021,14/10/2021,1,2,E,4.5,"4.0, 5.0",NULL,No take multizoned,RLS,Ashmore AMP
Ashmore/Cartier,NWS185,Northwest Ashmore,-12.18477,123.11123,30/12/2018,30/12/2018,1,2,E,9,"12.0, 6.0",NULL,No take multizoned,RLS,Ashmore AMP
Ashmore/Cartier,NWS186,Cartier North,-12.52576,123.57526,15/10/2021,15/10/2021,1,2,N,4.5,"4.0, 5.0",NULL,No take multizoned,RLS,Ashmore AMP
Ashmore/Cartier,NWS187,Cartier Reef Slope,-12.53478,123.57985,15/10/2021,15/10/2021,1,2,N,4.5,"4.0, 5.0",NULL,No take multizoned,RLS,Ashmore AMP
Ashmore/Cartier,NWS188,Cartier Platform,-12.52658,123.57827,5/01/2019,5/01/2019,1,2,E,4.5,"4.0, 5.0",NULL,No take multizoned,RLS,Ashmore AMP
Ashmore/Cartier,NWS189,Cartier Garden,-12.52527,123.57215,15/10/2021,14/09/2023,2,4,W,6.5,"5.0, 8.0",NULL,No take multizoned,RLS,Ashmore AMP
Ashmore/Cartier,NWS19,Grand Oculis Bommie,-12.24054,122.98329,16/09/2023,16/09/2023,1,1,O,4,4,NULL,Restricted take multizoned,RLS,Ashmore AMP
Ashmore/Cartier,NWS190,Nuclear Bommie,-12.52495,123.56892,6/01/2019,6/01/2019,1,2,O,7,"6.0, 8.0",NULL,No take multizoned,RLS,Ashmore AMP
Ashmore/Cartier,NWS191,Unexploded Bommie,-12.5245,123.56482,15/10/2021,15/10/2021,1,2,N,6,"5.0, 7.0",NULL,No take multizoned,RLS,Ashmore AMP
Ashmore/Cartier,NWS192,Cartier Anchorage,-12.52689,123.58274,15/10/2021,15/10/2021,1,2,NW,9,"11.0, 7.0",NULL,No take multizoned,RLS,Ashmore AMP
Ashmore/Cartier,NWS193,Cartier Island,-12.52436,123.56101,15/10/2021,14/09/2023,2,4,E,7,"10.0, 5.0, 8.0",NULL,No take multizoned,RLS,Ashmore AMP
Scott & Seringapatam Reefs,NWS194,Browse Ledge,-14.10193,123.5508,7/01/2019,7/01/2019,1,2,E,6,"5.0, 7.0",NULL,Fishing,RLS,
Scott & Seringapatam Reefs,NWS195,Browse Fats,-14.10958,123.55655,7/01/2019,7/01/2019,1,2,E,4.5,"4.0, 5.0",NULL,Fishing,RLS,
Scott & Seringapatam Reefs,NWS196,Browse Anchorage,-14.1045,123.55491,7/01/2019,7/01/2019,1,2,N,12.5,"11.0, 14.0",NULL,Fishing,RLS,
Kimberley,NWS197,Groper Reef,-14.05661,125.35585,8/01/2019,8/01/2019,1,2,E,6.8,"6.5, 7.0",NULL,Restricted take multizoned,RLS,Kimberley AMP
Kimberley,NWS198,Jameson Reef Anchorage,-14.05545,125.3604,8/01/2019,8/01/2019,1,2,N,9.5,"10.0, 9.0",NULL,Restricted take multizoned,RLS,Kimberley AMP
Kimberley,NWS199,Cassini Point,-13.94304,125.64153,9/01/2019,9/01/2019,1,2,E,6,"5.0, 7.0",NULL,Restricted take multizoned,RLS,Kimberley AMP
Ashmore/Cartier,NWS2,Barracouta Shoal,-12.5583,124.0382,16/10/2021,16/10/2021,1,2,NW,21.3,"21.0, 21.5",NULL,Fishing,RLS,
Ashmore/Cartier,NWS20,Flat's Edge,-12.24414,123.00182,12/10/2021,12/10/2021,1,2,E,2.5,"2.0, 3.0",NULL,No take multizoned,RLS,Ashmore AMP
Kimberley,NWS200,Cassini anchorage,-13.94105,125.63595,9/01/2019,9/01/2019,1,2,NW,6,"5.0, 7.0",NULL,Restricted take multizoned,RLS,Kimberley AMP
Kimberley,NWS201,Lesueur Island South,-13.82453,127.2726,18/10/2021,18/10/2021,1,2,E,3.3,"3.0, 3.5",NULL,Restricted take multizoned,RLS,Kimberley AMP
Ashmore/Cartier,NWS202,Ashmore North,-12.2013,123.0255,13/10/2021,17/09/2023,2,4,S,9,"11.0, 7.0",NULL,Fishing,RLS,North-west marine Park Network
Ashmore/Cartier,NWS203,Whatever Reef,-12.54102,123.57073,15/10/2021,14/09/2023,2,4,W,7,"6.0, 7.0, 8.0",NULL,Fishing,RLS,North-west marine Park Network
Ashmore/Cartier,NWS204,Annas Delight,-12.54137,123.53522,14/09/2023,14/09/2023,1,1,SE,11,11,NULL,0,RLS,0
Ashmore/Cartier,NWS205,Marlin Shoal Flats,-12.19171,122.998,17/09/2023,17/09/2023,1,2,E,12.5,"12.0, 13.0",NULL,0,RLS,0
Ashmore/Cartier,NWS206,Ashmore Shoal North,-12.21558,122.96231,17/09/2023,17/09/2023,1,1,E,12.9,12.9,NULL,0,RLS,0
Ashmore/Cartier,NWS207,Seringapatam Lagoon Bommie,-20.26689,115.38975,18/09/2023,18/10/2023,1,3,N,6.6,"6.0, 6.8, 7.0",NULL,0,RLS,0
Ashmore/Cartier,NWS208,Tryal Rocks Anchorage,-20.27395,115.39108,18/10/2023,18/10/2023,1,2,NE,5.5,"5.0, 6.0",NULL,0,RLS,0
Pilbara,NWS209,Tryal Rocks Surge,-20.27473,115.28839,18/10/2023,18/10/2023,1,1,E,6,6,NULL,0,RLS,0
Ashmore/Cartier,NWS21,Hemiplage Bommie,-12.24405,122.99881,12/10/2021,12/10/2021,1,2,NE,4,"3.5, 4.5",NULL,No take multizoned,RLS,Ashmore AMP
Pilbara,NWS210,Tryal Rocks Reeftop,-20.26862,115.39062,18/10/2023,18/10/2023,1,2,N,1.9,"1.8, 2.0",NULL,0,RLS,0
Ashmore/Cartier,NWS22,Dotty Reef,-12.24109,122.9864,15/09/2023,15/09/2023,1,2,E,4.3,"4.0, 4.5",NULL,Restricted take multizoned,RLS,Ashmore AMP
Ashmore/Cartier,NWS23,Kuhlii Bommie,-12.23384,122.99001,16/09/2023,16/09/2023,1,2,E,4.5,"4.0, 5.0",NULL,No take multizoned,RLS,Ashmore AMP
Ashmore/Cartier,NWS24,Reel Lost Bommie,-12.24264,122.98531,16/09/2023,16/09/2023,1,1,W,8,8,NULL,No take multizoned,RLS,Ashmore AMP
Ashmore/Cartier,NWS25,Eviota Bommie,-12.23989,122.98643,11/10/2021,11/10/2021,1,2,N,5,"4.0, 6.0",NULL,Restricted take multizoned,RLS,Ashmore AMP
Scott & Seringapatam Reefs,NWS26,Seringapatam North,-13.62389,121.99474,7/09/2013,26/12/2018,2,3,NE,7.2,"6.0, 7.5, 8.0",NULL,Fishing,RLS,
Scott & Seringapatam Reefs,NWS27,Election Day Reef,-14.07039,121.96127,20/09/2023,20/09/2023,1,2,E,3.5,"3.0, 4.0",NULL,Fishing,RLS,
Scott & Seringapatam Reefs,NWS28,Consolation Bommie,-14.1327,121.94218,21/09/2023,21/09/2023,1,2,E,5.8,"4.5, 7.0",NULL,Fishing,RLS,
Scott & Seringapatam Reefs,NWS29,Moray Bommie,-14.12668,121.94546,21/09/2023,21/09/2023,1,2,NE,4.5,"4.0, 5.0",NULL,Fishing,RLS,
Ashmore/Cartier,NWS3,Cardinal Shoal,-11.9719,123.3878,10/10/2021,10/10/2021,1,2,NW,7.5,"6.0, 9.0",NULL,Fishing,RLS,
Scott & Seringapatam Reefs,NWS30,Longnose Spur,-14.14184,121.9589,8/09/2013,23/12/2018,2,3,S,6.7,"6.0, 8.0",NULL,Fishing,RLS,
Scott & Seringapatam Reefs,NWS31,Napoleon Reef,-14.14383,121.95693,8/09/2013,23/12/2018,2,3,NE,8.7,"10.0, 6.0",NULL,Fishing,RLS,
Scott & Seringapatam Reefs,NWS32,Goby Heaven,-14.10934,121.96473,8/09/2013,22/12/2018,2,4,W,4.3,"4.0, 4.1, 5.0",NULL,Fishing,RLS,
Scott & Seringapatam Reefs,NWS33,NE Passage,-14.05597,121.95847,9/09/2013,20/12/2018,2,4,E,7.5,"6.0, 9.0",NULL,Fishing,RLS,
Scott & Seringapatam Reefs,NWS34,Table Tip,-14.06257,121.9653,20/09/2023,20/09/2023,1,2,NW,6,"4.5, 7.5",NULL,Fishing,RLS,
Scott & Seringapatam Reefs,NWS35,Ian's Anchorage,-14.0717,121.95083,20/09/2023,20/09/2023,1,2,N,6.5,"6.0, 7.0",NULL,Fishing,RLS,
Scott & Seringapatam Reefs,NWS36,Fungiid Fields,-14.0747,121.78767,21/09/2023,21/09/2023,1,2,N,9,"10.0, 8.0",NULL,Fishing,RLS,
Scott & Seringapatam Reefs,NWS37,Stake Edge,-14.0453,121.78072,10/09/2013,24/12/2018,2,4,N,6.5,"6.0, 7.0",NULL,Fishing,RLS,
Scott & Seringapatam Reefs,NWS38,Chaetodontoides,-14.06866,121.77651,21/09/2023,21/09/2023,1,2,E,6.5,"5.5, 7.5",NULL,Fishing,RLS,
Scott & Seringapatam Reefs,NWS39,Odonus Dropoff,-14.0828,121.74816,21/09/2023,21/09/2023,1,1,SE,7,7,NULL,Fishing,RLS,
Ashmore/Cartier,NWS4,Titan Reef,-11.969,123.3794,10/10/2021,10/10/2021,1,2,E,7,"5.0, 9.0",NULL,Fishing,RLS,
Scott & Seringapatam Reefs,NWS40,Stern Trawler Reef,-14.0785,121.742,21/09/2023,21/09/2023,1,1,W,1.5,1.5,NULL,Fishing,RLS,
Scott & Seringapatam Reefs,NWS41,Dead West,-14.10823,121.72068,11/09/2013,24/12/2018,2,4,NE,11.6,"11.0, 11.5, 12.0",NULL,Fishing,RLS,
Ashmore/Cartier,NWS5,Hibernia Lagoon SE,-11.97961,123.38074,1/09/2013,4/01/2019,2,4,N,3.7,"3.0, 3.1, 3.5, 5.0",NULL,Fishing,RLS,
Rowley Shoals,NWS50,Imperieuse SE lagoon,-17.6101,118.97,21/09/2013,23/11/2018,2,4,SW,1.3,"1.0, 1.5",NULL,No take multizoned,RLS,Rowley Shoals Marine Park
Rowley Shoals,NWS51,Imperieuse West Lagoon,-17.6089,118.96364,21/09/2013,23/11/2018,2,4,SSW,5.5,"4.0, 7.0",NULL,No take multizoned,RLS,Rowley Shoals Marine Park
Rowley Shoals,NWS52,Imperieuse SE reef edge,-17.6089,118.96364,21/09/2013,21/09/2013,1,2,N,4.5,"4.0, 5.0",NULL,No take multizoned,RLS,Rowley Shoals Marine Park
Rowley Shoals,NWS53,Imperieuse SE reef top,-17.579,118.96872,22/09/2013,26/11/2018,2,4,S,0.2,"0.1, 0.3",NULL,No take multizoned,RLS,Rowley Shoals Marine Park
Rowley Shoals,NWS54,Imperieuse east lagoon,-17.5804,118.9369,22/09/2013,24/11/2018,2,4,W,1.5,"1.0, 2.0",NULL,No take multizoned,RLS,Rowley Shoals Marine Park
Rowley Shoals,NWS55,Imperieuse East,-17.56991,118.97193,22/09/2013,24/11/2018,2,4,S,4.5,"4.0, 5.0",NULL,No take multizoned,RLS,Rowley Shoals Marine Park
Rowley Shoals,NWS56,Imperieuse Reef Rage,-17.6102,118.9747,30/09/2023,30/09/2023,1,4,N,6,"4.0, 5.0, 7.0, 8.0",NULL,No take multizoned,RLS,Rowley Shoals Marine Park
Rowley Shoals,NWS57,Imperieuse edge,-17.548,118.9737,29/09/2023,29/09/2023,1,2,S,7.5,"10.0, 5.0",NULL,No take multizoned,RLS,Rowley Shoals Marine Park
Rowley Shoals,NWS58,Rowley Shoals 3,-17.5531,118.9738,29/09/2023,29/09/2023,1,2,S,5.8,"4.0, 7.5",NULL,No take multizoned,RLS,Rowley Shoals Marine Park
Rowley Shoals,NWS59,Imperieuse lagoon bommie,-17.54732,118.9668,29/09/2023,29/09/2023,1,2,N,4,"3.0, 5.0",NULL,No take multizoned,RLS,Rowley Shoals Marine Park
Ashmore/Cartier,NWS6,Hibernia Lagoon SE2,-11.97448,123.38116,10/10/2021,10/10/2021,1,2,E,4,"3.0, 5.0",NULL,Fishing,RLS,
Rowley Shoals,NWS60,Imperieuse 14,-17.54749,118.96884,29/09/2023,29/09/2023,1,2,NW,2,"1.5, 2.5",NULL,No take multizoned,RLS,Rowley Shoals Marine Park
Rowley Shoals,NWS61,Imperieuse edge RS3-3,-17.5582,118.9724,29/09/2023,29/09/2023,1,2,S,5.5,"4.0, 7.0",NULL,No take multizoned,RLS,Rowley Shoals Marine Park
Rowley Shoals,NWS62,Imperieuse anchorage,-17.50713,118.96635,30/09/2023,30/09/2023,1,2,SW,15,"13.0, 17.0",NULL,Restricted take multizoned,RLS,Rowley Shoals Marine Park
Rowley Shoals,NWS63,Imperieuse north,-17.50218,118.96276,30/09/2023,30/09/2023,1,2,S,6,"5.0, 7.0",NULL,No take multizoned,RLS,Rowley Shoals Marine Park
Rowley Shoals,NWS64,Imperieuse north lagoon,-17.56045,118.94214,24/09/2013,24/11/2018,2,4,SW,1.8,"1.5, 2.0",NULL,No take multizoned,RLS,Rowley Shoals Marine Park
Rowley Shoals,NWS65,Mermaid south M7,-17.13371,119.6339,25/09/2013,25/09/2013,1,2,W,8.5,"10.0, 7.0",NULL,No take multizoned,RLS,Mermaid Reef CMR
Rowley Shoals,NWS66,Mermaid anchorage dropoff 1.3,-17.0764,119.6539,25/09/2013,15/11/2018,2,6,S,12,"25.0, 4.0, 7.0",NULL,No take multizoned,RLS,Mermaid Reef CMR
Rowley Shoals,NWS67,Mermaid anchorage bommie,-17.07374,119.6455,26/09/2013,14/11/2018,2,4,O,4.5,"4.0, 5.0",NULL,No take multizoned,RLS,Mermaid Reef CMR
Rowley Shoals,NWS68,Mermaid S channel entrance,-17.06263,119.64696,24/09/2023,24/09/2023,1,2,E,9.5,"10.0, 9.0",NULL,No take multizoned,RLS,Mermaid Reef CMR
Rowley Shoals,NWS69,Mermaid anchorage dropoff 1.1,-17.0658,119.6494,27/09/2013,14/11/2018,2,4,S,13.5,"22.0, 5.0",NULL,No take multizoned,RLS,Mermaid Reef CMR
Ashmore/Cartier,NWS7,Big Fish Gulch,-11.9671,123.3586,1/09/2013,3/01/2019,2,4,S,5.8,"4.5, 7.0",NULL,Fishing,RLS,
Rowley Shoals,NWS70,Mermaid SW bommie M11,-17.1641,119.6277,27/09/2013,13/11/2018,2,4,E,7.6,"10.0, 4.5, 7.0, 9.0",NULL,No take multizoned,RLS,Mermaid Reef CMR
Rowley Shoals,NWS71,Mermaid S bommie,-17.15365,119.6311,27/09/2013,15/11/2018,2,4,W,6,"5.0, 7.0",NULL,No take multizoned,RLS,Mermaid Reef CMR
Rowley Shoals,NWS72,Mermaid Reef Lagoon Dragon,-17.0754,119.64617,25/09/2023,25/09/2023,1,1,SW,13,13,NULL,No take multizoned,RLS,Mermaid Reef CMR
Rowley Shoals,NWS73,Mermaid channel mid bank,-17.06644,119.64167,24/09/2023,24/09/2023,1,2,E,5,"4.0, 6.0",NULL,No take multizoned,RLS,Mermaid Reef CMR
Rowley Shoals,NWS74,Mermaid Lagoon Reef Dragon Escape,-17.06983,119.64367,24/09/2023,24/09/2023,1,2,E,3.5,"3.0, 4.0",NULL,No take multizoned,RLS,Mermaid Reef CMR
Rowley Shoals,NWS75,Mermaid west lagoon,-17.08687,119.6148,28/09/2013,16/11/2018,2,4,W,6,"3.0, 9.0",NULL,No take multizoned,RLS,Mermaid Reef CMR
Rowley Shoals,NWS76,Mermaid central bommie,-17.11469,119.63474,28/09/2013,13/11/2018,2,4,W,5.5,"3.0, 8.0",NULL,No take multizoned,RLS,Mermaid Reef CMR
Rowley Shoals,NWS77,Mermaid Reef Cod Hole,-17.06202,119.64815,24/09/2023,24/09/2023,1,2,E,14.5,"22.0, 7.0",NULL,No take multizoned,RLS,Mermaid Reef CMR
Rowley Shoals,NWS78,Mermaid channel bommies,-17.0666,119.64027,23/09/2023,23/09/2023,1,2,S,5.5,"5.0, 6.0",NULL,No take multizoned,RLS,Mermaid Reef CMR
Rowley Shoals,NWS79,Mermaid dropoff 1.2,-17.0721,119.6533,25/09/2023,25/09/2023,1,2,N,7.5,"11.0, 4.0",NULL,No take multizoned,RLS,Mermaid Reef CMR
Ashmore/Cartier,NWS8,Hibernia Lagoon South,-11.97908,123.36079,10/10/2021,10/10/2021,1,2,E,6.3,"5.0, 7.5",NULL,Fishing,RLS,
Rowley Shoals,NWS80,Mermaid Reef No Pygmy,-17.08181,119.65518,29/09/2013,13/11/2018,2,4,SE,8,"11.0, 5.0",NULL,No take multizoned,RLS,Mermaid Reef CMR
Rowley Shoals,NWS81,Mermaid North M1,-17.02767,119.61792,23/09/2023,23/09/2023,1,2,W,8.5,"12.0, 5.0",NULL,No take multizoned,RLS,Mermaid Reef CMR
Rowley Shoals,NWS82,Mermaid west dropoff M4,-17.0762,119.5962,30/09/2013,16/11/2018,2,4,N,6.5,"5.0, 8.0",NULL,No take multizoned,RLS,Mermaid Reef CMR
Rowley Shoals,NWS83,Clerke North C1B,-17.24607,119.35201,28/09/2023,28/09/2023,1,2,E,8,"7.0, 9.0",NULL,No take multizoned,RLS,Rowley Shoals Marine Park
Rowley Shoals,NWS84,Clerke North Point,-17.24612,119.34713,28/09/2023,28/09/2023,1,2,W,8,"10.0, 6.0",NULL,Restricted take multizoned,RLS,Rowley Shoals Marine Park
Rowley Shoals,NWS85,Clerke Reef - Far too early,-17.24607,119.35201,1/10/2013,1/10/2013,1,1,W,4.5,4.5,NULL,No take multizoned,RLS,Rowley Shoals Marine Park
Rowley Shoals,NWS86,Clerke anchorage dropoff 2.1,-17.2909,119.35929,1/10/2013,18/11/2018,2,4,S,6.5,"5.0, 8.0",NULL,No take multizoned,RLS,Rowley Shoals Marine Park
Rowley Shoals,NWS87,Clerke Anchorage Dropoff 2.2,-17.2843,119.3769,27/09/2023,27/09/2023,1,2,NW,6,"5.0, 7.0",NULL,No take multizoned,RLS,Rowley Shoals Marine Park
Rowley Shoals,NWS88,Clerke anchorage dropoff 2.3,-17.288,119.3775,27/09/2023,27/09/2023,1,2,S,6.5,"5.0, 8.0",NULL,No take multizoned,RLS,Rowley Shoals Marine Park
Rowley Shoals,NWS89,Blue lagoon,-17.25302,119.36037,27/09/2023,27/09/2023,1,2,W,12.5,"18.0, 7.0",NULL,Restricted take multizoned,RLS,Rowley Shoals Marine Park
Ashmore/Cartier,NWS9,Spur and Groove Reef,-11.9685,123.3356,2/09/2013,2/01/2019,2,4,E,7.5,"7.0, 8.0",NULL,Fishing,RLS,
Rowley Shoals,NWS90,Clerke Reef Snorkelling Paradise,-17.28632,119.3724,26/09/2023,26/09/2023,1,2,N,1.3,"1.0, 1.6",NULL,No take multizoned,RLS,Rowley Shoals Marine Park
Rowley Shoals,NWS91,Clerke NE C14,-17.28312,119.37301,27/09/2023,27/09/2023,1,2,S,2.9,"2.5, 3.3",NULL,No take multizoned,RLS,Rowley Shoals Marine Park
Rowley Shoals,NWS92,Clerke Reef Aquarium,-17.28321,119.37053,25/09/2023,25/09/2023,1,2,NW,5.8,"4.5, 7.0",NULL,No take multizoned,RLS,Rowley Shoals Marine Park
Rowley Shoals,NWS93,Clerke west lagoon C26,-17.29772,119.3423,2/10/2013,20/11/2018,2,4,SE,3.5,"3.0, 4.0",NULL,Restricted take multizoned,RLS,Rowley Shoals Marine Park
Rowley Shoals,NWS94,Clerke west C12,-17.31065,119.3675,2/10/2013,21/11/2018,2,4,W,5.8,"5.5, 6.0",NULL,Restricted take multizoned,RLS,Rowley Shoals Marine Park
Rowley Shoals,NWS95,Clerke lagoon bommie C13,-17.31065,119.3675,26/09/2023,26/09/2023,1,2,W,5.5,"5.0, 6.0",NULL,No take multizoned,RLS,Rowley Shoals Marine Park
Rowley Shoals,NWS96,South Lagoon bommie C21,-17.31882,119.3605,3/10/2013,18/11/2018,2,4,S,4.5,"3.0, 6.0",NULL,No take multizoned,RLS,Rowley Shoals Marine Park
Rowley Shoals,NWS97,Clerke south lagoon C25,-17.3155,119.3675,26/09/2023,26/09/2023,1,2,W,3.5,"3.0, 4.0",NULL,No take multizoned,RLS,Rowley Shoals Marine Park
Rowley Shoals,NWS98,Clerke lagoon east C20,-17.30694,119.37064,26/09/2023,26/09/2023,1,2,W,3,"2.0, 4.0",NULL,No take multizoned,RLS,Rowley Shoals Marine Park
Rowley Shoals,NWS99,Clerke lagoon NW bommie C29,-17.2909,119.35929,26/09/2023,26/09/2023,1,1,SW,3.2,3.2,NULL,No take multizoned,RLS,Rowley Shoals Marine Park
Oceanic Shoals,OS1,Flinders Shoal East,-9.8784,129.28767,4/10/2021,4/10/2021,1,2,SE,13.5,"13.0, 14.0",NULL,Fishing,RLS,
Oceanic Shoals,OS10,Cootamundra Shoal,-10.84015,129.21628,5/10/2021,5/10/2021,1,1,N,20,20,NULL,0,RLS,0
Oceanic Shoals,OS11,Kitan Shoal West,-10.6972,126.33231,7/10/2021,12/09/2023,2,3,N,19.1,"19.0, 19.2",NULL,0,RLS,0
Oceanic Shoals,OS12,Kitan Shoal East,-10.69616,126.33519,7/10/2021,12/09/2023,2,4,N,21.3,"21.0, 21.1, 21.4, 21.5",NULL,0,RLS,0
Oceanic Shoals,OS13,Mangola Shoal,-11.65513,125.11145,8/10/2021,13/09/2023,2,4,N,17.3,"17.0, 17.5, 17.8",NULL,0,RLS,0
Oceanic Shoals,OS14,NW Jabiru Shoal,-11.7161,125.02088,8/10/2021,13/09/2023,2,4,N,18.4,"18.0, 18.5, 19.0",NULL,0,RLS,0
Oceanic Shoals,OS15,Blue Coral Shoal,-11.73382,123.98692,9/10/2021,9/10/2021,1,2,N,11.5,"11.0, 12.0",NULL,0,RLS,0
Oceanic Shoals,OS16,Parry Shoal,-11.22278,129.66312,1/10/2021,10/09/2023,2,4,E,14.2,"14.0, 14.2, 14.5",NULL,0,RLS,0
Oceanic Shoals,OS17,Halimeda Shoal,-11.51033,125.27902,13/09/2023,13/09/2023,1,1,N,21,21,NULL,0,RLS,0
Oceanic Shoals,OS2,Flinders Shoal Central,-9.88038,129.2863,4/10/2021,4/10/2021,1,2,NW,14.3,"14.0, 14.5",NULL,Fishing,RLS,
Oceanic Shoals,OS3,Evans Shoal,-9.88632,129.54748,3/10/2021,3/10/2021,1,2,NW,15.8,"15.5, 16.0",NULL,Fishing,RLS,
Oceanic Shoals,OS4,Blackwood Shoal,-9.88453,129.41618,3/10/2021,3/10/2021,1,2,E,18.5,"18.0, 19.0",NULL,Fishing,RLS,
Oceanic Shoals,OS5,Moss Shoal Central,-11.13576,129.91309,2/10/2021,10/09/2023,2,4,N,10.8,"10.0, 11.0, 11.3",NULL,No take multizoned,RLS,Oceanic Shoals MP
Oceanic Shoals,OS6,Moss Shoal West,-11.13407,129.91252,2/10/2021,10/09/2023,2,4,NW,12.1,"11.2, 12.0, 12.5",NULL,No take multizoned,RLS,Oceanic Shoals MP
Oceanic Shoals,OS7,Marie Shoal,-10.89127,130.0992,12/10/2015,12/10/2015,1,2,SE,13.6,"13.4, 13.8",NULL,Restricted take multizoned,RLS,Oceanic Shoals MP
Oceanic Shoals,OS8,Marie Shoal South,-10.91023,130.09902,2/10/2021,2/10/2021,1,2,NW,12.5,"12.0, 13.0",NULL,Restricted take multizoned,RLS,Oceanic Shoals MP
Oceanic Shoals,OS9,South Evans Shoal,-10.1338,129.54445,4/10/2021,4/10/2021,1,2,E,16.5,"16.0, 17.0",NULL,0,RLS,0
Upper South East (Robe),OTW18,Salmon Hole,-37.48789,140.00589,15/11/2009,15/11/2009,1,1,NULL,2.5,2.5,NULL,Fishing,RLS,
Upper South East (Robe),OTW20,Goat Island 1,-37.1767,139.7346,4/02/2012,4/02/2012,1,4,NULL,5.3,"5.1, 5.2, 5.3, 5.4",NULL,Restricted take multizoned,ATRC,Upper South East
Upper South East (Robe),OTW21,Robe Control 10,-37.16649,139.73927,30/03/2014,30/03/2014,1,4,NULL,10.3,"10.1, 10.2, 10.3, 10.4",NULL,Restricted take multizoned,ATRC,Upper South East
Upper South East (Robe),OTW22,Doorway Rock,-37.15893,139.74278,4/02/2012,4/02/2012,1,4,NULL,5.3,"5.1, 5.2, 5.3, 5.4",NULL,No take multizoned,ATRC,Upper South East
Upper South East (Robe),OTW23,Robe SZ 10,-37.15644,139.7421,30/03/2014,30/03/2014,1,4,NULL,10.3,"10.1, 10.2, 10.3, 10.4",NULL,No take multizoned,ATRC,Upper South East
Upper South East (Robe),OTW24,Baudin Rocks 1,-37.085,139.72065,3/02/2012,3/02/2012,1,4,NULL,5.3,"5.1, 5.2, 5.3, 5.4",NULL,Restricted take multizoned,ATRC,Upper South East
Upper South East (Robe),OTW25,Baudin Rocks inside,-37.0845,139.73106,3/02/2012,3/02/2012,1,4,NULL,5.3,"5.1, 5.2, 5.3, 5.4",NULL,Restricted take multizoned,ATRC,Upper South East
Port Davey,PD-S10,Milner Head,-43.32266,145.98624,21/04/2005,18/03/2011,6,24,NULL,5.3,"5.1, 5.2, 5.3, 5.4","6m_W, 6m_N, 5m_N, 5m_W",No take multizoned,ATRC,Port Davey National Park
Port Davey,PD-S11,North Whalers Point,-43.29901,145.92647,20/04/2005,16/03/2011,6,24,NULL,5.3,"5.1, 5.2, 5.3, 5.4","6m_N, 6m_W, 5m_N",Restricted take multizoned,ATRC,Port Davey National Park
Port Davey,PD-S12,"Shark Jaw Gulch, 5m",-43.30981,145.84244,24/04/2005,25/04/2009,5,20,NULL,5.3,"5.1, 5.2, 5.3, 5.4","6m_N, 5m_N",Fishing,ATRC,
Port Davey,PD-S13,"Shark Jaw Gulch, 10m",-43.30933,145.84277,12/03/2025,12/03/2025,1,4,W,10.3,"10.1, 10.2, 10.3, 10.4","11m_W, 11m_N, 10m_W",Fishing,ATRC,
Port Davey,PD-S14,South Whalers Point,-43.30334,145.91719,25/04/2005,20/03/2011,6,44,NULL,8,"10.1, 10.2, 10.3, 10.4, 5.1, 5.2, 5.3, 5.4","6m_N, 11m_N, 11m_E, 10m_E, 6m_E, 5m_E",No take multizoned,ATRC,Port Davey National Park
Port Davey,PD-S15,Shark Jaw,-43.30415,145.84673,12/03/2025,12/03/2025,1,4,E,10.3,"10.1, 10.2, 10.3, 10.4","11m_N, 11m_E, 10m_N",Fishing,ATRC,
Port Davey,PD-S16,West Pyramid,-43.29728,145.81934,12/03/2025,12/03/2025,1,4,N,10.3,"10.1, 10.2, 10.3, 10.4","11m_N, 11m_W, 11m_S, 10m_W",Fishing,ATRC,
Port Davey,PD-S17,Inner Saddle South West Point,-43.31243,145.89661,20/04/2005,15/03/2011,6,48,NULL,7.8,"10.1, 10.2, 10.3, 10.4, 5.1, 5.2, 5.3, 5.4","6m_N, 11m_N, 11m_W, 11m_S, 5m_N, 10m_N",No take multizoned,ATRC,Port Davey National Park
Port Davey,PD-S18,Breaksea Island South,-43.33358,145.96667,21/04/2005,27/04/2009,5,20,NULL,5.3,"5.1, 5.2, 5.3, 5.4","6m_N, 6m_S, 5m_N",No take multizoned,ATRC,Port Davey National Park
Port Davey,PD-S19,Normans Bay,-43.36944,145.93324,24/04/2005,26/04/2009,3,12,NULL,10.3,"10.1, 10.2, 10.3, 10.4","11m_W, 11m_N, 11m_E, 11m_S, 10m_W",Restricted take multizoned,ATRC,Port Davey National Park
Port Davey,PD-S20,Outer Saddle Bight,-43.31814,145.87366,25/04/2005,21/04/2009,3,12,NULL,10.3,"10.1, 10.2, 10.3, 10.4","11m_N, 10m_N",Restricted take multizoned,ATRC,Port Davey National Park
Port Davey,PD-S21,Muttonbird Island South,-43.42177,145.96962,23/04/2005,23/04/2009,5,20,NULL,10.3,"10.1, 10.2, 10.3, 10.4","11m_N, 10m_N",Fishing,ATRC,
Port Davey,PD-S22,"Inner Saddle Bight Middle Reef, 5m",-43.30063,145.90294,25/04/2005,15/03/2011,6,24,NULL,5.3,"5.1, 5.2, 5.3, 5.4","6m_N, 6m_W, 5m_N",No take multizoned,ATRC,Port Davey National Park
Port Davey,PD-S23,"Inner Saddle Bight Middle Reef, 10m",-43.30252,145.90285,26/04/2005,20/03/2011,6,24,NULL,10.3,"10.1, 10.2, 10.3, 10.4","11m_N, 11m_E, 11m_W, 10m_N",No take multizoned,ATRC,Port Davey National Park
Port Davey,PD-S24,South Channel Head,-43.32943,145.98819,27/04/2005,17/03/2011,6,24,NULL,5.3,"5.1, 5.2, 5.3, 5.4","6m_W, 6m_N, 5m_N",No take multizoned,ATRC,Port Davey National Park
Port Davey,PD-S25,"Whalers Point, Whalers Beach, 5m",-43.29113,145.92278,27/04/2005,21/03/2011,6,24,NULL,5.3,"5.1, 5.2, 5.3, 5.4","6m_N, 6m_S, 5m_N",Restricted take multizoned,ATRC,Port Davey National Park
Port Davey,PD-S26,"Whalers Point North, 300m North of Whalers Point East",-43.29711,145.92377,26/04/2005,16/03/2011,6,24,NULL,5.3,"5.1, 5.2, 5.3, 5.4","6m_N, 5m_N",Restricted take multizoned,ATRC,Port Davey National Park
Port Davey,PD-S27,Norman Cove Inner,-43.36995,145.93801,27/03/2006,19/03/2011,4,16,NULL,10.3,"10.1, 10.2, 10.3, 10.4",NULL,Restricted take multizoned,ATRC,Port Davey National Park
Port Davey,PD-S28,"Outer Saddle Bight, Inner West, 10m",-43.31604,145.87587,29/03/2006,16/03/2011,4,16,NULL,10.3,"10.1, 10.2, 10.3, 10.4",NULL,Restricted take multizoned,ATRC,Port Davey National Park
Port Davey,PD-S29,Sarah Island,-43.33056,145.99501,27/04/2005,17/03/2011,6,24,NULL,5.3,"5.1, 5.2, 5.3, 5.4","6m_S, 5m_S",No take multizoned,ATRC,Port Davey National Park
Port Davey,PD-S4,Mutton Bird Island,-43.41651,145.97241,23/04/2005,23/04/2009,5,20,NULL,5.3,"5.1, 5.2, 5.3, 5.4","6m_N, 5m_N",Fishing,ATRC,
Port Davey,PD-S7,Spain Bay,-43.36119,145.95775,23/04/2005,19/03/2011,6,24,NULL,5.3,"5.1, 5.2, 5.3, 5.4","6m_W, 6m_N, 6m_E, 5m_W",Restricted take multizoned,ATRC,Port Davey National Park
Point Hicks,PHMP23,Kerangie Bay,-37.80361,149.27112,29/10/2010,17/11/2014,2,3,N,5,"4.0, 5.0, 6.0",NULL,No take,RLS,Point Hicks Marine National Park
Point Hicks,PHMP24,Saros,-37.80305,149.2704,7/11/2014,7/11/2014,1,1,N,7,7,NULL,No take,RLS,Point Hicks Marine National Park
Solitary Islands,PIMP1,Pimpernel Rock,-29.69808,153.39755,14/06/2023,14/06/2023,1,2,N,20,"14.0, 26.0",NULL,No take multizoned,RLS,Solitary Islands Marine Park
Port Phillip Bay,PPB10,North Rd  Brighton,-37.89712,144.98273,16/05/2010,24/11/2019,4,4,,2.1,"1.0, 2.0, 2.4, 3.0",NULL,Fishing,RLS,
Port Phillip Bay,PPB11,Ricketts Point,-37.99153,145.02831,20/08/2009,20/08/2009,1,1,NULL,1.5,1.5,NULL,No take,RLS,Ricketts Point Marine Sanctuary
Port Phillip Bay,PPB12,Davey Bay  Mt. Eliza,-38.16274,145.08791,17/12/2009,25/11/2019,4,4,,1.5,1.5,NULL,Fishing,RLS,
Port Phillip Bay,PPB13,Point Cooke Marine Sanctuary,-37.92617,144.79505,30/01/2010,18/10/2013,2,4,,1.7,"1.0, 1.5, 2.0, 2.4",NULL,No take,RLS,Point Cooke Marine Sanctuary
Port Phillip Bay,PPB14,Rye Pier step off,-38.36617,144.82295,3/02/2010,14/10/2013,2,2,O,3.8,"3.5, 4.0",NULL,Fishing,RLS,
Port Phillip Bay,PPB15,Ricketts Pt,-37.99492,145.02939,15/03/2008,8/11/2013,3,4,,2.9,"2.0, 3.5, 4.0",NULL,No take,RLS,Ricketts Point Marine Sanctuary
Port Phillip Bay,PPB16,Steeles Rocks,-38.11138,144.66488,11/02/2022,11/02/2022,1,2,NE,2.7,"2.6, 2.8",NULL,Fishing,RLS,
Port Phillip Bay,PPB17,South Werribee  Duncans Rd,-37.97092,144.70294,26/01/2010,15/10/2013,2,3,,2.3,"2.0, 2.5",NULL,Fishing,RLS,
Port Phillip Bay,PPB18,Altona Beach,-37.87174,144.83947,26/01/2010,18/10/2013,2,3,,1.7,"1.0, 2.0",NULL,Fishing,RLS,
Port Phillip Bay,PPB19,Point Gellibrand  Williamstown,-37.87285,144.9044,14/02/2010,4/10/2013,3,5,,1.5,"1.0, 1.5, 2.0",NULL,Fishing,RLS,
Port Phillip Bay,PPB20,Williamstown  SLSC,-37.86859,144.8881,10/03/2023,10/03/2023,1,1,W,2,2,NULL,Fishing,RLS,
Port Phillip Bay,PPB21,Point Gellibrand South,-37.8684,144.91274,20/03/2010,4/10/2013,3,3,,1.8,"1.5, 2.0",NULL,Fishing,RLS,
Port Phillip Bay,PPB23,P.S.Ozone,-38.13846,144.71302,10/02/2022,10/02/2022,1,2,S,3,"2.9, 3.0",NULL,Fishing,RLS,
Port Phillip Bay,PPB25,St Leonards Reef,-38.17019,144.72165,11/02/2023,9/03/2023,1,3,S,3.3,"2.8, 3.5",NULL,Fishing,RLS,
Port Phillip Bay,PPB26,Indented Head North,-38.13253,144.7099,22/02/2010,26/11/2019,3,3,,2,2,NULL,Fishing,RLS,
Port Phillip Bay,PPB28,West Sorrento,-38.32786,144.741,10/09/2009,4/11/2013,4,7,,2.7,"2.0, 2.5, 3.0, 3.1, 3.4",NULL,Fishing,RLS,
Port Phillip Bay,PPB30,Pt Lillias,-38.09589,144.43913,1/04/2010,4/12/2018,3,4,,1.1,"1.0, 1.1, 1.2",NULL,Fishing,RLS,
Port Phillip Bay,PPB31,Dandos Rd Quarry,-38.08578,144.46647,1/04/2010,4/12/2018,3,5,,1.7,"1.0, 1.7, 2.0",NULL,Fishing,RLS,
Port Phillip Bay,PPB32,Pt Lillias East,-38.09244,144.44411,1/04/2010,4/12/2018,3,4,,1.4,"1.2, 1.5",NULL,Fishing,RLS,
Port Phillip Bay,PPB34,Governors Reef,-38.14875,144.72336,17/05/2009,8/02/2019,6,11,E,2.3,"1.9, 2.0, 2.1, 2.2, 2.5, 3.0, 4.0",NULL,Fishing,RLS,
Port Phillip Bay,PPB37,Indented Head Reef,-38.13935,144.71455,10/02/2022,10/02/2022,1,2,S,3,"2.5, 3.5",NULL,Fishing,RLS,
Port Phillip Bay,PPB38,Sorrento Pier,-38.33532,144.74552,23/02/2010,4/11/2013,2,2,,2.8,"2.5, 3.0",NULL,Fishing,RLS,
Port Phillip Bay,PPB42,White Cliffs,-38.34413,144.75908,23/02/2010,4/11/2013,2,3,,1.7,"1.5, 1.6, 2.0",NULL,Fishing,RLS,
Port Phillip Bay,PPB48,Fishermansrock,-38.22641,145.02521,26/02/2022,26/02/2022,1,1,S,3.5,3.5,NULL,Fishing,RLS,
Port Phillip Bay,PPB49,Brighton Boat Sheds,-37.91762,144.98252,3/04/2010,24/11/2019,3,5,S,3,"2.5, 3.0, 3.5",NULL,Fishing,RLS,
Port Phillip Bay,PPB50,Brighton Outer Wall Reef,-37.90846,144.9807,3/04/2010,24/11/2019,3,5,,2.5,"2.0, 2.5, 2.8",NULL,Fishing,RLS,
Port Phillip Bay,PPB51,Long Reef,-38.02771,144.58116,2/04/2010,3/12/2018,3,7,,1.6,"1.0, 1.2, 1.4, 1.8, 2.0, 2.7",NULL,Fishing,RLS,
Port Phillip Bay,PPB53,Blairgowrie Pier,-38.3573,144.77369,14/02/2022,12/11/2022,1,3,S,3.3,"3.0, 4.0",NULL,Fishing,RLS,
Port Phillip Bay,PPB54,Unknown Wreck Reef,-38.15652,144.72043,21/11/2011,21/11/2011,1,1,W,3,3,NULL,Fishing,RLS,
Port Phillip Bay,PPB55,Blairgowrie Breakwater,-38.35495,144.77223,14/02/2022,14/02/2022,1,1,NW,5,5,NULL,Fishing,RLS,
Port Phillip Bay,PPB58,Jawbone,-37.86583,144.87632,7/12/2018,7/12/2018,1,4,NW,3.3,"3.1, 3.2, 3.3, 3.4",NULL,No take,RLS,Jawbone Marine Sanctuary
Port Phillip Bay,PPB59,Point Gelibrand,-37.86583,144.89965,7/12/2018,7/12/2018,1,4,E,3.3,"3.1, 3.2, 3.3, 3.4",NULL,Fishing,RLS,
Port Phillip Bay,PPB60,Ricketts Point Tea House,-37.99739,145.02948,6/12/2018,6/12/2018,1,4,N,3.3,"3.1, 3.2, 3.3, 3.4",NULL,No take,RLS,Ricketts Point Marine Sanctuary
Port Phillip Bay,PPB61,Halfmoon Bay,-37.97186,145.00879,6/12/2018,6/12/2018,1,4,N,3.3,"3.1, 3.2, 3.3, 3.4",NULL,Fishing,RLS,
Port Phillip Bay,PPB62,Long Reef Outer,-38.02816,144.59,25/09/2013,3/12/2018,2,3,,2.9,"2.3, 2.5, 3.8",NULL,Fishing,RLS,
Port Phillip Bay,PPB63,Schnapper Pt.,-38.21439,145.03191,6/11/2013,25/11/2019,2,2,,2.3,"2.0, 2.5",NULL,Fishing,RLS,
Port Phillip Bay,PPB64,Williamstown Breakwall (Deep),-37.86946,144.88875,7/10/2013,7/10/2013,1,1,,3,3,NULL,Fishing,RLS,
Port Phillip Bay,PPB7,Portarlington Pier,-38.11053,144.65227,8/09/2009,3/10/2013,3,8,,2.8,"1.7, 1.8, 1.9, 3.0, 3.3, 3.5, 4.0",NULL,Fishing,RLS,
Port Phillip Bay,PPB8,St.Leonards Pier-Rock wall,-38.17019,144.72165,17/02/2022,17/02/2022,1,2,S,2.2,"1.7, 2.6",NULL,Fishing,RLS,
Port Phillip Heads,PPH18,Portsea Pier,-38.31774,144.71334,19/05/2009,5/12/2018,3,6,,4.1,"3.0, 3.5, 3.9, 4.0, 5.0",NULL,Fishing,RLS,
Port Phillip Heads,PPH19,Portsea Bay Reef,-38.31745,144.71023,18/02/2024,26/01/2025,2,4,E,2,"1.7, 1.8, 2.2, 2.3",NULL,Fishing,RLS,
Port Phillip Heads,PPH20,Quarrantine Reef,-38.31403,144.7025,16/11/2009,5/02/2019,3,6,E,2,"1.5, 1.6, 2.0, 2.4, 3.0",NULL,Fishing,RLS,
Port Phillip Heads,PPH21,Quarantine,-38.31382,144.70234,5/02/2017,5/02/2017,1,2,S,2.3,"2.0, 2.5",NULL,Fishing,RLS,
Port Phillip Heads,PPH22,Quarantine Station,-38.31375,144.71788,11/02/2009,4/11/2013,2,3,,4.3,"2.0, 3.0, 8.0",NULL,Fishing,RLS,
Port Phillip Heads,PPH23,Portsea Hole,-38.30954,144.71446,16/01/2009,6/02/2020,4,8,E,12,"13.0, 13.1, 8.2, 9.5",NULL,Fishing,RLS,
Port Phillip Heads,PPH24,Pt Nepean Radar,-38.30632,144.66453,9/09/2009,7/02/2019,3,4,W,3.6,"3.1, 3.2, 4.0",NULL,No take multizoned,RLS,Port Phillip Heads Marine National Park
Port Phillip Heads,PPH25,Nepean Point South,-38.30606,144.64868,22/04/2024,22/04/2024,1,2,E,7.1,"7.0, 7.1",NULL,No take multizoned,RLS,Port Phillip Heads Marine National Park
Port Phillip Heads,PPH26,Nepean Reef,-38.30423,144.64608,7/12/2009,1/02/2016,3,5,N,6.1,"2.5, 3.0, 8.0, 9.0",NULL,No take multizoned,RLS,Port Phillip Heads Marine National Park
Port Phillip Heads,PPH27,Point Nepean Jetty,-38.30255,144.65405,10/02/2009,10/02/2009,1,1,NULL,3,3,NULL,No take multizoned,RLS,Port Phillip Heads Marine National Park
Port Phillip Heads,PPH28,Isabella Watson,-38.30125,144.64798,11/11/2010,29/03/2015,2,2,S,3,3,NULL,No take multizoned,RLS,Port Phillip Heads Marine National Park
Port Phillip Heads,PPH29,SE Outer Pt Lonsdale Reef,-38.29653,144.6174,21/05/2009,10/11/2010,2,4,N,5.5,"3.0, 5.0, 6.0, 8.0",NULL,No take multizoned,RLS,Port Phillip Heads Marine National Park
Port Phillip Heads,PPH30,George Roper,-38.29533,144.61503,27/11/2013,27/11/2013,1,1,N,5,5,NULL,No take multizoned,RLS,Port Phillip Heads Marine National Park
Port Phillip Heads,PPH31,Foggy reef,-38.29448,144.62738,22/06/2008,8/02/2019,2,4,NE,14.3,"12.0, 13.0, 13.1, 19.0",NULL,No take multizoned,RLS,Port Phillip Heads Marine National Park
Port Phillip Heads,PPH32,Pt Lonsdale Outer Reef,-38.2941,144.6173,6/12/2009,9/11/2010,2,3,S,2.4,"2.0, 2.1, 3.0",NULL,No take multizoned,RLS,Port Phillip Heads Marine National Park
Port Phillip Heads,PPH33,Pt Lonsdale Pier,-38.2918,144.61578,20/05/2009,28/02/2019,3,3,SW,2.2,"1.5, 2.0, 3.0",NULL,No take multizoned,RLS,Port Phillip Heads Marine National Park
Port Phillip Heads,PPH34,Light of the Age,-38.28882,144.59412,29/11/2012,4/02/2018,4,4,E,5.8,"5.0, 8.0",NULL,Fishing,RLS,
Port Phillip Heads,PPH35,Lonsdale Shops Reef,-38.28583,144.61822,25/04/2009,25/04/2009,1,2,NULL,4.1,"4.0, 4.1",NULL,No take multizoned,RLS,Port Phillip Heads Marine National Park
Port Phillip Heads,PPH36,Jordan Road Outer Reef,-38.28,144.62195,15/11/2009,15/11/2009,1,1,NULL,4,4,NULL,No take multizoned,RLS,Port Phillip Heads Marine National Park
Port Phillip Heads,PPH37,Inner Jordan Rd,-38.27935,144.61972,26/02/2010,26/02/2010,1,2,NULL,2.5,"2.0, 3.0",NULL,No take multizoned,RLS,Port Phillip Heads Marine National Park
Port Phillip Heads,PPH38,Outer Springs Reef,-38.27772,144.62365,12/09/2009,17/04/2019,4,7,SE,4.1,"3.0, 3.5, 5.0, 5.5, 6.0",NULL,No take multizoned,RLS,Port Phillip Heads Marine National Park
Port Phillip Heads,PPH39,The Springs,-38.27682,144.62238,25/04/2009,4/12/2009,1,8,NULL,3.8,"2.4, 3.5, 3.6, 4.0, 4.5, 4.6",NULL,No take multizoned,RLS,Port Phillip Heads Marine National Park
Port Phillip Heads,PPH40,Cottage by the Sea,-38.27462,144.64918,12/02/2022,10/11/2022,1,2,E,6,"5.0, 7.0",NULL,Fishing,RLS,
Port Phillip Heads,PPH41,Shortlands Bluff East,-38.27412,144.66175,10/09/2009,10/09/2009,1,2,NULL,2.5,"2.0, 3.0",NULL,Fishing,RLS,
Port Phillip Heads,PPH-S1,Point Franklin,-38.3173,144.71725,11/02/2022,11/02/2022,1,1,SW,3,3,NULL,Fishing,ATRC,
Port Phillip Heads,PPH-S10,Merlan Outer,-38.29012,144.62258,25/05/1998,6/02/2019,15,79,E,5.5,"5.1, 5.2, 5.3, 5.4, 7.0, 7.1, 7.2, 7.3, 8.9",NULL,No take multizoned,ATRC,Port Phillip Heads Marine National Park
Port Phillip Heads,PPH-S11,Lonsdale Kelp Inner,-38.28537,144.6275,11/02/2022,16/02/2024,2,3,N,6.9,"6.8, 6.9, 7.0",NULL,No take multizoned,ATRC,Port Phillip Heads Marine National Park
Port Phillip Heads,PPH-S12,Annulus (Popes Eye),-38.2767,144.69762,10/11/2022,25/01/2025,3,7,NW,5,"5.0, 5.1",NULL,No take multizoned,ATRC,Port Phillip Heads Marine National Park
Port Phillip Heads,PPH-S13,Lonsdale Point,-38.29667,144.61299,13/02/2022,21/02/2024,2,3,NE,7.2,"7.0, 7.1, 7.5",NULL,No take multizoned,ATRC,Port Phillip Heads Marine National Park
Port Phillip Heads,PPH-S14,Lonsdale Back Beach,-38.2902,144.58882,27/05/1998,7/02/2019,14,70,W,5.2,"4.2, 4.5, 5.1, 5.2, 5.3, 5.4",NULL,Fishing,ATRC,
Port Phillip Heads,PPH-S15,Lonsdale Pt SW,-38.29406,144.59827,13/02/2022,21/02/2024,2,3,E,6.7,"6.1, 7.0, 7.1",NULL,Fishing,ATRC,
Port Phillip Heads,PPH-S16,Kelp Bed Drift,-38.28302,144.63434,19/01/2025,19/01/2025,1,2,NW,7.3,"7.2, 7.3",NULL,Fishing,ATRC,
Port Phillip Heads,PPH-S17,Kelp Beds,-38.28473,144.63653,13/11/2022,17/02/2024,2,4,SW,8.2,"7.0, 8.4, 8.5, 9.0",NULL,Fishing,ATRC,
Port Phillip Heads,PPH-S18,Lonsdale Surf Club,-38.29462,144.61027,6/06/2006,7/02/2019,6,24,NW,7.2,"7.0, 7.1, 7.2, 7.3, 7.4",NULL,No take multizoned,ATRC,Port Phillip Heads Marine National Park
Port Phillip Heads,PPH-S2,Pt Nepean offshore,-38.30208,144.65869,22/05/1998,4/02/2020,19,90,E,2.7,"2.0, 2.1, 2.2, 2.3, 2.4, 3.9, 4.0, 4.1, 4.2, 4.3, 4.5, 5.0, 5.1, 5.5",NULL,Fishing,ATRC,
Port Phillip Heads,PPH-S3,Pt Nepean Inner West,-38.30412,144.65585,14/02/2024,14/02/2024,1,1,SE,2.7,2.7,NULL,No take multizoned,ATRC,Port Phillip Heads Marine National Park
Port Phillip Heads,PPH-S4,Sth Channel Fort,-38.30692,144.80102,14/02/2022,19/01/2025,3,8,SE,5,"2.0, 3.0, 5.0, 5.1, 6.0, 6.8, 6.9",NULL,Fishing,ATRC,
Port Phillip Heads,PPH-S5,Shortland Bluff,-38.27528,144.65549,12/02/2022,12/02/2022,1,1,SW,5,5,NULL,Fishing,ATRC,
Port Phillip Heads,PPH-S6,Victory Shoal,-38.28017,144.62507,22/05/1998,7/02/2020,19,88,N,5.5,"5.0, 5.1, 5.2, 5.3, 5.4, 6.0, 6.1, 6.2, 6.3, 6.9, 7.0, 7.2, 7.3, 7.4, 8.0",NULL,No take multizoned,ATRC,Port Phillip Heads Marine National Park
Port Phillip Heads,PPH-S7,Merlin Inner,-38.28733,144.62,23/05/1998,6/02/2019,14,68,S,5.4,"4.0, 4.1, 5.0, 5.1, 5.2, 5.3, 5.4, 5.8, 6.0, 6.1, 6.2, 6.3, 7.0",NULL,No take multizoned,ATRC,Port Phillip Heads Marine National Park
Port Phillip Heads,PPH-S8,Nepean Inner East,-38.30425,144.65896,26/01/2025,26/01/2025,1,2,E,3.2,"3.0, 3.4",NULL,No take multizoned,ATRC,Port Phillip Heads Marine National Park
Port Phillip Heads,PPH-S9,Lonsdale Kelp Outer,-38.28637,144.62962,18/02/2024,25/01/2025,2,4,N,7,"6.8, 7.0, 7.1",NULL,No take multizoned,ATRC,Port Phillip Heads Marine National Park
Port Stephens,PS1,NE North Rock,-32.59917,152.32404,24/05/2024,22/03/2025,2,8,S,11.8,"10.0, 10.5, 10.8, 11.2, 12.0, 13.0, 16.0",NULL,Restricted take multizoned,RLS,Port Stephens Great Lake Marine Park
Port Stephens,PS10,Fingal Bay Point - West,-32.74782,152.17318,8/05/2022,20/03/2025,3,6,E,4,"2.0, 3.0, 4.0, 5.0, 6.0",NULL,Restricted take multizoned,RLS,Port Stephens Great Lake Marine Park
Port Stephens,PS11,Fingal Sponges Fingal Island,-32.74119,152.20733,9/01/2010,9/01/2010,1,2,NULL,17.5,"17.0, 18.0",NULL,Restricted take multizoned,RLS,Port Stephens Great Lake Marine Park
Port Stephens,PS12,Zenith Beach,-32.71864,152.18811,21/10/2009,13/12/2010,2,2,E,4.5,"4.0, 5.0",NULL,Restricted take multizoned,RLS,Port Stephens Great Lake Marine Park
Port Stephens,PS13,Pipeline,-32.71802,152.14133,24/10/2021,17/12/2025,5,20,W,7.4,"10.0, 11.2, 5.5, 5.8, 6.0, 6.1, 6.5, 6.7, 7.0, 7.2, 8.0, 9.5",NULL,Restricted take multizoned,RLS,Fly Point-Halifax Park
Port Stephens,PS15,Kingsley Point,-32.79135,152.10784,6/01/2010,23/08/2012,2,2,S,7.5,"7.0, 8.0",NULL,Restricted take multizoned,RLS,Port Stephens Great Lake Marine Park
Port Stephens,PS16,Seahorse gardens,-32.71515,152.15036,10/07/2021,23/01/2026,4,5,E,8.7,"10.0, 7.5, 8.0, 9.0",NULL,Restricted take multizoned,RLS,Fly Point-Halifax Park
Port Stephens,PS17,Fly Point Nelson Bay,-32.71446,152.15183,9/07/2021,25/01/2026,6,33,W,7.6,"10.0, 12.0, 5.5, 6.0, 6.5, 6.6, 6.8, 7.0, 7.1, 8.0, 8.5, 9.0",NULL,No take,RLS,Fly Point-Halifax Park
Port Stephens,PS18,Tomaree Head Tubes,-32.71161,152.18483,8/04/2010,12/10/2016,6,12,E,7.8,"10.0, 5.0, 5.1, 6.0, 7.0, 8.0, 9.0",NULL,Restricted take multizoned,RLS,Port Stephens Great Lake Marine Park
Port Stephens,PS2,Nth Shark Gutters,-32.6183,152.33433,6/05/2022,12/11/2024,2,4,S,9.6,"10.0, 10.5, 8.0",NULL,No take multizoned,RLS,Port Stephens Great Lake Marine Park
Port Stephens,PS20,Halifax Park,-32.70976,152.15925,1/08/2021,15/03/2025,5,14,E,10.3,"10.0, 11.0, 12.5, 13.5, 13.8, 14.0, 6.0, 6.2, 7.0, 9.0",NULL,No take,RLS,Fly Point-Halifax Park
Port Stephens,PS21,Inner Light Rocks,-32.70947,152.16129,12/06/2010,26/01/2012,3,5,W,6.2,"5.0, 6.0, 9.0",NULL,No take,RLS,Fly Point-Halifax Park
Port Stephens,PS22,Boondelbah Island North,-32.70475,152.22883,21/11/2009,23/09/2012,3,6,E,8.4,"7.0, 8.0, 8.5, 8.7, 9.0",NULL,Restricted take multizoned,RLS,Port Stephens Great Lake Marine Park
Port Stephens,PS23,Kingsley Arch,-32.79163,152.11009,26/07/2009,17/07/2013,3,4,S,6.3,"5.0, 5.1, 7.0, 8.0",NULL,Restricted take multizoned,RLS,Port Stephens Great Lake Marine Park
Port Stephens,PS24,Cabbage Tree Island North East,-32.68705,152.22834,20/03/2010,18/01/2015,5,7,E,12,"10.0, 10.1, 12.0, 13.0, 13.5, 15.5",NULL,No take multizoned,RLS,Port Stephens Great Lake Marine Park
Port Stephens,PS25,Jimmys Beach Barnes Rocks,-32.6827,152.15836,25/12/2009,18/04/2010,2,6,NULL,4.1,"3.0, 4.1, 4.2, 4.3, 4.4, 4.5",NULL,Restricted take multizoned,RLS,Port Stephens Great Lake Marine Park
Port Stephens,PS26,Fishermans bay west,-32.7901,152.09246,16/05/2024,16/05/2024,1,2,S,4.5,"4.0, 5.0",NULL,Restricted take multizoned,RLS,Port Stephens Great Lake Marine Park
Port Stephens,PS27,Boat Harbour South,-32.7892,152.1125,7/05/2022,23/02/2025,4,8,E,4.5,"3.5, 3.6, 4.0, 5.0, 5.1, 6.0",NULL,Restricted take multizoned,RLS,Port Stephens Great Lake Marine Park
Port Stephens,PS28,Blanch Reserve,-32.78852,152.08338,2/01/2010,3/04/2014,5,6,S,5,"3.0, 5.0, 6.0, 6.8",NULL,Restricted take multizoned,RLS,Port Stephens Great Lake Marine Park
Port Stephens,PS29,Boat Harbour North,-32.78755,152.11426,7/05/2022,7/05/2022,1,2,E,3.8,"3.5, 4.0",NULL,Restricted take multizoned,RLS,Port Stephens Great Lake Marine Park
Port Stephens,PS3,Cabbage Tree Island West,-32.68884,152.22218,26/05/2024,23/03/2025,2,6,N,7.4,"10.0, 5.1, 6.0, 6.2, 7.3",NULL,Restricted take multizoned,RLS,Port Stephens Great Lake Marine Park
Port Stephens,PS30,Boondlebah Island Gutter,-32.70883,152.22794,23/10/2010,2/04/2018,8,9,E,8.5,"10.0, 7.0, 8.0, 8.8, 9.0",NULL,Restricted take multizoned,RLS,Port Stephens Great Lake Marine Park
Port Stephens,PS31,Cabbage Tree Island East,-32.68916,152.22723,16/12/2010,6/05/2018,7,10,N,11.4,"10.0, 10.5, 13.0, 13.5, 14.0, 7.5, 9.0",NULL,No take multizoned,RLS,Port Stephens Great Lake Marine Park
Port Stephens,PS32,Fingal Is- North East,-32.74146,152.20201,22/01/2011,25/06/2011,1,2,NE,6,6,NULL,Restricted take multizoned,RLS,Port Stephens Great Lake Marine Park
Port Stephens,PS34,Cabbage Tree N2,-32.68479,152.22542,12/11/2024,12/11/2024,1,1,W,10,10,NULL,No take multizoned,RLS,Port Stephens Great Lake Marine Park
Port Stephens,PS35,Coral Gardens,-32.68551,152.22244,28/02/2011,10/05/2019,7,13,N,5.5,"4.0, 4.9, 5.0, 5.4, 6.0, 6.7, 8.4",NULL,Restricted take multizoned,RLS,Port Stephens Great Lake Marine Park
Port Stephens,PS36,Shark Island West,-32.7417,152.20397,18/03/2011,18/03/2011,1,1,E,5,5,NULL,Restricted take multizoned,RLS,Port Stephens Great Lake Marine Park
Port Stephens,PS38,Lighthouse Bay,-32.74499,152.20364,26/06/2011,20/11/2015,4,7,E,5.7,"4.0, 5.0, 5.8, 7.0, 8.0",NULL,Restricted take multizoned,RLS,Port Stephens Great Lake Marine Park
Port Stephens,PS4,Governers Wharf (Fingal Island),-32.74057,152.19493,26/05/2024,23/03/2025,2,6,W,7.8,"6.0, 6.5, 7.0, 8.8, 8.9, 9.3",NULL,Restricted take multizoned,RLS,Port Stephens Great Lake Marine Park
Port Stephens,PS40,Dutchies,-32.7184,152.13383,8/01/2012,20/04/2013,2,3,E,6.9,"6.0, 7.0, 7.6",NULL,Restricted take multizoned,RLS,Fly Point-Halifax Park
Port Stephens,PS41,Boondlebah Island West,-32.708,152.225,20/11/2024,20/11/2024,1,1,N,10,10,NULL,Restricted take multizoned,RLS,Port Stephens Great Lake Marine Park
Port Stephens,PS42,Fingal Island West,-32.7416,152.19148,8/03/2013,1/09/2013,1,2,E,5.9,"5.2, 6.5",NULL,Restricted take multizoned,RLS,Port Stephens Great Lake Marine Park
Port Stephens,PS43,Boulder Bay,-32.76,152.172,20/11/2024,20/11/2024,1,1,W,10,10,NULL,Restricted take multizoned,RLS,Port Stephens Great Lake Marine Park
Port Stephens,PS44,Fingal Island Sanctuary,-32.75,152.194,20/11/2024,20/11/2024,1,1,S,10,10,NULL,No take multizoned,RLS,Port Stephens Great Lake Marine Park
Port Stephens,PS5,W Nth Rock,-32.59919,152.32061,10/05/2009,18/05/2018,5,13,S,11.3,"10.0, 10.1, 10.5, 11.0, 11.1, 12.5, 14.0, 14.1, 14.5, 9.0, 9.1",NULL,Restricted take multizoned,RLS,Port Stephens Great Lake Marine Park
Port Stephens,PS50,Coal Shaft Bay,-32.62024,152.31198,26/05/2013,26/05/2013,1,2,E,5.5,"5.0, 6.0",NULL,Restricted take multizoned,RLS,Port Stephens Great Lake Marine Park
Port Stephens,PS51,Providence Beach,-32.61277,152.31383,26/05/2013,26/05/2013,1,2,NW,4.8,"4.5, 5.0",NULL,Restricted take multizoned,RLS,Port Stephens Great Lake Marine Park
Port Stephens,PS52,Esmeralda Cove,-32.62094,152.31691,25/08/2013,25/08/2013,1,1,SE,12,12,NULL,Restricted take multizoned,RLS,Port Stephens Great Lake Marine Park
Port Stephens,PS53,Looking Glass,-32.629,152.3155,23/05/2014,25/04/2017,2,5,SW,11.2,"10.0, 11.0, 13.0, 14.0, 8.0",NULL,No take multizoned,RLS,Port Stephens Great Lake Marine Park
Port Stephens,PS54,Cod Rock,-32.6288,152.3111,23/05/2014,23/05/2014,1,2,N,11.8,"10.5, 13.0",NULL,Restricted take multizoned,RLS,Port Stephens Great Lake Marine Park
Port Stephens,PS6,Elephant Rock,-32.61527,152.32665,6/05/2022,22/03/2025,3,10,W,10.4,"10.0, 10.5, 11.0, 11.3, 11.5, 11.8, 12.0, 8.0",NULL,No take multizoned,RLS,Port Stephens Great Lake Marine Park
Port Stephens,PS7,Little Beach West,-32.71333,152.15713,31/07/2021,22/12/2025,5,29,W,7.4,"11.0, 5.0, 5.5, 5.8, 6.0, 6.5, 6.7, 6.8, 7.0, 8.0, 9.0",NULL,No take,RLS,Fly Point-Halifax Park
Port Stephens,PS8,Fingal Island South,-32.74928,152.18487,21/10/2009,19/11/2011,2,2,SE,6.5,"6.0, 7.0",NULL,Restricted take multizoned,RLS,Port Stephens Great Lake Marine Park
Port Stephens,PS9,Barrys Park,-32.74881,152.1746,6/06/2009,12/05/2021,9,13,N,8.7,"10.0, 11.0, 5.0, 6.0, 7.0, 9.0",NULL,Restricted take multizoned,RLS,Port Stephens Great Lake Marine Park
Gold Coast,QLD1,G Spot,-27.93638,153.4276,26/08/2010,26/08/2010,1,1,NULL,8,8,NULL,Fishing,RLS,
Great Sandy,QLD2,Jew Shoal Pinnacle,-26.36056,153.11399,18/07/2010,18/07/2010,1,2,,9.5,"10.0, 9.0",NULL,Fishing,RLS,
Great Sandy,QLD3,Little Halls Reef,-26.35399,153.08292,18/07/2010,18/07/2010,1,1,NULL,13,13,NULL,Fishing,RLS,
Great Sandy,QLD4,Barolin Rocks,-24.88209,152.48897,21/07/2021,21/07/2021,1,2,N,4.8,"4.5, 5.0",NULL,Restricted take multizoned,RLS,Woongarra protected area
Great Sandy,QLD5,Hoffmans Rocks,-24.8397,152.47916,20/07/2021,20/07/2021,1,1,S,5,5,NULL,Restricted take multizoned,RLS,Woongarra protected area
Gold Coast,QLD6,Kirra Reef,-28.16269,153.53081,21/02/2022,21/02/2022,1,1,NW,6,6,NULL,Fishing,RLS,
Great Sandy,QLD71,Wolf Rock,-25.90016,153.18356,7/10/2024,7/10/2024,1,1,SW,11,11,NULL,No take multizoned,RLS,Great Sandy Marine Park
Rocky Cape,RC10,Sister Island South East,-40.90635,145.57726,25/01/2021,25/01/2021,1,1,SE,7,7,NULL,Fishing,RLS,
Rocky Cape,RC-S1,Anniversary Point,-40.8905,145.53636,23/05/1992,15/01/2017,5,20,NULL,5.3,"5.1, 5.2, 5.3, 5.4",NULL,Fishing,ATRC,
Rocky Cape,RC-S2,Sisters Rocks,-40.9155,145.58836,23/05/1992,23/02/2017,5,20,NULL,5.3,"5.1, 5.2, 5.3, 5.4",NULL,Fishing,ATRC,
Rocky Cape,RC-S5,Rocky Cape,-40.8585,145.51636,25/05/1992,24/03/2019,7,24,E,5.2,"3.0, 5.0, 5.1, 5.2, 5.3, 5.4, 6.0",6m_E,Fishing,ATRC,
Rottnest Island,RI1,Green Island Reserve 1,-32.01725,115.50014,29/04/2023,9/05/2025,2,4,E,6.2,"5.0, 6.0, 6.6, 7.2",NULL,No take multizoned,RLS,Rottnest Island Marine Reserve
Rottnest Island,RI10,Kingston Reef,-31.98618,115.557,28/05/2022,10/05/2025,3,6,NE,5.5,"4.8, 5.0, 5.3, 6.0, 6.9",NULL,No take multizoned,RLS,Rottnest Island Marine Reserve
Rottnest Island,RI11,Mini Swirl  Stragglers,-32.05237,115.62358,7/11/2009,7/11/2009,1,1,NULL,5,5,NULL,Fishing,RLS,
Rottnest Island,RI12,West End  Rottnest,-32.03073,115.4411,15/02/2009,2/06/2019,6,16,E,12.8,"11.0, 12.0, 13.0, 13.5, 14.0, 15.0, 17.0, 9.0",NULL,Restricted take multizoned,RLS,Rottnest Island Marine Reserve
Rottnest Island,RI13,Collindar,-32.03047,115.52309,24/08/2008,24/08/2008,1,1,NULL,10,10,NULL,No take multizoned,RLS,Rottnest Island Marine Reserve
Rottnest Island,RI14,Parker Point,-32.02967,115.53069,27/05/2023,27/05/2023,1,2,NE,10,"10.5, 9.5",NULL,No take multizoned,RLS,Rottnest Island Marine Reserve
Rottnest Island,RI15,Little Salmon Bay  Rottnest,-32.02603,115.52353,17/12/2008,17/12/2008,1,1,NULL,2.5,2.5,NULL,No take multizoned,RLS,Rottnest Island Marine Reserve
Rottnest Island,RI16,Jackson Rocks,-32.02567,115.58404,25/06/2022,25/06/2022,1,2,N,7.8,"7.0, 8.5",NULL,Fishing,RLS,
Rottnest Island,RI17,Salmon Bay,-32.02329,115.51787,27/07/2008,29/05/2017,3,10,NE,7.4,"6.5, 7.0, 7.1, 7.5, 8.0, 9.0",NULL,No take multizoned,RLS,Rottnest Island Marine Reserve
Rottnest Island,RI18,Dyer Island,-32.02078,115.5477,26/07/2008,7/06/2020,9,20,W,5.7,"4.0, 5.0, 5.5, 5.6, 5.8, 6.0, 6.1, 6.5, 7.0",NULL,Restricted take multizoned,RLS,Rottnest Island Marine Reserve
Rottnest Island,RI19,Parakeet,-31.9891,115.5159,17/05/2023,11/05/2025,2,4,SW,3.4,"2.5, 2.7, 4.0, 4.5",NULL,Restricted take multizoned,RLS,Rottnest Island Marine Reserve
Rottnest Island,RI2,The Count,-32.01552,115.55708,25/06/2022,8/05/2025,3,5,NE,6,"5.0, 5.5, 6.0, 6.3, 7.0",NULL,Restricted take multizoned,RLS,Rottnest Island Marine Reserve
Rottnest Island,RI20,Swirl Reef  Rottnest,-31.99976,115.46846,15/02/2009,10/05/2021,4,10,NE,11.6,"10.0, 11.0, 12.0, 12.3, 15.0, 16.0, 8.0, 8.5",NULL,Restricted take multizoned,RLS,Rottnest Island Marine Reserve
Rottnest Island,RI21,Duck Rock South,-31.9885,115.54114,4/04/2010,7/05/2021,10,29,NE,4.3,"2.0, 2.5, 3.0, 3.1, 3.3, 3.4, 3.5, 3.6, 4.0, 5.0, 5.1, 5.5, 6.0, 8.3, 9.0",NULL,Restricted take multizoned,RLS,Rottnest Island Marine Reserve
Rottnest Island,RI22,Parakete Bay North,-31.98754,115.51443,4/04/2010,28/05/2018,2,3,NE,4.7,"4.0, 5.0",NULL,Restricted take multizoned,RLS,Rottnest Island Marine Reserve
Rottnest Island,RI23,Roe Reef,-31.97427,115.53757,25/06/2022,10/05/2025,3,6,NW,10.4,"10.0, 11.0, 12.0, 9.0, 9.3",NULL,Restricted take multizoned,RLS,Rottnest Island Marine Reserve
Rottnest Island,RI24,Flat top,-32.00435,115.4518,15/04/2012,15/04/2012,1,1,W,11,11,NULL,Restricted take multizoned,RLS,Rottnest Island Marine Reserve
Rottnest Island,RI25,The Basin,-31.98741,115.53397,27/05/2017,8/05/2021,3,8,E,6.3,"5.8, 6.0, 6.1, 6.3, 6.5, 7.0",NULL,Restricted take multizoned,RLS,Rottnest Island Marine Reserve
Rottnest Island,RI26,Wadjemup Reef,-31.98975,115.57632,17/05/2023,17/05/2023,1,1,SE,9,9,NULL,Fishing,RLS,
Rottnest Island,RI27,Lionfishcave - Rottnest,-31.97733,115.51566,31/01/2010,31/01/2010,1,1,SW,21,21,NULL,Restricted take multizoned,RLS,Rottnest Island Marine Reserve
Rottnest Island,RI3,Eagle Bay,-32.01805,115.4523,25/07/2009,2/06/2019,6,23,W,4.7,"3.0, 4.0, 4.1, 4.4, 4.5, 4.6, 4.8, 5.0, 5.1, 5.5, 5.9, 6.0",NULL,Restricted take multizoned,RLS,Rottnest Island Marine Reserve
Rottnest Island,RI4,The Grottos Rottnest,-31.98926,115.51746,1/05/2023,1/05/2023,1,2,S,4.4,"4.3, 4.5",NULL,Restricted take multizoned,RLS,Rottnest Island Marine Reserve
Rottnest Island,RI5,Crystal palace,-32.02498,115.54514,30/04/2023,8/05/2025,2,3,SW,7.9,"6.0, 8.5, 9.2",NULL,Restricted take multizoned,RLS,Rottnest Island Marine Reserve
Rottnest Island,RI6,Pocillopora Reef,-32.02575,115.52968,29/04/2023,9/05/2025,2,4,NE,2.7,"1.8, 2.3, 3.0, 3.5",NULL,No take multizoned,RLS,Rottnest Island Marine Reserve
Rottnest Island,RI7,Green Island Wall,-32.02472,115.50535,25/07/2008,23/05/2015,6,16,SE,12.5,"11.0, 12.5, 14.0, 14.6, 15.0, 18.0, 18.5, 18.6, 19.0, 2.0, 4.5, 5.0, 8.0, 9.0",NULL,Restricted take multizoned,RLS,Rottnest Island Marine Reserve
Rottnest Island,RI8,Fish Hook Bay,-32.02435,115.45157,29/04/2023,29/04/2023,1,2,NW,4.9,"4.5, 5.2",NULL,Restricted take multizoned,RLS,Rottnest Island Marine Reserve
Rottnest Island,RI9,Armstrong Bay,-31.9902,115.5047,28/05/2022,11/05/2025,3,6,SW,5.9,"5.0, 6.5, 6.9, 7.0",NULL,No take multizoned,RLS,Rottnest Island Marine Reserve
Tasmania - South East,RR,Roaring,-43.09914,147.68216,31/03/2021,31/03/2021,1,4,N,5.3,"5.1, 5.2, 5.3, 5.4",6m_N,Fishing,RLS,
Tasmania - South East,SBIR02,Iron Pot North,-43.05594,147.41773,1/04/2021,1/04/2021,1,4,N,5.3,"5.1, 5.2, 5.3, 5.4",6m_N,Fishing,RLS,
Tasmania - South East,SBIR06,One Tree Point,-43.10224,147.38785,15/03/2019,15/03/2019,1,4,SE,5.3,"5.1, 5.2, 5.3, 5.4",6m_W,Fishing,RLS,
Tasmania - South East,SBIR07,Yellow Bluff,-43.1313,147.3994,14/03/2019,14/03/2019,1,4,N,5.3,"5.1, 5.2, 5.3, 5.4","6m_N, 6m_W, 6m_S",Fishing,RLS,
Tasmania - South East,SBIR09,Trumpeter Bay Mid,-43.15914,147.39471,29/03/2019,29/03/2019,1,4,N,5.3,"5.1, 5.2, 5.3, 5.4","6m_N, 6m_S",Fishing,RLS,
Tasmania - South East,SBIR13,Cape Queen Elizabeth North,-43.2366,147.43177,28/03/2019,28/03/2019,1,4,N,5.3,"5.1, 5.2, 5.3, 5.4",6m_N,Fishing,RLS,
Tasmania - South East,SBIR14,Moorina Bay,-43.24943,147.41947,28/03/2019,30/03/2021,2,8,N,5.3,"5.1, 5.2, 5.3, 5.4","6m_N, 6m_S",Fishing,RLS,
Tasmania - South East,SBIR15,Curio Bay,-43.18906,147.71252,18/03/2021,18/03/2021,1,4,N,5.3,"5.1, 5.2, 5.3, 5.4",6m_N,Fishing,RLS,
Tasmania - South East,SBIR16,Black Jack Rocks,-43.03721,147.48512,31/03/2021,31/03/2021,1,4,NULL,5.3,"5.1, 5.2, 5.3, 5.4",NULL,Fishing,RLS,
Tasmania - South East,SBIR17,Lobster Point,-42.96328,147.66829,17/03/2021,17/03/2021,1,4,SE,5.3,"5.1, 5.2, 5.3, 5.4",NULL,Fishing,RLS,
Tasmania - South East,SBIR18N,Black Jack Bight,-43.01894,147.62115,18/03/2020,18/03/2020,1,4,N,5.3,"5.1, 5.2, 5.3, 5.4",6m_N,Fishing,RLS,
Tasmania - South East,SBIR18S,Mount Zion,-43.05354,147.62344,18/03/2020,18/03/2020,1,4,N,5.3,"5.1, 5.2, 5.3, 5.4",6m_N,Fishing,RLS,
Tasmania - South East,SBIR19,North Head,-43.07472,147.63333,14/02/2020,14/02/2020,1,4,N,5.3,"5.1, 5.2, 5.3, 5.4",6m_N,Fishing,RLS,
Tasmania - South East,SBIR20,Creeses,-43.10084,147.69253,7/02/2020,7/02/2020,1,4,N,5.3,"5.1, 5.2, 5.3, 5.4","6m_W, 6m_N",Fishing,RLS,
Tasmania - South East,SBIR21,North Wedge,-43.12836,147.67351,7/02/2020,7/02/2020,1,4,N,5.3,"5.1, 5.2, 5.3, 5.4",6m_N,Fishing,RLS,
Tasmania - South East,SBIR22,Outside Wedge,-43.13885,147.66984,14/02/2020,14/02/2020,1,4,N,5.3,"5.1, 5.2, 5.3, 5.4",6m_N,Fishing,RLS,
Tasmania - South East,SBIR23,Crooked Billet Bay,-43.15066,147.69686,13/02/2020,31/10/2025,3,18,N,6.8,"4.5, 5.0, 5.1, 5.2, 5.3, 5.4, 6.0, 6.5, 6.6, 8.0, 8.1, 8.5, 9.0, 9.1, 9.2","6m_N, 9m_S, 9m_W, 6m_E, 10m_S, 7m_N",Fishing,RLS,
Tasmania - South East,SBIR24,North East Betsy 2,-43.04511,147.48552,17/03/2021,17/03/2021,1,4,N,5.3,"5.1, 5.2, 5.3, 5.4",6m_N,Fishing,RLS,
Tasmania - South East,SBIR26,South East Betsy,-43.05951,147.48958,18/03/2020,18/03/2020,1,4,N,5.3,"5.1, 5.2, 5.3, 5.4",6m_N,Fishing,RLS,
Solitary Islands,SI1,Elbow Cave Mooring N Solitary Is,-29.93044,153.38984,6/06/2008,18/05/2019,7,24,S,10.5,"10.0, 12.0, 13.0, 14.0, 14.1, 6.0, 6.1, 8.0",NULL,No take multizoned,RLS,Solitary Islands Marine Park
Solitary Islands,SI11,Cable Trail,-30.20774,153.26654,21/08/2009,21/08/2009,1,1,NULL,11,11,NULL,Restricted take multizoned,RLS,Solitary Islands Marine Park
Solitary Islands,SI12,Split Solitary East,-30.24156,153.18265,21/08/2009,11/10/2020,6,11,E,10.6,"10.0, 11.0, 12.0, 8.0",NULL,Restricted take multizoned,RLS,Solitary Islands Marine Park
Solitary Islands,SI13,South End Nth Solitary,-29.93308,153.39256,22/08/2009,22/08/2009,1,3,NULL,13.5,"15.0, 16.6, 9.0",NULL,Restricted take multizoned,RLS,Solitary Islands Marine Park
Solitary Islands,SI14,Fish Soup,-29.91274,153.38342,22/08/2009,22/08/2009,1,3,NULL,8.4,"10.1, 7.0, 8.0",NULL,No take multizoned,RLS,Solitary Islands Marine Park
Solitary Islands,SI15,Black Rock,-30.20102,153.25802,23/08/2009,23/08/2009,1,1,NULL,11,11,NULL,Restricted take multizoned,RLS,Solitary Islands Marine Park
Solitary Islands,SI16,Eastern Bay Sth Solitary,-30.20451,153.26781,23/08/2009,5/05/2016,3,6,N,10.9,"10.0, 11.0, 12.0, 12.5, 9.0",NULL,Restricted take multizoned,RLS,Solitary Islands Marine Park
Solitary Islands,SI17,Cleaner Station,-30.2019,153.2676,11/09/2021,11/09/2021,1,1,W,15,15,NULL,No take multizoned,RLS,Solitary Islands Marine Park
Solitary Islands,SI18,Manta Arch,-30.20261,153.26844,23/08/2009,26/04/2013,2,3,N,12,"10.0, 11.0, 15.0",NULL,No take multizoned,RLS,Solitary Islands Marine Park
Solitary Islands,SI19,SW Solitary,-30.15932,153.2257,12/06/2021,12/06/2021,1,1,NNE,14,14,NULL,No take multizoned,RLS,Solitary Islands Marine Park
Solitary Islands,SI2,Anemone Bay N Solitary Is,-29.92314,153.38809,12/04/2023,12/04/2023,1,2,E,11,"10.0, 12.0",NULL,No take multizoned,RLS,Solitary Islands Marine Park
Solitary Islands,SI20,Unnamed Reef Mooring NW Solitary Is,-30.01745,153.26816,7/06/2008,7/06/2008,1,2,NULL,15.1,"15.0, 15.1",NULL,No take multizoned,RLS,Solitary Islands Marine Park
Solitary Islands,SI21,Surgeons Reef,-30.00751,153.27028,11/04/2010,28/05/2018,4,9,N,8.4,"10.0, 11.0, 4.0, 4.5, 8.8, 9.0, 9.3",NULL,Restricted take multizoned,RLS,Solitary Islands Marine Park
Solitary Islands,SI22,North Rock,-29.97515,153.25885,24/04/2010,27/04/2013,3,6,SE,7.2,"6.5, 7.0, 7.6, 8.0",NULL,Restricted take multizoned,RLS,Solitary Islands Marine Park
Solitary Islands,SI23,Canyons North Solitary,-29.9251,153.38679,15/03/2009,18/05/2019,4,7,N,14,"13.9, 14.0, 14.1",NULL,No take multizoned,RLS,Solitary Islands Marine Park
Solitary Islands,SI24,Mattys Mooring NW Solitary Is,-30.01876,153.26976,4/05/2022,4/05/2022,1,2,NNE,9.5,"10.0, 9.0",NULL,No take multizoned,RLS,Solitary Islands Marine Park
Solitary Islands,SI25,SW Solitary North Mooring,-30.15196,153.22807,12/06/2021,12/06/2021,1,1,NE,10,10,NULL,Restricted take multizoned,RLS,Solitary Islands Marine Park
Solitary Islands,SI26,Muttonbird Island,-30.3036,153.15132,23/05/2019,22/04/2020,2,2,E,4.5,"4.0, 5.0",NULL,Restricted take multizoned,RLS,Solitary Islands Marine Park
Solitary Islands,SI29,Red Rock Estuary,-29.98321,153.2278,5/11/2020,3/03/2023,3,3,W,3.3,"3.0, 4.0",NULL,Restricted take multizoned,RLS,Solitary Islands Marine Park
Solitary Islands,SI3,The Gantry S Solitary Is,-30.20432,153.26482,11/09/2021,11/09/2021,1,1,S,7,7,NULL,No take multizoned,RLS,Solitary Islands Marine Park
Solitary Islands,SI30,Woolgoolga Point,-30.1082,153.2125,29/08/2019,29/08/2019,1,1,E,5,5,NULL,Restricted take multizoned,RLS,Solitary Islands Marine Park
Solitary Islands,SI31,Woolgoolga Beach,-30.1078,153.2042,13/08/2021,13/08/2021,1,1,E,4,4,NULL,Fishing,RLS,
Solitary Islands,SI32,Arrawarra Headland,-30.0564,153.204,1/09/2021,1/09/2021,1,1,E,5.5,5.5,NULL,Fishing,RLS,
Solitary Islands,SI4,North Boulder Wall S Solitary Is,-30.20167,153.26635,9/06/2008,5/05/2017,5,9,SW,12.5,"10.5, 11.7, 12.0, 13.0, 15.8",NULL,No take multizoned,RLS,Solitary Islands Marine Park
Solitary Islands,SI6,Manta Mooring NW Solitary Is,-30.01765,153.2692,4/05/2022,12/04/2023,2,4,N,7.5,"7.0, 8.0",NULL,No take multizoned,RLS,Solitary Islands Marine Park
Solitary Islands,SI7,South Boulder Wall,-30.20228,153.26581,10/06/2008,29/10/2020,7,11,S,10.5,"10.1, 12.0, 9.0",NULL,No take multizoned,RLS,Solitary Islands Marine Park
Solitary Islands,SI8,Buchanans Wall,-30.20701,153.26527,10/06/2008,29/10/2020,6,13,NW,11.9,"10.0, 11.0, 12.0, 13.0, 14.0, 7.3",NULL,No take multizoned,RLS,Solitary Islands Marine Park
Solitary Islands,SI9,Turtle cove,-30.24208,153.17998,24/08/2009,11/10/2020,7,16,NW,10.2,"10.0, 10.5, 12.0, 13.0, 14.0, 8.0",NULL,No take multizoned,RLS,Solitary Islands Marine Park
Shoalwater,SMP1,MRC2,-32.37526,115.68672,11/02/2012,11/02/2012,1,2,NW,3.5,"3.0, 4.0",NULL,Restricted take multizoned,RLS,Shoalwater Islands Marine Park
Shoalwater,SMP2,MRSPZ1,-32.35994,115.68916,23/11/2023,23/11/2023,1,2,SW,3.8,"3.5, 4.0",NULL,Restricted take multizoned,RLS,Shoalwater Islands Marine Park
Shoalwater,SMP3,PC1,-32.26633,115.68332,19/02/2013,19/02/2013,1,1,NW,6,6,NULL,Restricted take multizoned,RLS,Shoalwater Islands Marine Park
Shoalwater,SMP4,PSZ2A,-32.27095,115.68316,22/02/2012,22/02/2012,1,1,NE,4,4,NULL,Restricted take multizoned,RLS,Shoalwater Islands Marine Park
Shoalwater,SMP5,TS1North,-32.3414,115.6905,23/11/2023,23/11/2023,1,2,NW,5.5,"5.0, 6.0",NULL,Restricted take multizoned,RLS,Shoalwater Islands Marine Park
Shoalwater,SMP6,PR1North,-32.3267,115.69142,23/11/2023,23/11/2023,1,2,SE,5.5,"5.0, 6.0",NULL,No take,RLS,Shoalwater Islands Marine Park
Yorke Peninsula,SSG13,Cape Elizabeth North,-34.12928,137.43752,10/05/2005,22/02/2020,5,20,SE,5.8,"5.0, 5.1, 5.2, 5.3, 5.4, 6.1, 6.2, 6.3, 6.4",NULL,Fishing,RLS,0
Yorke Peninsula,SSG44,Cape Elizabeth SZ Site 2,-34.19367,137.47779,25/02/2013,3/03/2017,2,8,N,5.2,"5.0, 5.1, 5.2, 5.3, 5.4",NULL,No take multizoned,RLS,Eastern Spencer Gulf MP
Yorke Peninsula,SSG45,Cape Elizabeth Site 2,-34.21243,137.48164,25/02/2013,24/02/2020,3,12,N,5.2,"5.0, 5.1, 5.2, 5.3, 5.4",NULL,Restricted take multizoned,RLS,Eastern Spencer Gulf MP
Yorke Peninsula,SSG46,Point Turton,-34.92926,137.34562,4/10/2008,4/10/2008,1,3,NULL,3,"1.9, 3.0, 4.0",NULL,Restricted take multizoned,RLS,Southern Spencer Gulf MP
Yorke Peninsula,SSG47,Point Gawler,-34.50965,137.47345,3/10/2008,3/10/2008,1,6,O,3,"1.5, 1.6, 3.0, 3.8, 4.0, 4.2",NULL,Restricted take multizoned,RLS,Eastern Spencer Gulf MP
Yorke Peninsula,SSG50,Baudinet,-34.22868,137.48907,3/03/2017,23/02/2020,2,8,N,5.7,"5.0, 5.1, 5.2, 5.3, 6.1, 6.2, 6.3, 6.4",NULL,Restricted take multizoned,RLS,Eastern Spencer Gulf MP
Yorke Peninsula,SSG51,High Dunes,-34.19425,137.47478,3/03/2017,23/02/2020,2,8,N,5.2,"5.0, 5.1, 5.2, 5.3, 5.4",NULL,No take multizoned,RLS,Eastern Spencer Gulf MP
Yorke Peninsula,SSG52,Scrubby Dunes,-34.18745,137.46757,3/03/2017,24/02/2020,2,8,N,5.7,"5.1, 5.2, 5.3, 5.4, 6.0, 6.1, 6.2, 6.3",NULL,No take multizoned,RLS,Eastern Spencer Gulf MP
Yorke Peninsula,SSG53,Coopers Bar,-34.16353,137.45158,4/03/2017,22/02/2020,2,8,SE,6.2,"6.0, 6.1, 6.2, 6.3, 6.4",NULL,Restricted take multizoned,RLS,Eastern Spencer Gulf MP
Yorke Peninsula,SSG54,Ham Sandwich,-34.18025,137.4615,4/03/2017,22/02/2020,2,8,NW,6.2,"6.0, 6.1, 6.2, 6.3, 6.4",NULL,No take multizoned,RLS,Eastern Spencer Gulf MP
Yorke Peninsula,SSG55,Honeycomb,-34.17327,137.45853,4/03/2017,23/02/2020,2,8,N,5.7,"5.1, 5.2, 5.3, 5.4, 6.0, 6.1, 6.2, 6.3",NULL,No take multizoned,RLS,Eastern Spencer Gulf MP
Yorke Peninsula,SSG56,Wallaroo,-33.932742,137.604903,17/06/2020,8/02/2022,2,6,E,2.5,"1.4, 1.5, 2.5, 3.0, 3.1, 3.5",NULL,Fishing,ATRC,
Yorke Peninsula,SSG57,Wallaroo Bay,-33.93118,137.61035,7/02/2022,7/02/2022,1,1,W,3,3,NULL,Fishing,ATRC,
Yorke Peninsula,SSG58,Point Hughes,-33.93449,137.60124,8/02/2022,8/02/2022,1,1,W,2.5,2.5,NULL,Fishing,ATRC,
Yorke Peninsula,SSG60,Gleesons,-35.01376,136.94128,25/04/2006,25/04/2006,1,4,NULL,5.3,"5.1, 5.2, 5.3, 5.4",NULL,Restricted take multizoned,ATRC,Southern Spencer Gulf MP
Yorke Peninsula,SSG61,Cape DeBerg,-34.94163,136.97491,10/02/2004,11/02/2004,1,8,NULL,7.8,"10.1, 10.2, 10.3, 10.4, 5.1, 5.2, 5.3, 5.4",NULL,Restricted take multizoned,ATRC,Southern Spencer Gulf MP
Yorke Peninsula,SSG62,Corny Point Outside,-34.8951,137.00183,10/02/2004,11/02/2004,1,8,NULL,7.8,"10.1, 10.2, 10.3, 10.4, 5.1, 5.2, 5.3, 5.4",NULL,Restricted take multizoned,ATRC,Southern Spencer Gulf MP
Yorke Peninsula,SSG63,Corny Point Inside,-34.89452,137.01889,20/04/2005,20/04/2005,1,4,NULL,5.3,"5.1, 5.2, 5.3, 5.4",NULL,Restricted take multizoned,ATRC,Southern Spencer Gulf MP
Yorke Peninsula,SSG64,Point Souttar,-34.89345,137.24672,14/04/2005,14/04/2005,1,4,NULL,4.3,"4.1, 4.2, 4.3, 4.4",NULL,Restricted take multizoned,ATRC,Southern Spencer Gulf MP
Yorke Peninsula,SSG65,Minlacowie,-34.8052,137.45567,26/04/2006,26/04/2006,1,4,NULL,3.3,"3.1, 3.2, 3.3, 3.4",NULL,Fishing,ATRC,
Yorke Peninsula,SSG66,Port Rickaby,-34.66718,137.49324,26/04/2006,26/04/2006,1,4,NULL,4.3,"4.1, 4.2, 4.3, 4.4",NULL,Fishing,ATRC,
Yorke Peninsula,SSG67,Wardang,-34.53525,137.35483,13/04/2005,26/04/2006,2,8,NULL,5.3,"5.1, 5.2, 5.3, 5.4",NULL,Restricted take multizoned,ATRC,Eastern Spencer Gulf MP
Yorke Peninsula,SSG68,Port Victoria,-34.49603,137.47366,12/04/2006,12/04/2006,1,4,NULL,6.3,"6.1, 6.2, 6.3, 6.4",NULL,Restricted take multizoned,ATRC,Eastern Spencer Gulf MP
Yorke Peninsula,SSG69,Goose Island,-34.45305,137.36771,21/04/2005,4/04/2006,2,8,NULL,5.3,"5.1, 5.2, 5.3, 5.4",NULL,No take,ATRC,Eastern Spencer Gulf MP
Yorke Peninsula,SSG70,Point Pearce,-34.44028,137.41289,4/04/2006,4/04/2006,1,4,NULL,5.3,"5.1, 5.2, 5.3, 5.4",NULL,Restricted take multizoned,ATRC,Eastern Spencer Gulf MP
Yorke Peninsula,SSG71,Balgowan,-34.32126,137.49455,4/04/2006,4/04/2006,1,4,NULL,3.3,"3.1, 3.2, 3.3, 3.4",NULL,Restricted take multizoned,ATRC,Eastern Spencer Gulf MP
Yorke Peninsula,SSG72,Cape Elizabeth Site1,-34.21776,137.48774,24/02/2013,24/02/2013,1,4,NULL,4.3,"4.1, 4.2, 4.3, 4.4",NULL,Restricted take multizoned,ATRC,Eastern Spencer Gulf MP
Yorke Peninsula,SSG73,Cape Elizabeth SZ Site1,-34.18672,137.4716,25/02/2013,25/02/2013,1,4,NULL,5.3,"5.1, 5.2, 5.3, 5.4",NULL,No take multizoned,ATRC,Eastern Spencer Gulf MP
Yorke Peninsula,SSG74,Cape Elizabeth SZ North,-34.17325,137.46156,15/04/2005,24/02/2013,3,12,NULL,5.3,"5.1, 5.2, 5.3, 5.4",NULL,No take,ATRC,Eastern Spencer Gulf MP
Sydney,SYD1,Kiribilly House,-33.85186,151.21997,21/02/2010,21/02/2010,1,2,NULL,1.6,"1.5, 1.6",NULL,Fishing,RLS,
Sydney,SYD10,Georges Head,-33.83785,151.26139,24/02/2010,5/07/2020,2,3,N,4.2,"4.0, 4.5",NULL,Fishing,RLS,
Sydney,SYD11,Barmoral Bay,-33.81729,151.25331,24/02/2010,24/02/2010,1,2,NULL,3.5,"3.0, 4.0",NULL,Fishing,RLS,
Sydney,SYD12,Oak Park,-34.06999,151.15745,18/06/2023,9/03/2024,2,3,N,5.7,"5.0, 6.0",NULL,Fishing,RLS,
Sydney,SYD13,Lilli Pilli Wall,-34.06934,151.11109,19/05/2022,19/05/2022,1,1,W,4,4,NULL,Fishing,RLS,
Sydney,SYD14,Shiprock Wall,-34.06915,151.12998,19/05/2022,9/03/2024,3,3,W,6,"5.0, 6.0, 7.0",NULL,No take,RLS,Shiprock Aquatic Reserve
Sydney,SYD15,Gunamatta Baths,-34.05903,151.14834,1/08/2009,1/08/2009,1,3,NULL,4.7,"4.0, 5.0, 5.1",NULL,Fishing,RLS,
Sydney,SYD16,Browns Rock,-33.99564,151.23761,5/03/2023,5/03/2023,1,1,N,4,4,NULL,Fishing,RLS,
Sydney,SYD17,Henrys Head,-33.99745,151.23702,5/03/2023,5/03/2023,1,2,S,8,"10.0, 6.0",NULL,Fishing,RLS,
Sydney,SYD18,Bare Island South,-33.99276,151.2304,12/07/2023,8/02/2025,3,5,W,6.2,"5.0, 6.0, 8.0",NULL,Fishing,RLS,
Sydney,SYD19,Bare Island,-33.99293,151.23184,3/01/2022,8/02/2025,4,11,S,6.3,"4.0, 5.0, 6.0, 7.0, 7.5, 8.0",NULL,Fishing,RLS,
Sydney,SYD2,Fort Denison,-33.85529,151.22484,21/02/2010,21/02/2010,1,2,NULL,2.5,"2.0, 3.0",NULL,Fishing,RLS,
Sydney,SYD20,Bare Island North,-33.99142,151.23078,10/12/2021,8/02/2025,4,12,SW,5.2,"3.0, 4.0, 6.0, 6.5, 7.0",NULL,Fishing,RLS,
Sydney,SYD21,South Maroubra,-33.9538,151.26133,11/01/2010,17/03/2018,2,5,NW,6.9,"4.5, 6.1, 7.0, 8.0, 9.0",NULL,Fishing,RLS,
Sydney,SYD23,Gordons Bay,-33.9165,151.2645,28/04/2022,22/03/2025,3,4,E,7.3,"5.0, 8.0",NULL,Restricted take,RLS,Bronte-Coogee Aquatic Reserve
Sydney,SYD24,South Clovelly,-33.91589,151.26877,7/05/2023,7/05/2023,1,2,S,6,"5.0, 7.0",NULL,Restricted take,RLS,Bronte-Coogee Aquatic Reserve
Sydney,SYD25,Shark Point South,-33.91562,151.27166,11/01/2010,21/12/2014,3,4,NE,8.1,"13.5, 6.0, 7.0",NULL,Restricted take,RLS,Bronte-Coogee Aquatic Reserve
Sydney,SYD26,South Bondi,-33.89709,151.27533,8/05/2010,8/05/2010,1,1,O,5,5,NULL,Fishing,RLS,
Sydney,SYD27,North Bondi,-33.89414,151.28281,25/04/2010,16/06/2020,3,5,S,6.2,"5.0, 7.0",NULL,Fishing,RLS,
Sydney,SYD28,Neilsen Park East,-33.8497,151.26734,13/12/2009,1/02/2020,4,8,N,4.2,"3.0, 3.5, 4.0, 4.8, 5.0",NULL,Fishing,RLS,
Sydney,SYD29,The Gap,-33.84282,151.28584,15/05/2022,5/04/2025,2,2,N,8,8,NULL,Fishing,RLS,
Sydney,SYD3,Clarke Island,-33.86328,151.24196,21/02/2010,21/02/2010,1,2,NULL,2.3,"2.0, 2.5",NULL,Fishing,RLS,
Sydney,SYD30,Chowder Bay,-33.84166,151.25397,28/03/2009,23/11/2019,4,11,,3.4,"1.5, 2.0, 3.0, 4.0, 5.0, 6.0",NULL,Fishing,RLS,
Sydney,SYD31,Green Point Camp Cove,-33.84011,151.27749,11/12/2021,4/04/2025,4,8,W,4.1,"3.0, 4.0, 4.1, 5.0",NULL,Fishing,RLS,
Sydney,SYD32,Clifton Gardens Wharf,-33.83975,151.2535,28/03/2009,7/03/2020,4,7,,4,"2.0, 3.0, 4.0, 5.0, 6.0",NULL,Fishing,RLS,
Sydney,SYD33,Chowder Bay Jetty,-33.8395,151.25459,28/03/2009,7/03/2020,2,2,E,3.3,"3.0, 3.5",NULL,Fishing,RLS,
Sydney,SYD34,Camp Cove middle reef,-33.83931,151.27774,11/12/2021,1/03/2025,4,5,SW,4.4,"4.0, 4.1, 5.0",NULL,Fishing,RLS,
Sydney,SYD35,Camp Cove NE,-33.8388,151.27905,11/12/2021,1/03/2025,3,3,N,3.3,"3.0, 4.0",NULL,Fishing,RLS,
Sydney,SYD36,Inside South Head,-33.83304,151.27898,10/05/2022,10/05/2022,1,2,N,6,"5.0, 7.0",NULL,Fishing,RLS,
Sydney,SYD37,Middle Head Sth 2,-33.83036,151.26378,30/04/2022,6/04/2025,2,2,S,5.5,"5.0, 6.0",NULL,Fishing,RLS,
Sydney,SYD38,Middle Head Sth,-33.82827,151.26574,30/04/2022,4/06/2025,3,4,NE,5.5,"5.0, 7.0",NULL,Fishing,RLS,
Sydney,SYD39,The Blocks,-33.8241,151.2972,7/05/2022,8/04/2023,2,5,E,8.2,"10.0, 11.0, 6.0, 7.0",NULL,Fishing,RLS,
Sydney,SYD4,Bradleys Heads,-33.85133,151.24823,21/02/2010,21/02/2010,1,2,NULL,2.1,"2.0, 2.1",NULL,Fishing,RLS,
Sydney,SYD40,Middle Head North East,-33.8234,151.26768,10/04/2023,10/04/2023,1,1,SE,9,9,NULL,Fishing,RLS,
Sydney,SYD41,Old Mans Hat,-33.8214,151.2903,7/05/2022,8/04/2023,2,5,E,7.8,"10.0, 6.0, 7.0, 9.0",NULL,Restricted take,RLS,North Sydney Harbour Aquatic Reserve
Sydney,SYD42,Inside North Head,-33.81802,151.28518,10/05/2022,10/05/2022,1,2,S,6,"5.0, 7.0",NULL,Restricted take,RLS,North Sydney Harbour Aquatic Reserve
Sydney,SYD43,Grotto Point Lighthouse,-33.81848,151.26069,12/12/2009,12/12/2009,1,7,NULL,5.5,"4.0, 4.1, 5.0, 6.0, 6.1, 6.4, 7.0",NULL,Fishing,RLS,
Sydney,SYD44,Quarantine Jetty,-33.81484,151.28466,27/03/2009,27/03/2009,1,3,O,2.6,"2.0, 2.5, 3.4",NULL,Restricted take,RLS,North Sydney Harbour Aquatic Reserve
Sydney,SYD45,Dobroyd Head,-33.81322,151.27238,11/12/2009,5/04/2021,4,14,DIR,7.6,"10.0, 10.1, 10.5, 4.8, 5.0, 5.8, 6.0, 6.1, 7.0, 7.5, 8.0",NULL,Restricted take,RLS,North Sydney Harbour Aquatic Reserve
Sydney,SYD46,Little Manly Bay,-33.8085,151.2845,13/12/2009,13/12/2009,1,2,NULL,3.3,"3.0, 3.5",NULL,Fishing,RLS,
Sydney,SYD47,BLUE FISH POINT - NORTH HEAD SYDNEY,-33.80646,151.30526,30/04/2022,4/06/2025,2,4,W,7.5,"10.0, 6.0, 8.0",NULL,Fishing,RLS,
Sydney,SYD48,Fairlight Point,-33.801,151.27574,8/01/2022,26/02/2025,4,5,S,5.7,"4.0, 6.0, 6.5",NULL,Fishing,RLS,
Sydney,SYD49,Fairlight,-33.80097,151.27415,8/01/2022,24/02/2025,4,6,S,5,"3.0, 4.0, 5.0, 6.0, 7.0",NULL,Fishing,RLS,
Sydney,SYD5,Shark Island,-33.85772,151.25629,22/02/2010,22/02/2010,1,3,NULL,2.4,"2.0, 2.5, 2.7",NULL,Fishing,RLS,
Sydney,SYD50,Shelly Beach,-33.80047,151.29531,12/12/2021,22/02/2025,3,7,W,5.4,"4.0, 4.5, 6.0, 6.5, 7.0",NULL,No take,RLS,Cabbage Tree Bay Aquatic Reserve
Sydney,SYD51,Fairy Bower,-33.79961,151.29308,23/03/2023,22/02/2025,2,5,N,5.2,"4.0, 5.0, 6.0",NULL,No take,RLS,Cabbage Tree Bay Aquatic Reserve
Sydney,SYD52,Shelley Beach North,-33.79927,151.29616,12/12/2021,25/01/2025,3,6,N,6.1,"4.0, 5.5, 6.0, 7.0, 8.0",NULL,No take,RLS,Cabbage Tree Bay Aquatic Reserve
Sydney,SYD53,Freshwater,-33.78242,151.29447,27/06/2009,22/06/2020,3,4,E,6.1,"4.0, 8.0, 8.5",NULL,Fishing,RLS,
Sydney,SYD54,Freshwater north,-33.78066,151.29599,27/06/2009,27/09/2009,1,3,NULL,7.1,"6.5, 6.9, 8.0",NULL,Fishing,RLS,
Sydney,SYD55,Long Bay South,-33.96811,151.25522,25/03/2011,19/04/2016,4,6,E,4.3,"3.0, 4.0, 5.0, 5.5",NULL,Fishing,RLS,
Sydney,SYD56,Long Reef Basin,-33.73524,151.30736,2/04/2014,29/05/2018,4,7,NE,3.3,"3.0, 4.0",NULL,Restricted take,RLS,Long Reef Aquatic Reserve
NSW - Central,SYD57,Dragon Alley,-33.57888,151.3315,27/01/2014,21/04/2018,3,7,W,7.6,"7.0, 8.0, 8.5",NULL,Restricted take,RLS,Barrenjoey Head Aquatic Reserve
Sydney,SYD58,Kurnell - The Steps,-34.00254,151.22562,13/03/2015,19/12/2020,6,12,E,6.4,"5.0, 6.0, 7.0, 8.0",NULL,Fishing,RLS,
NSW - Central,SYD59,The Ovens,-33.6178,151.34,21/04/2018,21/04/2018,1,4,W,8.9,"12.0, 7.0, 8.0, 8.5",NULL,Fishing,RLS,
Sydney,SYD6,Steel Point,-33.85595,151.26602,22/02/2010,15/05/2018,2,3,W,2.1,"1.4, 2.0, 3.0",NULL,Fishing,RLS,
Sydney,SYD61,Cape Banks - Cruwee Cove,-33.99922,151.24748,17/03/2015,30/03/2018,3,8,S,5.2,"4.0, 4.5, 5.0, 6.0, 7.0",NULL,Restricted take,RLS,Cape Banks Aquatic Reserve
NSW - Central,SYD62,Bouddi – Maitland Bay,-33.52987,151.3943,8/06/2015,9/04/2017,2,3,S,7.3,"6.0, 8.0",NULL,No take,RLS,Bouddi Marine Park
NSW - Central,SYD63,Bouddi – Caves Bay,-33.52436,151.415,8/06/2015,8/04/2017,2,3,E,7.3,"6.0, 8.0",NULL,No take,RLS,Bouddi Marine Park
Sydney,SYD64,Boat Harbour inside reserve,-34.0411,151.20152,16/04/2015,30/03/2018,3,10,N,7.6,"10.0, 5.0, 6.0, 8.0, 8.1, 8.2, 8.3",NULL,Restricted take,RLS,Boat Harbour Aquatic Reserve
Sydney,SYD66,Little Bay,-33.97953,151.25226,19/04/2016,19/04/2016,1,1,SE,2,2,NULL,Fishing,RLS,
Sydney,SYD67,Bare Island West Reef,-33.99297,151.2298,23/02/2019,23/02/2019,1,1,E,10,10,NULL,Fishing,RLS,
Sydney,SYD68,La Perouse Kelp Bed,-33.9907,151.2324,9/07/2023,17/02/2024,2,2,E,2.8,"2.5, 3.0",NULL,Fishing,RLS,
Sydney,SYD7,Berrys Bay Point,-33.84819,151.19383,22/02/2010,22/02/2010,1,2,NULL,2.1,"2.0, 2.1",NULL,Fishing,RLS,
Sydney,SYD8,Shark Island SE,-33.85966,151.25916,2/08/2009,23/02/2010,2,4,O,3.7,"2.5, 4.0, 4.1",NULL,Fishing,RLS,
Sydney,SYD9,Neilson Bay,-33.85205,151.26396,23/02/2010,1/02/2020,2,4,N,4.4,"3.0, 3.5, 5.0, 6.0",NULL,Fishing,RLS,
Tasmania - South,TAS1,Southport (SE),-43.46099,146.9955,9/12/2008,9/12/2008,1,1,NULL,5,5,NULL,Fishing,RLS,
D'Entrecasteaux & Derwent,TAS10,Port Esperance Fish Farm2_400m,-43.33395,147.02034,2/12/2008,2/12/2008,1,2,NULL,5.1,"5.0, 5.1",NULL,Fishing,RLS,
Tasmania - North East ,TAS100,Ile de Phoque S of main cave,-42.41193,148.16202,15/02/2014,15/02/2014,1,2,N,10.1,"10.0, 10.1","11m_W, 10m_N",Fishing,RLS,
Tasmania - South East,TAS101,Mistaken Cape,-42.64622,148.16322,16/02/2014,16/02/2014,1,2,W,12,"10.0, 14.0","14m_W, 10m_W",Fishing,RLS,
Tasmania - South East,TAS102,Waterfall Bay caves,-43.06304,147.95447,17/02/2014,17/02/2014,1,2,E,9,"10.0, 8.0","10m_E, 8m_E",Fishing,RLS,Waterfall-Fortescue Marine Conservation Area
Port Davey,TAS103,Breaksea Island North,-43.32097,145.96889,14/04/2014,14/04/2014,1,1,W,8,8,8m_W,Restricted take multizoned,RLS,Port Davey National Park
Tasmania - South East,TAS104,Deep Glen Bay,-42.97152,147.99326,5/02/2025,5/02/2025,1,6,N,9.5,"10.1, 10.2, 9.0, 9.1, 9.2, 9.3","20m_E, 10m_S, 10m_N",Fishing,RLS,
Tasmania - South East,TAS105,Outer Sister,-42.95965,148.00566,27/02/2015,19/01/2020,4,4,E,22.5,"20.0, 22.0, 24.0","24m_E, 20m_E",Fishing,RLS,
Tasmania - South East,TAS106,Port Arthur Heads,-43.18807,147.89404,28/02/2015,28/02/2015,1,1,S,20,20,20m_S,Fishing,RLS,
Tasmania - South East,TAS107,Port Arthur Jetty,-43.14698,147.85385,28/02/2015,28/02/2015,1,2,E,3.3,"3.0, 3.5","3m_W, 4m_E",Fishing,RLS,
Tasmania - South East,TAS108,The Thumbs,-43.10662,147.98339,1/03/2015,12/02/2017,2,2,E,22,"20.0, 24.0",24m_E,Fishing,RLS,Waterfall-Fortescue Marine Conservation Area
Tasmania - South East,TAS109,Cathedral,-43.06577,147.95526,1/03/2015,19/01/2020,4,4,N,14.3,"12.0, 14.0, 15.0, 16.0","14m_N, 15m_N, 16m_N, 12m_N",Fishing,RLS,Waterfall-Fortescue Marine Conservation Area
D'Entrecasteaux & Derwent,TAS11,Satellite Island Sth,-43.32286,147.22581,5/12/2008,5/12/2008,1,1,NULL,5,5,NULL,Fishing,RLS,
Tasmania - South,TAS110,Cox's Bight Outer,-43.53036,146.21422,10/03/2025,10/03/2025,1,1,N,17,17,"17m_N, 21m_N",Fishing,RLS,
Tasmania - South,TAS111,Coxs Bight Central,-43.52132,146.21318,10/03/2025,10/03/2025,1,2,NE,14.1,"14.0, 14.1",14m_N,Fishing,RLS,
Tasmania - South,TAS112,Coxs Bight Middle,-43.52348,146.21297,30/04/2015,30/04/2015,1,1,N,14,14,14m_N,Fishing,RLS,
D'Entrecasteaux & Derwent,TAS12,Roaring Beach,-43.31284,147.07509,1/12/2008,1/12/2008,1,1,NULL,5,5,NULL,Fishing,RLS,
Tasmania - South East,TAS120,Fortescue central,-43.12954,147.96037,8/02/2023,5/04/2024,2,2,NW,10.4,"11.6, 9.1",16m_E,Fishing,RLS,
Tasmania - South East,TAS121,Outer Lanterns,-43.13521,148.0096,2/03/2015,2/03/2015,1,1,N,23,23,23m_N,Fishing,RLS,
Tasmania - South,TAS122,Maatsuyker Island,-43.64451,146.28342,24/06/1994,26/04/2007,2,8,NULL,10.3,"10.1, 10.2, 10.3, 10.4",NULL,Fishing,RLS,
Tasmania - South,TAS123,South East Cape North,-43.6415,146.8324,30/03/1994,30/03/1994,1,4,NULL,10.3,"10.1, 10.2, 10.3, 10.4",NULL,Fishing,RLS,
Tasmania - South,TAS124,Whale Head,-43.6345,146.8734,28/03/1994,3/05/2018,2,12,NULL,8.6,"10.1, 10.2, 10.3, 10.4, 5.1, 5.2, 5.3, 5.4",NULL,Fishing,RLS,
Tasmania - South,TAS125,South Cape Site 1,-43.63051,146.70947,29/03/1994,2/05/2018,3,12,NULL,10.3,"10.1, 10.2, 10.3, 10.4",NULL,Fishing,RLS,
Tasmania - South,TAS126,South Cape Site 2,-43.62442,146.72827,29/03/1994,2/05/2018,3,12,NULL,10.3,"10.1, 10.2, 10.3, 10.4",NULL,Fishing,RLS,
Tasmania - South,TAS127,South Cape Rivulet,-43.60698,146.78482,29/03/1994,2/05/2018,3,12,NULL,10.3,"10.1, 10.2, 10.3, 10.4",NULL,Fishing,RLS,
Tasmania - South,TAS128,Shoemaker Bay,-43.60043,146.66676,31/03/1994,3/05/2018,3,12,NULL,10.3,"10.1, 10.2, 10.3, 10.4",NULL,Fishing,RLS,
Tasmania - South,TAS129,De Witt Island,-43.59151,146.37741,24/06/1994,26/04/2007,2,8,NULL,10.3,"10.1, 10.2, 10.3, 10.4",NULL,Fishing,RLS,
D'Entrecasteaux & Derwent,TAS13,Point South of Simp. Point (light),-43.29974,147.25166,8/12/2008,8/12/2008,1,1,NULL,5,5,NULL,Fishing,RLS,
Tasmania - South,TAS130,West of Surprise Bay,-43.58314,146.64206,31/03/1994,3/05/2018,3,12,NULL,5.3,"5.1, 5.2, 5.3, 5.4",NULL,Fishing,RLS,
Tasmania - South,TAS131,Actaeon Island S2,-43.53484,146.99289,28/08/2022,1/12/2025,3,15,SW,9.7,"10.0, 10.1, 10.2, 10.3, 10.4, 11.0, 11.6, 7.0, 8.0, 8.5, 9.0, 9.3, 9.8, 9.9","10m_S, 11m_W, 9m_S, 7m_N, 11m_E, 10m_N",Fishing,RLS,
Tasmania - South,TAS132,New Harbour,-43.5205,146.14854,10/03/2025,10/03/2025,1,2,N,9.2,"9.1, 9.2",10m_N,Fishing,RLS,
Tasmania - South,TAS133,Window Pane Bay,-43.46678,146.01093,23/06/1994,25/04/2007,2,8,NULL,10.3,"10.1, 10.2, 10.3, 10.4",NULL,Fishing,RLS,
D'Entrecasteaux & Derwent,TAS134,Butlers Point,-43.41662,147.1228,22/05/2015,22/05/2015,1,6,NULL,4.3,"2.2, 2.3, 5.1, 5.2, 5.3, 5.4",NULL,Fishing,RLS,
D'Entrecasteaux & Derwent,TAS135,Lady Bay,-43.40952,147.02329,29/05/2015,29/05/2015,1,6,NULL,4.3,"2.2, 2.3, 5.1, 5.2, 5.3, 5.4",NULL,Fishing,RLS,
D'Entrecasteaux & Derwent,TAS136,Partridge West,-43.39711,147.09627,30/08/2022,30/08/2022,1,1,SW,7,7,NULL,Fishing,RLS,
D'Entrecasteaux & Derwent,TAS137,Partridge East,-43.396,147.10629,22/05/2015,22/05/2015,1,6,NULL,4.3,"2.2, 2.3, 5.1, 5.2, 5.3, 5.4",NULL,Fishing,RLS,
Port Davey,TAS138,Celery Top Island,-43.36551,146.1414,6/04/1993,6/04/1993,1,4,NULL,5.3,"5.1, 5.2, 5.3, 5.4",NULL,Fishing,RLS,
D'Entrecasteaux & Derwent,TAS139,Little Penguin Point,-43.35424,147.17931,15/03/1994,4/06/2015,3,14,NULL,4.8,"2.2, 2.3, 5.1, 5.2, 5.3, 5.4",NULL,Fishing,RLS,
D'Entrecasteaux & Derwent,TAS14,Huon Point,-43.2831,147.10087,11/12/2008,11/12/2008,1,1,NULL,2,2,NULL,Fishing,RLS,
Port Davey,TAS140,Eve Point,-43.34551,146.1004,7/04/1993,7/04/1993,1,4,NULL,5.3,"5.1, 5.2, 5.3, 5.4",NULL,No take multizoned,RLS,Port Davey National Park
Port Davey,TAS141,Boat Crossing South,-43.34151,146.08641,7/04/1993,7/04/1993,1,4,NULL,5.3,"5.1, 5.2, 5.3, 5.4",NULL,No take multizoned,RLS,Port Davey National Park
Port Davey,TAS142,Breaksea Island,-43.33251,145.96841,17/03/2011,17/03/2011,1,4,NULL,5.3,"5.1, 5.2, 5.3, 5.4",NULL,No take multizoned,RLS,Port Davey National Park
D'Entrecasteaux & Derwent,TAS143,Redcliffs,-43.32578,147.07229,29/05/2015,29/05/2015,1,6,NULL,4.3,"2.2, 2.3, 5.1, 5.2, 5.3, 5.4",NULL,Fishing,RLS,
D'Entrecasteaux & Derwent,TAS144,Zuidpool Rock,-43.32533,147.1684,15/03/1994,3/07/2015,3,14,NULL,7.4,"10.1, 10.2, 10.3, 10.4, 5.1, 5.2, 5.3, 5.4",NULL,Fishing,RLS,
Tasmania - South,TAS145,Actaeon Island,-43.52525,146.99609,24/05/2022,18/03/2025,2,4,S,9.1,"11.1, 11.2, 7.0","12m_S, 5m_S, 10m_S",Fishing,RLS,
Port Davey,TAS146,Big Caroline Rock,-43.36338,145.91698,25/04/2007,25/04/2007,1,4,NULL,10.3,"10.1, 10.2, 10.3, 10.4","11m_W, 10m_W",Restricted take multizoned,RLS,Port Davey National Park
Port Davey,TAS147,Forrester Point,-43.33992,146.00715,16/03/2025,16/03/2025,1,2,N,6.2,"6.1, 6.2",7m_N,No take multizoned,RLS,Port Davey National Park
Port Davey,TAS148,Joan Point,-43.34206,146.0868,6/02/2012,6/02/2012,1,2,NW,5.1,"5.0, 5.1",NULL,No take multizoned,RLS,Port Davey National Park
Port Davey,TAS149,Schooner Point,-43.33951,146.00841,3/04/1993,22/02/2013,2,6,W,5.2,"5.0, 5.1, 5.2, 5.3, 5.4","6m_W, 5m_W",No take multizoned,RLS,Port Davey National Park
Ninepin Point,TAS15,Rock east of Ninepin pt.,-43.27816,147.17856,26/11/2008,26/11/2008,1,1,NULL,5,5,NULL,No take,RLS,Ninepin Point Marine Reserve
Port Davey,TAS150,Munday Island,-43.33869,146.01024,16/03/2025,16/03/2025,1,2,W,6.2,"6.1, 6.2",7m_W,No take multizoned,RLS,Port Davey National Park
Port Davey,TAS152,Milner Head North,-43.32192,145.98303,30/03/2006,30/03/2006,1,4,NULL,5.3,"5.1, 5.2, 5.3, 5.4",NULL,No take multizoned,RLS,Port Davey National Park
Port Davey,TAS153,Rough Bay,-43.30951,145.8504,29/03/2006,29/03/2006,1,4,NULL,5.3,"5.1, 5.2, 5.3, 5.4",NULL,Restricted take multizoned,RLS,Port Davey National Park
Port Davey,TAS154,Kathleen Island,-43.3066,145.9668,28/03/2006,28/03/2006,1,4,NULL,5.3,"5.1, 5.2, 5.3, 5.4",NULL,No take multizoned,RLS,Port Davey National Park
Port Davey,TAS155,Saddle Bight,-43.30351,145.89841,4/04/1993,4/04/1993,1,4,NULL,5.3,"5.1, 5.2, 5.3, 5.4",NULL,No take multizoned,RLS,Port Davey National Park
Port Davey,TAS156,Phantom Rocks,-43.29129,145.95705,22/03/1998,22/03/1998,1,4,NULL,5.3,"5.1, 5.2, 5.3, 5.4",NULL,Restricted take multizoned,RLS,Port Davey National Park
D'Entrecasteaux & Derwent,TAS157,Butts Reef ,-43.27567,147.12689,14/02/2002,15/03/2018,2,8,NULL,5.3,"5.1, 5.2, 5.3, 5.4",NULL,Fishing,RLS,
Tasmania - South East,TAS158,Variety Bay South ,-43.20444,147.41701,23/03/2021,23/03/2021,1,4,N,5.3,"5.1, 5.2, 5.3, 5.4",6m_N,Fishing,RLS,
D'Entrecasteaux & Derwent,TAS159,Green Island,-43.19374,147.29137,23/03/2006,23/03/2006,1,4,NULL,5.3,"5.1, 5.2, 5.3, 5.4",NULL,Fishing,RLS,
D'Entrecasteaux & Derwent,TAS16,Simpsons Point Sth,-43.27045,147.27759,8/12/2008,8/12/2008,1,1,NULL,5,5,NULL,Fishing,RLS,
Tasmania - South East,TAS160,Variety Bay S2,-43.19281,147.41196,16/06/2015,16/06/2015,1,6,NULL,4.3,"2.2, 2.3, 5.1, 5.2, 5.3, 5.4",NULL,Fishing,RLS,
Tasmania - South East,TAS161,Variety Bay,-43.18762,147.41248,23/03/2021,23/03/2021,1,4,N,5.3,"5.1, 5.2, 5.3, 5.4",6m_N,Fishing,RLS,
Tasmania - South East,TAS162,Trumpeter Bay South,-43.16618,147.40436,30/03/2021,4/12/2025,3,16,W,8.6,"10.1, 10.2, 10.3, 10.4, 10.5, 10.6, 5.1, 5.2, 5.3, 5.4, 7.8, 9.0, 9.1, 9.4, 9.6","11m_W, 6m_N, 10m_W, 10m_E, 9m_E",Fishing,RLS,
Tasmania - South East,TAS163,Isle of the Dead,-43.14849,147.86937,16/02/1994,25/01/2018,3,24,NULL,7.8,"10.1, 10.2, 10.3, 10.4, 5.1, 5.2, 5.3, 5.4",NULL,Fishing,RLS,
Tasmania - South East,TAS164,Trumpeter Bay North,-43.14666,147.39424,13/03/2019,13/03/2019,1,4,N,5.3,"5.1, 5.2, 5.3, 5.4","6m_N, 6m_S",Fishing,RLS,
D'Entrecasteaux & Derwent,TAS165,Roberts Point,-43.14505,147.28181,1/03/2025,1/03/2025,1,1,S,5,5,5m_S,Fishing,RLS,Roberts Point Marine Conservation Area
Tasmania - South East,TAS166,Port Arthur/Stewarts Bay,-43.13749,147.86636,15/06/1994,24/01/2018,3,20,NULL,7.3,"10.1, 10.2, 10.3, 10.4, 5.1, 5.2, 5.3, 5.4",NULL,Fishing,RLS,
Tasmania - South East,TAS167,Fortescue Bay,-43.13064,147.96057,18/11/2022,16/05/2023,2,6,NW,10.2,"10.0, 11.0, 11.5, 11.6, 8.3, 8.6",NULL,Fishing,RLS,
Tasmania - South East,TAS168,One Tree Point (South),-43.12849,147.40138,28/01/1994,13/02/2018,3,12,NULL,5.3,"5.1, 5.2, 5.3, 5.4",NULL,Fishing,RLS,
Tasmania - West,TAS169,Brier Holme Bay,-43.11351,145.71341,21/06/1994,24/04/2007,2,8,NULL,10.3,"10.1, 10.2, 10.3, 10.4",NULL,Fishing,RLS,
Ninepin Point,TAS17,Charlotte cove,-43.2701,147.14287,26/11/2008,26/11/2008,1,1,NULL,5,5,NULL,Fishing,RLS,
Tasmania - South East,TAS170,Apex Point,-43.1077,147.71741,13/02/2020,25/11/2025,3,18,N,5.7,"4.0, 4.1, 5.1, 5.2, 5.3, 5.4, 5.6, 5.9, 6.0, 6.1, 6.2, 6.3, 6.4, 7.0, 7.4","6m_N, 7m_S, 7m_N, 6m_S, 4m_N, 8m_S",Fishing,RLS,
Tasmania - South East,TAS171,North of One Tree Point,-43.10133,147.38246,28/11/2006,28/11/2006,1,4,NULL,5.3,"5.1, 5.2, 5.3, 5.4",NULL,Fishing,RLS,
Tasmania - South East,TAS172,North Passage,-43.10058,147.70619,18/06/2015,18/06/2015,1,6,NULL,4.3,"2.2, 2.3, 5.1, 5.2, 5.3, 5.4",NULL,Fishing,RLS,
Tasmania - South East,TAS173,Bull Bay South,-43.0883,147.37183,15/03/2019,15/03/2019,1,4,E,5.3,"5.1, 5.2, 5.3, 5.4","6m_E, 6m_W",Fishing,RLS,
Tasmania - South East,TAS174,Bull Bay North,-43.07366,147.36731,6/03/2019,6/03/2019,1,4,NE,5.3,"5.1, 5.2, 5.3, 5.4",NULL,Fishing,RLS,
Tinderbox,TAS176,Tinderbox South,-43.06005,147.32439,9/09/2008,9/09/2008,1,1,NULL,5.5,5.5,NULL,No take,RLS,Tinderbox Marine Reserve
D'Entrecasteaux & Derwent,TAS177,Flowerpot Point,-43.19099,147.25451,7/12/2009,10/02/2010,2,6,NULL,4.1,"2.5, 3.0, 4.0, 4.1, 6.7",NULL,Fishing,RLS,
Tasmania - South East,TAS178,Cape Queen Elizabeth,-43.25349,147.42538,2/10/1994,24/05/2006,2,12,NULL,8.6,"10.1, 10.2, 10.3, 10.4, 5.1, 5.2, 5.3, 5.4",NULL,Fishing,RLS,
Tasmania - South East,TAS179,Iron Pot,-43.05849,147.41638,29/03/2019,29/03/2019,1,4,N,5.3,"5.1, 5.2, 5.3, 5.4",6m_N,Fishing,RLS,
D'Entrecasteaux & Derwent,TAS18,Satellite Island,-43.26783,147.24213,8/12/2008,8/12/2008,1,1,NULL,3,3,NULL,Fishing,RLS,
Tasmania - South East,TAS180,IronPot,-43.05843,147.41617,6/01/2010,6/01/2010,1,2,NULL,8.3,"10.6, 6.0",NULL,Fishing,RLS,
Tinderbox,TAS183,Tinderbox East,-43.05688,147.33748,19/11/2008,19/11/2008,1,1,NULL,5,5,NULL,No take,RLS,Tinderbox Marine Reserve
Tinderbox,TAS184,Piersons Pt North,-43.04787,147.34509,2/08/2022,2/08/2022,1,1,SE,6,6,NULL,No take,RLS,Tinderbox Marine Reserve
Tasmania - South East,TAS185,Betsy Island North West,-43.04491,147.47144,29/03/2019,29/03/2019,1,4,NE,5.3,"5.1, 5.2, 5.3, 5.4",6m_S,Fishing,RLS,
D'Entrecasteaux & Derwent,TAS186,Hales Farm,-43.04371,147.34192,9/08/2022,9/08/2022,1,1,N,8,8,8m_N,No take,RLS,Tinderbox Marine Reserve
Tinderbox,TAS187,Nth Lucas Pt,-43.03203,147.33765,6/01/2010,11/01/2010,1,6,NULL,6.8,"10.0, 10.1, 5.0, 5.1, 5.2, 5.3",NULL,No take,RLS,Tinderbox Marine Reserve
Tasmania - South East,TAS189,Fossil Island,-43.0298,147.94484,15/01/2007,15/01/2007,1,4,NULL,5.3,"5.1, 5.2, 5.3, 5.4",NULL,Fishing,RLS,
D'Entrecasteaux & Derwent,TAS19,Garden Island west side,-43.26348,147.12677,26/11/2008,26/11/2008,1,1,NULL,5,5,NULL,Fishing,RLS,
D'Entrecasteaux & Derwent,TAS190,Fossil Cliffs Blackmans Bay,-43.0204,147.33343,13/01/2010,13/01/2010,1,3,NULL,5.2,"5.0, 5.1, 5.5",NULL,Fishing,RLS,
Tinderbox,TAS191,BbaySewagePlant,-43.0172,147.33247,16/01/2025,14/01/2026,2,12,N,5.6,"4.2, 4.8, 5.1, 5.2, 5.3, 5.4, 5.6, 6.0, 6.5, 6.7, 7.0","6m_N, 6m_S, 7m_N, 5m_S, 5m_N, 7m_S",Fishing,RLS,
D'Entrecasteaux & Derwent,TAS192,SoldierRocksSouth,-43.01334,147.33089,25/11/2009,25/11/2009,1,1,NULL,4.9,4.9,NULL,Fishing,RLS,
Tasmania - South East,TAS193,Clyde Island,-43.01036,147.93999,4/04/2024,4/04/2024,1,1,SE,5,5,NULL,Fishing,RLS,
D'Entrecasteaux & Derwent,TAS194,PigeonHole,-43.00722,147.39797,8/12/2009,8/12/2009,1,3,NULL,5.2,"3.5, 5.0, 7.0",NULL,Fishing,RLS,Opossum Bay Marine Conservation Area
Tasmania - South East,TAS195,Boulder Beach,-43.00237,147.94841,16/01/2007,16/01/2007,1,4,NULL,5.3,"5.1, 5.2, 5.3, 5.4",NULL,Fishing,RLS,
D'Entrecasteaux & Derwent,TAS196,Blackmans bay blow hole,-42.99929,147.32887,27/03/2024,27/03/2024,1,4,O,4.3,"4.1, 4.2, 4.3, 4.4",5m_N,Fishing,RLS,
D'Entrecasteaux & Derwent,TAS197,Blackmans Bay Blowhole,-42.99837,147.32967,11/02/2010,11/02/2010,1,8,NULL,5.2,"5.0, 5.1, 5.2, 5.3, 5.4",NULL,Fishing,RLS,
Tasmania - South East,TAS198,Rockslide,-42.99812,147.95401,24/01/1994,24/01/2018,3,12,NULL,5.3,"5.1, 5.2, 5.3, 5.4",NULL,Fishing,RLS,
D'Entrecasteaux & Derwent,TAS199,Blackmans Bay Cave,-42.99599,147.33045,12/01/2010,12/01/2010,1,2,NULL,4.3,"3.5, 5.0",NULL,Fishing,RLS,
Tasmania - South,TAS2,Southport (SW),-43.45406,146.97394,9/12/2008,9/12/2008,1,1,NULL,5,5,NULL,Fishing,RLS,
D'Entrecasteaux & Derwent,TAS20,Simpsons Point SW,-43.249,147.28825,4/12/2008,4/12/2008,1,1,NULL,5,5,NULL,Fishing,RLS,Simpsons Point Marine Conservation Area
D'Entrecasteaux & Derwent,TAS200,Glenvar beach,-42.9946,147.39952,18/01/2009,1/02/2009,1,3,NULL,4,4,NULL,Fishing,RLS,Opossum Bay Marine Conservation Area
D'Entrecasteaux & Derwent,TAS201,Opossum Bay,-42.99214,147.39795,13/01/2010,13/01/2010,1,3,NULL,4.7,"4.0, 5.0, 5.1",NULL,Fishing,RLS,Opossum Bay Marine Conservation Area
D'Entrecasteaux & Derwent,TAS202,Opossum Bay 5m,-42.99168,147.39807,21/12/2006,21/12/2006,1,4,NULL,5.3,"5.1, 5.2, 5.3, 5.4",NULL,Fishing,RLS,Opossum Bay Marine Conservation Area
D'Entrecasteaux & Derwent,TAS203,BoroniaReef,-42.99007,147.33,8/12/2009,8/12/2009,1,2,NULL,3.5,"3.0, 4.0",NULL,Fishing,RLS,
Tasmania - West,TAS204,Low Rocks Point,-42.98451,145.51041,21/06/1994,24/04/2007,2,8,NULL,10.3,"10.1, 10.2, 10.3, 10.4",NULL,Fishing,RLS,
D'Entrecasteaux & Derwent,TAS205,Kingston Beach Yacht Club,-42.98449,147.32604,12/01/2009,8/05/2019,3,3,E,1.8,"1.5, 2.0",2m_E,Fishing,RLS,
Tasmania - South East,TAS206,North of Rockslide/Knobby's Wall,-42.98333,147.96611,18/12/2006,18/12/2006,1,4,NULL,5.3,"5.1, 5.2, 5.3, 5.4",NULL,Fishing,RLS,
D'Entrecasteaux & Derwent,TAS207,OpossumBay,-42.97758,147.39237,8/12/2009,8/12/2009,1,3,NULL,4.8,"3.5, 5.0, 6.0",NULL,Fishing,RLS,Opossum Bay Marine Conservation Area
D'Entrecasteaux & Derwent,TAS208,White Rock  South Arm,-42.97744,147.39232,1/05/2024,1/05/2024,1,4,O,4.3,"4.1, 4.2, 4.3, 4.4",NULL,Fishing,RLS,Opossum Bay Marine Conservation Area
D'Entrecasteaux & Derwent,TAS209,Alum Cliffs 1,-42.97113,147.33922,10/12/2009,11/01/2010,2,6,NULL,5.7,"5.0, 5.1, 5.2, 5.3, 6.0, 7.6",NULL,Fishing,RLS,
D'Entrecasteaux & Derwent,TAS21,Simpsons Point,-43.24109,147.29373,4/12/2008,4/12/2008,1,1,NULL,5,5,NULL,Fishing,RLS,Simpsons Point Marine Conservation Area
Tasmania - South East,TAS210,Deep Glen Bay shallow,-42.97053,147.98836,4/04/2024,4/04/2024,1,2,E,10.5,"10.0, 11.0",10m_E,Fishing,RLS,
D'Entrecasteaux & Derwent,TAS212,Alum Cliffs,-42.96663,147.34187,30/04/2024,30/04/2024,1,4,O,5.3,"5.1, 5.2, 5.3, 5.4",NULL,Fishing,RLS,
D'Entrecasteaux & Derwent,TAS213,Gellibrands Grave,-42.96646,147.40373,13/11/2009,13/11/2009,1,2,NULL,5.1,"5.0, 5.1",NULL,Fishing,RLS,Opossum Bay Marine Conservation Area
D'Entrecasteaux & Derwent,TAS215,Alum Cliffs Central,-42.96334,147.34134,10/03/2008,14/11/2009,2,3,NULL,4.2,"3.5, 4.0, 5.0",NULL,Fishing,RLS,
Tasmania - South East,TAS216,Cape Surville South Bay,-42.95805,147.99416,24/10/2025,24/10/2025,1,2,N,6.1,"5.0, 7.1",8m_N,Fishing,RLS,
D'Entrecasteaux & Derwent,TAS217,Taroona reserve,-42.95324,147.35538,2/06/2008,10/01/2021,2,4,N,3.6,"2.0, 4.0, 4.2",4m_N,Fishing,RLS,
D'Entrecasteaux & Derwent,TAS218,Crayfish Point,-42.95313,147.35453,17/10/2022,2/05/2023,2,8,E,2.6,"1.5, 2.0, 2.4, 2.5, 2.8, 3.0, 3.2, 3.5","3m_E, 2m_E, 4m_E",Fishing,RLS,
D'Entrecasteaux & Derwent,TAS219,Crayfish Point East,-42.95207,147.35603,29/04/2024,29/04/2024,1,4,O,3.3,"3.1, 3.2, 3.3, 3.4",NULL,No take,RLS,Crayfish Point Reserve
D'Entrecasteaux & Derwent,TAS22,Great Bay Nth,-43.218,147.34114,4/12/2008,4/12/2008,1,1,NULL,2,2,NULL,Fishing,RLS,
Tasmania - South East,TAS220,Sloping Island,-42.95092,147.63653,7/01/2008,7/01/2008,1,1,NULL,6,6,NULL,Fishing,RLS,Sloping Island Marine Conservation Area
D'Entrecasteaux & Derwent,TAS221,Gypsy Shoal,-42.94961,147.41687,15/11/2009,15/11/2009,1,2,NULL,10.1,"10.0, 10.1",NULL,Fishing,RLS,
D'Entrecasteaux & Derwent,TAS222,Seaview Ave Taroona,-42.94752,147.35579,15/01/2009,15/01/2009,1,1,NULL,1.6,1.6,NULL,Fishing,RLS,
D'Entrecasteaux & Derwent,TAS223,Triworks Reef,-42.94026,147.4089,13/11/2009,13/11/2009,1,2,NULL,4.5,"4.0, 5.0",NULL,Fishing,RLS,
Tasmania - South East,TAS224,High Yellow Bluff South,-42.93611,147.98848,15/01/2007,15/01/2007,1,4,NULL,5.3,"5.1, 5.2, 5.3, 5.4",NULL,Fishing,RLS,
D'Entrecasteaux & Derwent,TAS225,"The Grange, Taroona",-42.93256,147.36163,30/04/2024,30/04/2024,1,2,O,4.2,"4.1, 4.2",NULL,Fishing,RLS,
D'Entrecasteaux & Derwent,TAS226,Tranmere Point,-42.93042,147.40926,7/05/2024,7/05/2024,1,4,O,3.3,"3.1, 3.2, 3.3, 3.4",NULL,Fishing,RLS,
Tasmania - South East,TAS227,High Yellow Bluff,-42.92711,147.99605,15/01/2007,4/01/2009,2,6,NULL,5.3,"5.0, 5.1, 5.2, 5.3, 5.4, 6.0",NULL,Fishing,RLS,
D'Entrecasteaux & Derwent,TAS228,SandyBayReefSouth,-42.91822,147.36057,26/11/2009,26/11/2009,1,1,NULL,2,2,NULL,Fishing,RLS,
D'Entrecasteaux & Derwent,TAS229,LongBeach Sth,-42.91339,147.35896,19/01/2009,19/01/2009,1,1,NULL,1.3,1.3,NULL,Fishing,RLS,
D'Entrecasteaux & Derwent,TAS23,Bruny Neck Nth,-43.20783,147.36298,10/12/2008,10/12/2008,1,1,NULL,2,2,NULL,Fishing,RLS,
D'Entrecasteaux & Derwent,TAS230,Manning Reef,-42.90611,147.3447,14/11/2009,14/11/2009,1,2,NULL,2.8,"2.5, 3.0",NULL,Fishing,RLS,
D'Entrecasteaux & Derwent,TAS231,Puncher s Reef,-42.90025,147.41045,26/11/2009,26/11/2009,1,2,NULL,5.3,"5.0, 5.5",NULL,Fishing,RLS,
D'Entrecasteaux & Derwent,TAS232,Battery Point,-42.88971,147.33942,16/04/2023,16/04/2023,1,2,O,2.2,"2.1, 2.2",NULL,Fishing,RLS,
D'Entrecasteaux & Derwent,TAS234,CSIROPoint,-42.88832,147.3391,9/12/2009,9/12/2009,1,2,NULL,5.8,"4.0, 7.5",NULL,Fishing,RLS,
Tasmania - South East,TAS235,Lagoon Bay,-42.88355,147.97357,1/03/2025,1/03/2025,1,2,E,5.3,"5.0, 5.6","5m_E, 6m_S",Fishing,RLS,
D'Entrecasteaux & Derwent,TAS236,Bellerieve/Howrah Bluff,-42.88249,147.38543,7/05/2024,7/05/2024,1,2,O,4.2,"4.1, 4.2",NULL,Fishing,RLS,
D'Entrecasteaux & Derwent,TAS237,Bellerieve Bluff,-42.88199,147.3652,1/05/2024,1/05/2024,1,2,O,4.2,"4.1, 4.2",NULL,Fishing,RLS,
D'Entrecasteaux & Derwent,TAS238,Bellerive Oval,-42.88181,147.37019,14/03/2009,26/11/2009,1,3,NULL,4.7,"3.5, 5.0, 5.5",NULL,Fishing,RLS,
D'Entrecasteaux & Derwent,TAS239,Bellerive Bluff Boat Ramp,-42.88014,147.36381,28/02/2009,28/02/2009,1,1,NULL,2.9,2.9,NULL,Fishing,RLS,
Tasmania - South East,TAS24,Crescent Bay Nth,-43.19449,147.87404,5/01/2009,5/01/2009,1,4,NULL,7.1,"4.5, 7.0, 7.5, 9.5",NULL,Fishing,RLS,
D'Entrecasteaux & Derwent,TAS240,RosnyPoint,-42.87595,147.3558,9/12/2009,9/12/2009,1,2,NULL,3.8,"3.5, 4.0",NULL,Fishing,RLS,
D'Entrecasteaux & Derwent,TAS241,Rosny Point North,-42.87191,147.35037,24/04/2024,24/04/2024,1,2,O,2.2,"2.1, 2.2",NULL,Fishing,RLS,
Tasmania - South East,TAS242,Two Mile Beach,-42.86948,147.95836,17/02/1994,23/01/2018,3,12,NULL,5.3,"5.1, 5.2, 5.3, 5.4",NULL,Fishing,RLS,
D'Entrecasteaux & Derwent,TAS243,Lindisfarne Sth,-42.86102,147.3501,13/01/2009,3/02/2010,2,5,NULL,2.1,"2.0, 2.1, 2.2, 2.3",NULL,Fishing,RLS,
D'Entrecasteaux & Derwent,TAS244,200 m North Tasman Bridge East Shore,-42.86102,147.3501,24/04/2024,24/04/2024,1,2,O,2.2,"2.1, 2.2",NULL,Fishing,RLS,
D'Entrecasteaux & Derwent,TAS245,LindersfarneYachtClub,-42.85313,147.3509,9/12/2009,9/12/2009,1,2,NULL,3.5,"3.0, 4.0",NULL,Fishing,RLS,
D'Entrecasteaux & Derwent,TAS246,Cornelian Bay,-42.85181,147.32785,23/04/2024,23/04/2024,1,2,O,2.2,"2.1, 2.2",NULL,Fishing,RLS,
D'Entrecasteaux & Derwent,TAS247,Point South of Gielston Bay,-42.84433,147.33763,23/04/2024,23/04/2024,1,2,O,3.2,"3.1, 3.2",NULL,Fishing,RLS,
D'Entrecasteaux & Derwent,TAS248,Bedlam Walls South,-42.83792,147.33123,23/04/2024,23/04/2024,1,2,O,4.2,"4.1, 4.2",NULL,Fishing,RLS,
D'Entrecasteaux & Derwent,TAS249,Bedlam Walls North,-42.83202,147.32728,18/04/2024,18/04/2024,1,2,O,4.2,"4.1, 4.2",NULL,Fishing,RLS,
D'Entrecasteaux & Derwent,TAS25,Sykes Cove,-43.14546,147.32117,10/12/2008,10/12/2008,1,1,NULL,2,2,NULL,Fishing,RLS,
D'Entrecasteaux & Derwent,TAS250,Cadbury Point,-42.78847,147.28102,18/04/2024,18/04/2024,1,2,O,1.2,"1.1, 1.2",NULL,Fishing,RLS,
Tasmania - South East,TAS253,Bunker Bay (Tas),-42.66348,148.13635,30/05/1993,19/06/2006,2,8,NULL,5.3,"5.1, 5.2, 5.3, 5.4",NULL,Fishing,RLS,
Maria Island,TAS254,Lachlan Island,-42.64348,147.98036,24/03/1992,15/03/2006,3,20,NULL,5.3,"5.1, 5.2, 5.3, 5.4",NULL,Fishing,RLS,
Maria Island,TAS255,Troy D,-42.60033,148.03278,26/05/2011,26/05/2011,1,3,NULL,26.2,"26.1, 26.2, 26.3",NULL,Fishing,RLS,
Maria Island,TAS256,Stapleton Point,-42.59278,147.9305,14/01/2012,14/01/2012,1,4,SE,9.8,"14.5, 7.0, 8.0, 9.8",NULL,Fishing,RLS,
Maria Island,TAS257,North East Siltstone,-42.59048,148.12434,18/03/1992,4/04/2006,2,12,NULL,10.3,"10.1, 10.2, 10.3, 10.4",NULL,Fishing,RLS,0
Maria Island,TAS258,Fossil Cliffs (East),-42.58321,148.10759,8/10/2024,29/10/2025,2,12,W,9.8,"10.0, 10.1, 10.2, 10.3, 10.4, 11.0, 8.1, 8.5, 9.5, 9.8, 9.9","11m_E, 10m_W, 11m_W, 9m_W, 10m_E",Fishing,RLS,Maria Island Marine Reserve
Tasmania - South East,TAS259,Cape Bougainville,-42.50664,148.0032,25/03/1992,7/03/2018,3,16,NULL,5.3,"5.1, 5.2, 5.3, 5.4",NULL,Fishing,RLS,
D'Entrecasteaux & Derwent,TAS26,Roberts Point area,-43.14242,147.29123,24/11/2008,24/11/2008,1,1,NULL,2,2,NULL,Fishing,RLS,Roberts Point Marine Conservation Area
Tasmania - South East,TAS260,Grindstone Bay,-42.43884,148.00484,31/05/1993,20/06/2006,2,8,NULL,5.3,"5.1, 5.2, 5.3, 5.4",NULL,Fishing,RLS,
Tasmania - North East ,TAS262,Schouten 1,-42.31115,148.23512,30/09/1992,18/01/2018,3,12,NULL,5.3,"5.1, 5.2, 5.3, 5.4",NULL,Fishing,RLS,
Tasmania - West,TAS263,Sloop Point,-42.30987,145.19464,6/10/1994,21/02/2018,3,12,NULL,10.3,"10.1, 10.2, 10.3, 10.4",NULL,Fishing,RLS,
Tasmania - North East ,TAS266,Schouten 2,-42.29195,148.25294,30/09/1992,23/05/2006,2,8,NULL,5.3,"5.1, 5.2, 5.3, 5.4",NULL,Fishing,RLS,
Tasmania - North East ,TAS267,Bryans,-42.25714,148.27303,6/11/2006,6/11/2006,1,4,NULL,5.3,"5.1, 5.2, 5.3, 5.4",NULL,Fishing,RLS,
Tasmania - North East ,TAS268,Weatherhead Point Light,-42.23265,148.25179,6/11/2006,15/01/2011,2,7,N,5.2,"5.0, 5.1, 5.2, 5.3, 5.4","6m_N, 5m_N",Fishing,RLS,
Tasmania - North East ,TAS269,North  Weatherhead,-42.22826,148.25371,9/11/2006,9/11/2006,1,4,NULL,5.3,"5.1, 5.2, 5.3, 5.4",NULL,Fishing,RLS,
D'Entrecasteaux & Derwent,TAS27,Roberts Point Fish Farm,-43.13913,147.29853,24/11/2008,24/11/2008,1,1,NULL,4.5,4.5,NULL,Fishing,RLS,
Tasmania - North East ,TAS270,South Hazard,-42.21498,148.27242,9/11/2006,9/11/2006,1,4,NULL,5.3,"5.1, 5.2, 5.3, 5.4",NULL,Fishing,RLS,
Tasmania - West,TAS271,South Cape Sorrell,-42.21403,145.18864,6/09/1994,21/02/2018,3,12,NULL,5.3,"5.1, 5.2, 5.3, 5.4",NULL,Fishing,RLS,
Tasmania - West,TAS272,Breakwater,-42.19954,145.20023,5/11/1994,20/02/2018,3,12,NULL,5.3,"5.1, 5.2, 5.3, 5.4",NULL,Fishing,RLS,
Tasmania - West,TAS273,Cape Sorrel Light,-42.19641,145.16962,9/05/1994,20/02/2018,3,12,NULL,5.3,"5.1, 5.2, 5.3, 5.4",NULL,Fishing,RLS,
Tasmania - West,TAS274,Cape Sorrell Halfway,-42.19536,145.18481,10/05/1994,20/02/2018,3,24,NULL,7.8,"10.1, 10.2, 10.3, 10.4, 5.1, 5.2, 5.3, 5.4",NULL,Fishing,RLS,
Tasmania - West,TAS275,Cape Sorrel End,-42.19532,145.16692,5/10/1994,21/02/2018,3,12,NULL,10.3,"10.1, 10.2, 10.3, 10.4",NULL,Fishing,RLS,
Tasmania - North East ,TAS276,Kelvadon Point,-42.18987,148.069,29/04/1994,29/03/2006,2,8,NULL,5.3,"5.1, 5.2, 5.3, 5.4",NULL,Fishing,RLS,
Tasmania - North East ,TAS277,"Cape Forestier, 10m",-42.18272,148.34564,17/11/2006,17/11/2006,1,4,NULL,10.3,"10.1, 10.2, 10.3, 10.4",NULL,Fishing,RLS,
Tasmania - North East ,TAS278,Fleurieu Point,-42.16828,148.26195,21/11/2006,21/11/2006,1,4,NULL,5.3,"5.1, 5.2, 5.3, 5.4",NULL,Fishing,RLS,
Tasmania - North East ,TAS279,South of Fisheries,-42.15631,148.26477,10/11/2006,10/11/2006,1,4,NULL,5.3,"5.1, 5.2, 5.3, 5.4",NULL,Fishing,RLS,
Tasmania - South East,TAS28,Stewarts Bay,-43.13808,147.86505,7/04/2024,7/04/2024,1,1,W,9,9,"9m_W, 10m_W, 5m_W, 11m_E",Fishing,RLS,
Tasmania - North East ,TAS280,Fisheries,-42.14191,148.29073,10/11/2006,10/11/2006,1,4,NULL,5.3,"5.1, 5.2, 5.3, 5.4",NULL,Fishing,RLS,
Tasmania - North East ,TAS281,"Sleepy Bay North, 10m",-42.13158,148.32687,11/07/2006,11/07/2006,1,4,NULL,10.3,"10.1, 10.2, 10.3, 10.4",NULL,Fishing,RLS,
Tasmania - North East ,TAS282,"Little Bluestone Bay, 10m",-42.1107,148.34172,11/07/2006,11/07/2006,1,4,NULL,10.3,"10.1, 10.2, 10.3, 10.4",NULL,Fishing,RLS,
Tasmania - North East ,TAS283,North of Bluestone,-42.08378,148.32504,7/12/2006,7/12/2006,1,4,NULL,10.3,"10.1, 10.2, 10.3, 10.4",NULL,Fishing,RLS,
Tasmania - North East ,TAS284,"Friendly Point, 10m",-42.05611,148.30429,17/11/2006,17/11/2006,1,4,NULL,10.3,"10.1, 10.2, 10.3, 10.4",NULL,Fishing,RLS,
Tasmania - North East ,TAS285,"Butler's Point, 10m",-41.96518,148.3085,22/11/2006,22/11/2006,1,4,NULL,10.3,"10.1, 10.2, 10.3, 10.4",NULL,Fishing,RLS,
Bicheno,TAS286,Cape Lodi,-41.92637,148.31825,7/12/2006,7/12/2006,1,4,NULL,10.3,"10.1, 10.2, 10.3, 10.4",NULL,Fishing,RLS,
Bicheno,TAS289,South of Bicheno,-41.89552,148.31125,7/11/2006,7/11/2006,1,4,NULL,10.3,"10.1, 10.2, 10.3, 10.4",NULL,Fishing,RLS,
Tasmania - South East,TAS29,Fortescue Kelp Forest,-43.13768,147.96908,21/12/2021,25/10/2025,4,21,E,7.6,"10.0, 10.3, 12.0, 12.1, 12.2, 2.0, 2.1, 2.2, 5.0, 5.1, 5.2, 7.9, 8.0, 8.1, 8.2, 9.1","8m_E, 13m_E, 9m_W, 6m_E, 3m_E, 5m_W",Fishing,RLS,
Tasmania - North East ,TAS290,"Ironhouse, 10m",-41.5816,148.31752,4/05/2006,4/05/2006,1,4,NULL,10.3,"10.1, 10.2, 10.3, 10.4",NULL,Fishing,RLS,
Tasmania - North East ,TAS291,"St Helens Island, 10m",-41.35428,148.3427,25/01/1999,2/05/2006,2,8,NULL,10.3,"10.1, 10.2, 10.3, 10.4",NULL,Fishing,RLS,
Tasmania - North East ,TAS292,St Helens Island,-41.34432,148.33971,3/01/1994,11/05/2006,2,8,NULL,5.3,"5.1, 5.2, 5.3, 5.4",NULL,Fishing,RLS,
Tasmania - North East ,TAS293,St Helens Rocks,-41.28787,148.368,3/01/1994,11/05/2006,2,8,NULL,5.3,"5.1, 5.2, 5.3, 5.4",NULL,Fishing,RLS,
Tasmania - North East ,TAS294,"St Helens Point, 5m",-41.2735,148.35448,14/01/1999,17/01/2018,3,12,NULL,5.3,"5.1, 5.2, 5.3, 5.4",NULL,Fishing,RLS,
Tasmania - North East ,TAS295,"St Helens Point, 10m",-41.27299,148.35394,26/01/1999,17/01/2018,3,12,NULL,10.3,"10.1, 10.2, 10.3, 10.4",NULL,Fishing,RLS,
Tasmania - North East ,TAS296,Grants Point South,-41.26009,148.33829,15/01/1999,31/03/2006,2,8,NULL,5.3,"5.1, 5.2, 5.3, 5.4",NULL,Fishing,RLS,
Tasmania - North East ,TAS297,"Elephant Rock, 10m",-41.25195,148.341,13/01/1999,11/05/2006,2,8,NULL,10.3,"10.1, 10.2, 10.3, 10.4",NULL,Fishing,RLS,
Tasmania - North East ,TAS298,"Elephant Rock, 5m",-41.25126,148.33968,13/01/1999,10/05/2006,2,8,NULL,5.3,"5.1, 5.2, 5.3, 5.4",NULL,Fishing,RLS,
Tasmania - North East ,TAS299,"Grants Point West, 5m",-41.25111,148.33565,14/01/1999,1/04/2006,2,8,NULL,5.3,"5.1, 5.2, 5.3, 5.4",NULL,Fishing,RLS,
D'Entrecasteaux & Derwent,TAS3,Great Taylors Bay,-43.43856,147.17373,11/12/2008,11/12/2008,1,1,NULL,5,5,NULL,Fishing,RLS,
D'Entrecasteaux & Derwent,TAS30,Point north of Barnes Bay,-43.13494,147.30894,24/11/2008,24/11/2008,1,1,NULL,2,2,NULL,Fishing,RLS,
Tasmania - North East ,TAS300,Skeleton Bay East,-41.25041,148.32396,13/01/1999,16/01/2018,3,12,NULL,5.3,"5.1, 5.2, 5.3, 5.4",NULL,Fishing,RLS,
Tasmania - North East ,TAS301,"Grants Point West, 10m",-41.25027,148.33548,26/01/1999,31/03/2006,2,8,NULL,10.3,"10.1, 10.2, 10.3, 10.4",NULL,Fishing,RLS,
Tasmania - North East ,TAS302,"Skeleton Bay West, 10m",-41.24904,148.31802,14/01/1999,16/01/2018,3,12,NULL,10.3,"10.1, 10.2, 10.3, 10.4",NULL,Fishing,RLS,
Tasmania - North East ,TAS303,Skeleton Rk East,-41.24843,148.33107,27/01/1999,17/01/2018,3,12,NULL,10.3,"10.1, 10.2, 10.3, 10.4",NULL,Fishing,RLS,
Tasmania - North East ,TAS305,Gardens Rocks,-41.20793,148.29163,3/02/1994,10/05/2006,2,16,NULL,7.8,"10.1, 10.2, 10.3, 10.4, 5.1, 5.2, 5.3, 5.4",NULL,Fishing,RLS,
Tasmania - North,TAS307,"Lillico Beach, 10m",-41.1527,146.29324,9/01/1999,15/01/2017,3,12,NULL,10.3,"10.1, 10.2, 10.3, 10.4",NULL,Fishing,RLS,
Tasmania - North,TAS309,"Goat Island, 5m",-41.13433,146.13724,10/03/1999,11/01/2017,3,12,NULL,5.3,"5.1, 5.2, 5.3, 5.4",NULL,Fishing,RLS,
D'Entrecasteaux & Derwent,TAS31,Barnes Bay North Head,-43.12404,147.32348,25/11/2008,25/11/2008,1,1,NULL,2,2,NULL,Fishing,RLS,
Tasmania - North,TAS310,"West Ulverstone, 10m",-41.1327,146.15506,8/01/1999,12/01/2017,3,12,NULL,10.3,"10.1, 10.2, 10.3, 10.4",NULL,Fishing,RLS,
Tasmania - North,TAS311,"Goat Island, 10m",-41.13136,146.14314,8/01/1999,11/01/2017,3,12,NULL,10.3,"10.1, 10.2, 10.3, 10.4",NULL,Fishing,RLS,
Tasmania - North,TAS312,"Outer Sister (West), 5m",-41.1198,146.12694,10/01/1999,12/01/2017,3,12,NULL,5.3,"5.1, 5.2, 5.3, 5.4",NULL,Fishing,RLS,
Tasmania - North,TAS313,"Piggery, 5m",-41.1165,146.10439,10/03/1999,13/01/2017,3,12,NULL,5.3,"5.1, 5.2, 5.3, 5.4",NULL,Fishing,RLS,
Tasmania - North,TAS314,"Penguin Point, 10m",-41.116,146.1208,7/01/1999,12/01/2017,3,12,NULL,10.3,"10.1, 10.2, 10.3, 10.4",NULL,Fishing,RLS,
Tasmania - North,TAS315,"Tea-tree Point, 10m",-41.11339,146.10599,8/01/1999,13/01/2017,3,12,NULL,10.3,"10.1, 10.2, 10.3, 10.4",NULL,Fishing,RLS,
Tasmania - North,TAS316,"Penguin, 5m",-41.10429,146.07346,10/03/1999,11/01/2017,3,12,NULL,5.3,"5.1, 5.2, 5.3, 5.4",NULL,Fishing,RLS,
Tasmania - North,TAS318,Blythe Heads,-41.07827,146.00557,24/02/2017,24/02/2017,1,4,NULL,5.3,"5.1, 5.2, 5.3, 5.4",NULL,Fishing,RLS,
Tasmania - South East,TAS32,Bivouac Bay,-43.12291,147.97423,31/03/2022,6/04/2024,2,2,E,10.3,"11.0, 9.5",11m_E,Fishing,RLS,Waterfall-Fortescue Marine Conservation Area
Tasmania - North,TAS320,Wivenhoe,-41.06364,145.94133,22/02/2017,22/02/2017,1,4,NULL,5.3,"5.1, 5.2, 5.3, 5.4",NULL,Fishing,RLS,
Tasmania - North,TAS321,Round Hill Point,-41.06238,145.96317,24/02/2017,24/02/2017,1,4,NULL,5.3,"5.1, 5.2, 5.3, 5.4",NULL,Fishing,RLS,
Tasmania - North,TAS322,West Head,-41.06141,146.7097,4/12/1994,20/02/2007,3,16,NULL,5.3,"5.1, 5.2, 5.3, 5.4",NULL,Fishing,RLS,
Tasmania - North,TAS323,"Low Head, Pilots Bay, 5m",-41.05602,146.78432,9/03/1999,22/02/2007,2,8,NULL,5.3,"5.1, 5.2, 5.3, 5.4",NULL,Fishing,RLS,
Tasmania - North,TAS324,Low Head,-41.05436,146.79001,4/11/1994,21/02/2007,3,16,NULL,5.3,"5.1, 5.2, 5.3, 5.4",NULL,Fishing,RLS,
Tasmania - North,TAS325,North East,-41.04846,146.74284,9/08/1995,11/06/1996,2,8,NULL,5.3,"5.1, 5.2, 5.3, 5.4",NULL,Fishing,RLS,
Tasmania - North,TAS326,"North West, Hebe Reef",-41.04788,146.73749,8/08/1995,12/06/1996,2,8,NULL,5.3,"5.1, 5.2, 5.3, 5.4",NULL,Fishing,RLS,
Tasmania - North,TAS327,"Iron Baron Impact, 10m",-41.04787,146.74002,8/10/1995,11/06/1996,2,12,NULL,8.3,"8.1, 8.2, 8.3, 8.4",NULL,Fishing,RLS,
Tasmania - North,TAS328,West Park,-41.04268,145.89755,22/02/2017,22/02/2017,1,4,NULL,5.3,"5.1, 5.2, 5.3, 5.4",NULL,Fishing,RLS,
Tasmania - North,TAS329,Two Mile Reef,-41.03787,146.81955,22/02/2007,22/02/2007,1,4,NULL,5.3,"5.1, 5.2, 5.3, 5.4",NULL,Fishing,RLS,
D'Entrecasteaux & Derwent,TAS33,North of Kettering Bay,-43.12155,147.27025,27/11/2008,27/11/2008,1,1,NULL,5,5,NULL,Fishing,RLS,
Tasmania - North,TAS330,Cooee,-41.03583,145.86574,22/02/2017,22/02/2017,1,4,NULL,5.3,"5.1, 5.2, 5.3, 5.4",NULL,Fishing,RLS,
Tasmania - North,TAS331,Beach Reef,-41.03429,146.84142,22/02/2007,22/02/2007,1,4,NULL,5.3,"5.1, 5.2, 5.3, 5.4",NULL,Fishing,RLS,
Tasmania - North,TAS332,Somerset Rocks,-41.03111,145.8251,22/02/2017,22/02/2017,1,4,NULL,5.3,"5.1, 5.2, 5.3, 5.4",NULL,Fishing,RLS,
Tasmania - North,TAS333,Five Mile Bluff,-41.01829,146.87592,13/04/1995,21/02/2007,2,12,NULL,5.3,"5.1, 5.2, 5.3, 5.4",NULL,Fishing,RLS,
Tasmania - West,TAS334,Bluff Hill Point,-41.00586,144.61076,15/04/1994,22/02/2018,3,12,NULL,5.3,"5.1, 5.2, 5.3, 5.4",NULL,Fishing,RLS,
Tasmania - North,TAS335,Doctors Rocks,-41.0032,145.78276,3/02/2017,3/02/2017,1,4,NULL,5.3,"5.1, 5.2, 5.3, 5.4",NULL,Fishing,RLS,
Tasmania - North East ,TAS336,Eddystone Point South,-40.99447,148.34607,3/03/1994,14/06/2006,2,16,NULL,7.8,"10.1, 10.2, 10.3, 10.4, 5.1, 5.2, 5.3, 5.4",NULL,Fishing,RLS,
Tasmania - North East ,TAS337,Eddystone Point North,-40.98914,148.34775,3/03/1994,14/06/2006,2,8,NULL,5.3,"5.1, 5.2, 5.3, 5.4",NULL,Fishing,RLS,
Tasmania - North,TAS338,Stony Head,-40.98029,147.02135,13/04/1994,21/02/2007,3,16,NULL,5.3,"5.1, 5.2, 5.3, 5.4",NULL,Fishing,RLS,
Tasmania - North,TAS339,Table Cape,-40.9435,145.72037,24/05/1992,3/02/2017,3,12,NULL,5.3,"5.1, 5.2, 5.3, 5.4",NULL,Fishing,RLS,
Tasmania - South East,TAS34,Nubeena Fish Farm1_2kmS,-43.12122,147.70488,15/12/2008,15/12/2008,1,1,NULL,2,2,NULL,Fishing,RLS,
Tasmania - West,TAS340,West Point,-40.9316,144.616,15/04/1994,22/02/2018,3,12,NULL,5.3,"5.1, 5.2, 5.3, 5.4",NULL,Fishing,RLS,
Rocky Cape,TAS343,Sisters Island West,-40.904045,145.57829,3/01/2024,3/01/2024,1,2,O,6.6,"5.7, 7.4","9m_E, 8m_S, 7m_N, 3m_E, 10m_W, 7m_E",Fishing,RLS,
Rocky Cape,TAS344,"Sisters Island East, 10m",-40.90403,145.5815,21/02/1999,23/02/2017,3,12,NULL,10.3,"10.1, 10.2, 10.3, 10.4",NULL,Fishing,RLS,
Rocky Cape,TAS345,"Sisters Beach, Point West, 10m",-40.90182,145.54842,19/02/1999,13/03/2017,3,12,NULL,10.3,"10.1, 10.2, 10.3, 10.4",NULL,Fishing,RLS,
Rocky Cape,TAS346,Sisters Beach West,-40.90137,145.54677,19/02/2016,24/03/2019,3,6,W,5.5,"4.0, 5.0, 7.0","5m_S, 7m_W, 4m_W",Fishing,RLS,
Tasmania - West,TAS347,Green Point,-40.89886,144.64969,16/04/1994,22/02/2018,4,20,NULL,8.3,"10.1, 10.2, 10.3, 10.4, 5.1, 5.2, 5.3, 5.4",NULL,Fishing,RLS,
Rocky Cape,TAS348,Anniversay Rocks,-40.89663,145.5407,19/02/2016,24/03/2019,4,7,NE,6,"5.0, 6.0, 7.0",NULL,Fishing,RLS,
D'Entrecasteaux & Derwent,TAS35,Roberts Fish Farm (2kmNE),-43.11928,147.31479,25/11/2008,25/11/2008,1,1,NULL,2,2,NULL,Fishing,RLS,
Rocky Cape,TAS350,"Aniversary Point, 10m",-40.89011,145.54053,21/02/1999,15/01/2017,3,12,NULL,10.3,"10.1, 10.2, 10.3, 10.4",NULL,Fishing,RLS,
Rocky Cape,TAS351,Anniversary Point Offshore,-40.88964,145.53734,21/02/2016,24/03/2019,4,9,SW,9.9,"10.0, 12.5, 13.0, 15.0, 5.0, 9.0",NULL,Fishing,RLS,
Rocky Cape,TAS352,Rocky Cape Boat Ramp,-40.86147,145.51314,26/03/2018,25/03/2019,2,3,NE,3.8,"3.0, 4.0, 4.5",NULL,Fishing,RLS,
Rocky Cape,TAS353,Rocky Cape Cave,-40.85454,145.51174,20/02/2016,20/02/2016,1,3,N,5.7,"4.5, 5.5, 7.0","7m_N, 6m_N",Fishing,RLS,
Rocky Cape,TAS355,Donut Reef,-40.85407,145.49712,3/01/2024,3/01/2024,1,2,NE,7.3,"7.2, 7.3","5m_E, 8m_W, 8m_N, 10m_N, 9m_E, 7m_S",Fishing,RLS,
Rocky Cape,TAS356,Rocky Cape West,-40.85254,145.49872,22/02/2016,22/03/2019,3,8,E,7.9,"10.0, 12.0, 4.5, 5.0, 6.0, 8.0","5m_E, 12m_W, 10m_W, 8m_E, 12m_N, 6m_E",Fishing,RLS,
Tasmania - North,TAS358,"North Croppies Point, 10m",-40.84724,147.5937,4/02/1999,19/04/2018,3,12,NULL,10.3,"10.1, 10.2, 10.3, 10.4",NULL,Fishing,RLS,
Tasmania - North,TAS359,Waterhouse Bay,-40.84431,147.61958,9/03/1999,20/04/2018,3,12,NULL,10.3,"10.1, 10.2, 10.3, 10.4",NULL,Fishing,RLS,
D'Entrecasteaux & Derwent,TAS36,Simmonds Point,-43.11131,147.28405,27/11/2008,27/11/2008,1,1,NULL,5,5,NULL,Fishing,RLS,
Tasmania - North,TAS362,Waterhouse Island West,-40.80484,147.6208,4/02/1999,18/04/2018,3,12,NULL,10.3,"10.1, 10.2, 10.3, 10.4",NULL,Fishing,RLS,
Tasmania - North,TAS365,Nut,-40.7665,145.30836,17/04/1994,2/02/2017,3,12,NULL,5.3,"5.1, 5.2, 5.3, 5.4",NULL,Fishing,RLS,
Tasmania - North,TAS366,Cape Portland,-40.76247,147.93832,26/04/1992,4/07/2006,2,8,NULL,5.3,"5.1, 5.2, 5.3, 5.4",NULL,Fishing,RLS,
Tasmania - North,TAS367,West of Nut,-40.7405,145.29836,17/04/1994,2/02/2017,3,12,NULL,5.3,"5.1, 5.2, 5.3, 5.4",NULL,Fishing,RLS,
Tasmania - North East ,TAS368,Swan Island,-40.73547,148.12331,6/06/1994,21/04/2018,3,12,NULL,5.3,"5.1, 5.2, 5.3, 5.4",NULL,Fishing,RLS,
Tasmania - North East ,TAS369,Swan Island Light,-40.73247,148.1273,5/05/1994,21/04/2018,3,12,NULL,5.3,"5.1, 5.2, 5.3, 5.4",NULL,Fishing,RLS,
Tasmania - South East,TAS37,Saftety cove nth,-43.15792,147.85412,19/04/2008,19/04/2008,1,1,NULL,4,4,NULL,Fishing,RLS,
Flinders Island,TAS370,Passage Point,-40.48947,148.34232,16/06/1992,5/07/2006,2,8,NULL,5.3,"5.1, 5.2, 5.3, 5.4",NULL,Fishing,RLS,
Flinders Island,TAS371,Sloping Point,-40.46449,148.22939,16/06/1992,5/07/2006,2,8,NULL,5.3,"5.1, 5.2, 5.3, 5.4",NULL,Fishing,RLS,
Flinders Island,TAS372,"Cape Barren Light, 10m",-40.44126,148.45802,9/07/2006,9/07/2006,1,4,NULL,10.3,"10.1, 10.2, 10.3, 10.4",NULL,Fishing,RLS,
Flinders Island,TAS373,"Cape Barren South, 5m",-40.41281,148.45802,9/07/2006,9/07/2006,1,4,NULL,5.3,"5.1, 5.2, 5.3, 5.4",NULL,Fishing,RLS,
Flinders Island,TAS374,Cape Barren,-40.37246,148.4313,1/06/1994,1/06/1994,1,4,NULL,5.3,"5.1, 5.2, 5.3, 5.4",NULL,Fishing,RLS,
Flinders Island,TAS375,Badger Island West,-40.30047,147.8383,2/06/1994,4/07/2006,2,8,NULL,5.3,"5.1, 5.2, 5.3, 5.4",NULL,Fishing,RLS,
Flinders Island,TAS376,Badger Island,-40.29683,147.89471,2/06/1994,4/07/2006,2,8,NULL,5.3,"5.1, 5.2, 5.3, 5.4",NULL,Fishing,RLS,
Flinders Island,TAS377,Low Islets,-40.13547,147.7243,4/05/1994,12/06/2018,2,8,NULL,5.3,"5.1, 5.2, 5.3, 5.4",NULL,Fishing,RLS,
King Island,TAS378,Surprise Bay,-40.12952,143.90137,16/05/1992,17/04/2007,2,8,NULL,5.3,"5.1, 5.2, 5.3, 5.4",NULL,Fishing,RLS,
King Island,TAS379,Black Point,-40.11726,143.9664,17/04/2007,17/04/2007,1,4,NULL,10.3,"10.1, 10.2, 10.3, 10.4",NULL,Fishing,RLS,
Tasmania - South East,TAS38,Nubeena Fish Farm2_400mS,-43.10448,147.71645,16/12/2008,16/12/2008,1,1,NULL,5,5,NULL,Fishing,RLS,
Flinders Island,TAS380,Prime Seal Island,-40.11047,147.73131,4/05/1994,12/06/2018,2,8,NULL,7.8,"10.1, 10.2, 10.3, 10.4, 5.1, 5.2, 5.3, 5.4",NULL,Fishing,RLS,
King Island,TAS381,"Sandblow Channel, 10m",-40.08036,144.04475,19/04/2007,19/04/2007,1,4,NULL,10.3,"10.1, 10.2, 10.3, 10.4",NULL,Fishing,RLS,
Flinders Island,TAS382,Dildo Rock,-39.95603,148.36298,7/07/2006,7/07/2006,1,4,NULL,5.3,"5.1, 5.2, 5.3, 5.4",NULL,Fishing,RLS,
King Island,TAS383,Naracoopa Cliffs,-39.95592,144.13387,18/04/2007,18/04/2007,1,4,NULL,5.3,"5.1, 5.2, 5.3, 5.4",NULL,Fishing,RLS,
Flinders Island,TAS384,South Pascoe Island,-39.95547,147.76431,5/06/1994,5/06/1994,1,4,NULL,5.3,"5.1, 5.2, 5.3, 5.4",NULL,Fishing,RLS,
Flinders Island,TAS385,"Babel Island, South",-39.95246,148.34729,6/05/1994,6/07/2006,2,8,NULL,5.3,"5.1, 5.2, 5.3, 5.4",NULL,Fishing,RLS,
Flinders Island,TAS386,Babel Island  North,-39.94446,148.34029,5/06/1994,5/06/1994,1,4,NULL,5.3,"5.1, 5.2, 5.3, 5.4",NULL,Fishing,RLS,
King Island,TAS387,Blencathra,-39.93152,143.83537,17/05/1992,16/04/2007,2,8,NULL,5.3,"5.1, 5.2, 5.3, 5.4",NULL,Fishing,RLS,
King Island,TAS388,Naracoopa Golden Spoon,-39.92278,144.13282,29/09/2012,29/09/2012,1,1,SE,4,4,NULL,Fishing,RLS,
King Island,TAS389,Naracoopa Jetty SE,-39.91995,144.12914,29/09/2012,29/09/2012,1,1,NW,4.6,4.6,NULL,Fishing,RLS,
Tasmania - South East,TAS39,Nubeena Fish Farm1_400mE,-43.10287,147.70868,15/12/2008,15/12/2008,1,1,NULL,5,5,NULL,Fishing,RLS,
King Island,TAS390,Naracoopa Jetty,-39.91915,144.12622,19/04/2004,19/04/2004,1,4,NULL,5.3,"5.1, 5.2, 5.3, 5.4",NULL,Fishing,RLS,
King Island,TAS391,Naracoopa Jetty NW,-39.91878,144.12314,29/09/2012,29/09/2012,1,1,SE,3.6,3.6,NULL,Fishing,RLS,
King Island,TAS392,Naracoopa Baudins,-39.91637,144.11871,29/09/2012,29/09/2012,1,1,NW,3.4,3.4,NULL,Fishing,RLS,
King Island,TAS393,Johnsons Rock,-39.90199,143.83369,17/05/1992,16/04/2007,2,8,NULL,5.3,"5.1, 5.2, 5.3, 5.4",NULL,Fishing,RLS,
Flinders Island,TAS394,Flinders North West Coast,-39.88247,147.7523,3/06/1994,3/06/1994,1,4,NULL,5.3,"5.1, 5.2, 5.3, 5.4",NULL,Fishing,RLS,
King Island,TAS395,"Blow Hole, King Island",-39.83551,144.13336,1/01/2024,1/01/2024,1,3,SE,5.9,"5.5, 6.0, 6.1",6m_E,Fishing,RLS,
King Island,TAS396,Councellor Island,-39.83151,144.16035,14/05/1992,18/04/2007,2,8,NULL,5.3,"5.1, 5.2, 5.3, 5.4",NULL,Fishing,RLS,
Flinders Island,TAS397,Inner Sister Passage,-39.70147,147.9393,4/06/1994,8/07/2006,4,16,NULL,5.3,"5.1, 5.2, 5.3, 5.4",NULL,Fishing,RLS,
Flinders Island,TAS398,Inner Sister East,-39.69625,147.93999,4/06/1994,8/07/2006,3,12,NULL,5.3,"5.1, 5.2, 5.3, 5.4",NULL,Fishing,RLS,
King Island,TAS399,Christmas Island South,-39.69441,143.83429,20/04/2007,20/04/2007,1,4,NULL,5.3,"5.1, 5.2, 5.3, 5.4",NULL,Fishing,RLS,
D'Entrecasteaux & Derwent,TAS4,Partridge Island,-43.40293,147.10431,12/02/2025,4/03/2025,1,8,N,8.7,"10.0, 10.1, 7.0, 7.5, 8.0, 9.0, 9.1, 9.2","10m_N, 8m_S, 7m_N, 11m_S",Fishing,RLS,
Tasmania - South East,TAS40,Nubeena Fish Farm2_100m,-43.10022,147.71326,16/12/2008,16/12/2008,1,1,NULL,5,5,NULL,Fishing,RLS,
King Island,TAS400,Franklin Road/South New Years Island,-39.67613,143.82831,20/04/2007,20/04/2007,1,4,NULL,5.3,"5.1, 5.2, 5.3, 5.4",NULL,Fishing,RLS,
King Island,TAS401,New Year Island,-39.66551,143.83337,31/12/2023,31/12/2023,1,2,E,6.1,"6.0, 6.1","7m_W, 6m_E",Fishing,RLS,
Kent Group,TAS402,South West Island,-39.52448,147.13031,22/06/1992,28/06/2000,2,8,NULL,5.3,"5.1, 5.2, 5.3, 5.4",NULL,Fishing,RLS,
Kent Group,TAS403,Judgement Rocks,-39.50648,147.1273,22/06/1992,22/06/1992,1,4,NULL,5.3,"5.1, 5.2, 5.3, 5.4",NULL,Fishing,RLS,
Kent Group,TAS404,Hogan Island (on Coast approx 500m North of round Islet),-39.22445,146.99438,27/06/2004,30/06/2011,4,20,NULL,9.3,"10.1, 10.2, 10.3, 10.4, 5.1, 5.2, 5.3, 5.4",NULL,Fishing,RLS,
Kent Group,TAS405,"Hogan Group (Long Island, mid East Coast)",-39.20723,147.00224,28/06/2004,28/06/2004,1,4,NULL,5.3,"5.1, 5.2, 5.3, 5.4",NULL,Fishing,RLS,
Tasmania - South East,TAS406,Fortescue Bay 2,-43.1392,147.9679,6/04/2024,25/10/2025,2,15,E,9.2,"10.0, 10.1, 10.5, 11.2, 7.6, 7.9, 8.0, 8.1, 9.0, 9.1, 9.2, 9.5","10m_E, 8m_E, 10m_W, 11m_E, 8m_W, 9m_W",Fishing,RLS,
Swansea,TAS407,St. Helens Island Barrens,-41.3434,148.343,10/04/2019,10/04/2019,1,2,0,18.2,"18.1, 18.2",NULL,Fishing,RLS,
Swansea,TAS408,Elephant Rock Kelp Bed,-41.2538,148.3387,14/03/2019,14/03/2019,1,1,0,10.1,10.1,NULL,Fishing,RLS,
Swansea,TAS409,Elephant Rock Barrens,-41.2537,148.3397,14/03/2019,14/03/2019,1,1,0,15.1,15.1,NULL,Fishing,RLS,
Tasmania - South East,TAS41,Nubeena Fish Farm3_100m,-43.09939,147.71811,16/12/2008,16/12/2008,1,1,NULL,5,5,NULL,Fishing,RLS,
Swansea,TAS410,Sloop Rock Kelp Bed,-41.2103,148.2934,14/03/2019,14/03/2019,1,1,0,10.1,10.1,NULL,Fishing,RLS,
Swansea,TAS411,Sloop Rock Barrens,-41.2103,148.2942,14/03/2019,14/03/2019,1,1,0,15.1,15.1,NULL,Fishing,RLS,
Swansea,TAS412,St. Helens Island Kelp Bed,-41.34389,148.3428,9/04/2019,10/04/2019,1,2,0,10.1,10.1,11m_E,Fishing,RLS,
Tasmania - South East,TAS413,North Bay Research Area,-42.87221,147.95178,22/02/2020,22/02/2020,1,1,W,10,10,10m_W,Fishing,RLS,
Port Davey,TAS414,Little Woody Island,-43.33951,146.05042,5/04/1993,5/04/1993,1,4,NULL,5.3,"5.1, 5.2, 5.3, 5.4",NULL,No take multizoned,RLS,Port Davey National Park
Tasmania - South East,TAS415,South of One Tree Point,-43.1147,147.38959,14/03/2019,14/03/2019,1,4,E,5.3,"5.1, 5.2, 5.3, 5.4",6m_E,Fishing,RLS,
Tasmania - West,TAS416,East of Doughboys,-40.6705,144.68429,23/02/2018,23/02/2018,1,4,NULL,5.3,"5.1, 5.2, 5.3, 5.4",NULL,Fishing,RLS,
Tasmania - West,TAS417,Doughboys,-40.66972,144.67932,23/02/2018,23/02/2018,1,4,NULL,10.3,"10.1, 10.2, 10.3, 10.4",NULL,Fishing,RLS,
Tasmania - West,TAS418,Trefoil Island,-40.63573,144.70172,23/02/2018,23/02/2018,1,4,NULL,5.3,"5.1, 5.2, 5.3, 5.4",NULL,Fishing,RLS,
Tasmania - South East,TAS419,Outside Canoe Bay N,-43.1259,147.95976,8/01/2021,7/10/2025,3,13,N,9.6,"10.0, 10.1, 10.2, 10.3, 10.4, 10.5, 11.0, 11.5, 5.0, 8.0, 8.1, 9.0","11m_N, 11m_S, 8m_N, 9m_N, 10m_N, 12m_S",Fishing,RLS,
D'Entrecasteaux & Derwent,TAS42,The Sheppards Fish Farm Sth,-43.0929,147.30049,27/11/2008,27/11/2008,1,1,NULL,5,5,NULL,Fishing,RLS,
Bicheno,TAS420,Denison Beach,-41.84636,148.27861,29/03/2022,29/03/2022,1,1,NE,9,9,NULL,Fishing,RLS,
Tasmania - South East,TAS421,Lanterns Seal Haul-out,-43.13989,148.00169,31/03/2022,25/10/2025,3,4,E,7.4,"6.5, 7.0, 9.0","7m_E, 7m_W",Fishing,RLS,
Tasmania - South East,TAS422,Pelican Island,-43.44762,146.97537,7/04/2022,7/04/2022,1,1,SW,4,4,NULL,Fishing,RLS,
Tasmania - South East,TAS423,Sisters Bay,-43.42596,147.02325,7/04/2022,20/11/2025,3,15,N,10,"10.0, 10.1, 10.2, 10.3, 10.5, 10.6, 10.8, 11.0, 8.4, 9.0, 9.3, 9.5, 9.9","11m_N, 11m_S, 10m_S, 10m_W, 10m_N, 9m_E",Fishing,RLS,
Tinderbox,TAS424,Pierson's Point 2,-43.04622,147.3439,9/08/2022,9/08/2022,1,1,N,9,9,9m_N,Fishing,RLS,
D'Entrecasteaux & Derwent,TAS425,Partridge Northwest,-43.39314,147.09885,30/08/2022,30/08/2022,1,1,NW,8,8,NULL,Fishing,RLS,
D'Entrecasteaux & Derwent,TAS426,Partridge Southwest,-43.40408,147.09584,30/08/2022,30/08/2022,1,1,N,7,7,7m_N,Fishing,RLS,
Tinderbox,TAS427,Fossil Cliffs Blackmans Bay,-43.02273,147.33617,2/08/2022,2/08/2022,1,1,S,9,9,9m_S,Fishing,RLS,
Tasmania - South,TAS428,Wild Ab Bay,-43.53037,146.99495,7/09/2022,7/09/2022,1,1,NW,7,7,NULL,Fishing,RLS,
Tasmania - South,TAS429,Southport Island,-43.47861,147.00883,7/09/2022,7/09/2022,1,1,W,11,11,11m_W,Fishing,RLS,
D'Entrecasteaux & Derwent,TAS43,Sheppards Fish Farm Nth,-43.08944,147.30101,18/11/2008,18/11/2008,1,2,NULL,3.5,"2.0, 5.0",NULL,Fishing,RLS,
D'Entrecasteaux & Derwent,TAS430,Butlers Beach,-43.41739,147.09297,15/09/2022,15/09/2022,1,1,SW,8,8,NULL,Fishing,RLS,
D'Entrecasteaux & Derwent,TAS431,Partridge South,-43.40722,147.09694,15/09/2022,15/09/2022,1,1,NW,8,8,NULL,Fishing,RLS,
D'Entrecasteaux & Derwent,TAS432,Partridge North,-43.38854,147.0988,15/09/2022,15/09/2022,1,1,E,6,6,6m_E,Fishing,RLS,
D'Entrecasteaux & Derwent,TAS433,Actaeon Island Northwest,-43.52586,146.99321,7/09/2022,7/09/2022,1,1,SW,8,8,NULL,Fishing,RLS,
Tasmania - South East,TAS434,Pete's Patch,-43.12773,147.95889,8/02/2023,8/02/2023,1,1,NW,8.6,8.6,NULL,Fishing,RLS,
Bicheno,TAS435,Binalong Bay Gulches,-41.24842,148.31056,7/11/2022,13/05/2023,2,8,NE,4.9,"3.8, 4.4, 4.5, 4.7, 4.8, 5.3, 5.6, 5.7",NULL,Fishing,RLS,
Tasmania - North East ,TAS436,Skeleton Bay,-41.25366,148.31679,25/08/2022,25/08/2022,1,1,S,5,5,5m_S,Fishing,RLS,
Tasmania - South East,TAS437,Fortescue Bay North,-43.12681,147.9666,6/04/2024,26/10/2025,2,9,E,9.8,"10.0, 10.2, 10.5, 11.0, 9.0, 9.5","11m_E, 10m_W, 10m_E, 9m_W, 9m_E",Fishing,RLS,
Tasmania - South East,TAS438,Stinking Bay,-43.12755,147.87678,7/04/2024,7/04/2024,1,3,SW,6.1,"5.0, 5.1, 8.1",NULL,Fishing,RLS,
Tasmania - South East,TAS439,Surveyors Cove,-43.15659,147.89269,7/04/2024,7/04/2024,1,3,N,8,"10.1, 6.0, 8.0","8m_N, 6m_S",Fishing,RLS,
D'Entrecasteaux & Derwent,TAS44,Sheppards Fish Farm 400m Nth,-43.08437,147.30047,10/12/2008,10/12/2008,1,1,NULL,5,5,NULL,Fishing,RLS,
Tasmania - South East,TAS440,Clyde Island 2,-43.00995,147.93718,4/04/2024,4/04/2024,1,2,E,10.1,"10.0, 10.1","11m_W, 10m_E",Fishing,RLS,
Tasmania - South East,TAS441,North of Surveyors,-43.15114,147.89294,7/04/2024,7/04/2024,1,1,N,8,8,8m_N,Fishing,RLS,
Tasmania - South East,TAS442,Totem Pole,-43.13788,148.0048,5/04/2024,5/04/2024,1,1,W,7,7,7m_W,Fishing,RLS,
Tasmania - North East ,TAS443,Dinga's Delight,-40.90207,148.27538,5/01/2024,5/01/2024,1,1,E,9.5,9.5,10m_E,Fishing,RLS,
Tasmania - North East ,TAS444,Pulfers Bank,-41.43785,148.36073,6/01/2024,6/01/2024,1,1,N,18,18,18m_N,Fishing,RLS,
Tasmania - North East ,TAS445,Southern Cross Reef,-40.95427,147.42813,4/01/2024,4/01/2024,1,3,E,5.6,"5.2, 5.5, 6.0","6m_W, 6m_E",Fishing,RLS,
Tasmania - North East ,TAS446,Fancy Point,-43.21376,147.34977,17/02/2024,17/02/2024,1,2,N,2.1,"2.0, 2.1","3m_N, 2m_N",Fishing,RLS,
Tasmania - North East ,TAS447,Ghost Forest,-40.93343,148.30353,5/01/2024,5/01/2024,1,1,N,8,8,8m_N,Fishing,RLS,
Tasmania - North East ,TAS448,"Bears Island, Three Hummock",-40.43173,144.83869,2/01/2024,2/01/2024,1,3,W,5.3,"5.0, 5.1, 5.7","5m_W, 6m_W",Fishing,RLS,
Tasmania - South,TAS449,Pedra N,-43.86049,146.97554,8/03/2025,8/03/2025,1,2,E,20.1,"20.0, 20.1","20m_E, 21m_S",Fishing,RLS,
D'Entrecasteaux & Derwent,TAS45,Bligh Point,-43.08396,147.32294,19/11/2008,19/11/2008,1,1,NULL,5,5,NULL,Fishing,RLS,
Tasmania - South,TAS450,"Eddystone Rock, Pedra",-43.85165,147.00013,8/03/2025,8/03/2025,1,2,E,15.1,"15.0, 15.1","15m_E, 16m_E",Fishing,RLS,
Tasmania - South,TAS451,Mewstone Rock 2,-43.73845,146.37496,9/03/2025,9/03/2025,1,2,E,20.5,"16.0, 25.0","25m_E, 16m_E",Fishing,RLS,
Tasmania - South,TAS452,Maatsuyker 2,-43.64025,146.28179,9/03/2025,9/03/2025,1,2,N,13.2,"13.1, 13.2",14m_N,Fishing,RLS,
Tasmania - South,TAS453,"Walker Island, Maatsuyker",-43.63279,146.28045,9/03/2025,9/03/2025,1,2,N,13.2,"13.1, 13.2",14m_N,Fishing,RLS,
Tasmania - South,TAS454,New Harbour Outer,-43.52392,146.14939,10/03/2025,10/03/2025,1,2,N,10.2,"10.1, 10.2",11m_N,Fishing,RLS,
Tasmania - South,TAS455,Actaeon Island East,-43.52964,147.00305,7/11/2023,18/03/2025,2,3,S,12.4,"12.1, 12.2, 13.0",13m_S,Fishing,RLS,
Tasmania - South,TAS456,Southport Island South,-43.4754,147.00705,19/03/2025,19/03/2025,1,2,E,8.2,"8.1, 8.2",9m_E,Fishing,RLS,
Tasmania - North East ,TAS457,Boulder Point,-40.89141,148.2627,25/03/2025,26/03/2025,1,8,N,5.2,"3.5, 3.6, 4.5, 5.0, 5.1, 6.0, 6.7, 6.8","6m_N, 7m_N, 4m_S, 5m_W, 7m_S, 5m_N",Fishing,RLS,
Tasmania - North East ,TAS458,Peggy's Point,-41.8684,148.30597,5/08/2024,14/10/2025,2,12,N,10.4,"10.0, 10.1, 10.2, 10.3, 10.4, 10.5, 10.6, 11.5, 12.0, 9.0","11m_N, 11m_S, 12m_E, 11m_W, 12m_S, 9m_N",Fishing,RLS,
Bicheno,TAS459,Cape Lodi 2,-41.90217,148.31824,6/08/2024,15/10/2025,2,12,N,10.4,"10.0, 10.1, 10.2, 10.3, 10.4, 10.5, 11.0, 12.5, 13.0, 8.0, 8.9, 9.4","11m_N, 9m_N, 10m_N, 11m_S, 13m_N, 11m_E",Fishing,RLS,
Tinderbox,TAS46,NorthBruny,-43.06995,147.36634,6/01/2010,10/01/2021,2,3,N,7.2,"6.0, 6.5, 9.0",6m_N,Fishing,RLS,
Tasmania - South East,TAS460,Trumpeter Bay Control,-43.14267,147.39718,2/10/2024,21/10/2025,2,12,S,9.7,"10.1, 10.2, 10.3, 10.4, 10.5, 8.4, 9.0, 9.1, 9.4, 9.5","11m_W, 9m_S, 11m_S, 10m_W, 10m_N, 9m_N",Fishing,RLS,
Tasmania - South East,TAS461,Primrose West,-42.89178,147.64448,16/10/2024,24/11/2025,2,14,E,6,"3.0, 3.1, 5.6, 5.7, 6.0, 6.1, 6.2, 6.3, 6.5, 6.6, 6.7, 7.2, 8.2","7m_E, 7m_W, 4m_S, 8m_E, 6m_W, 3m_N",Fishing,RLS,
Tasmania - South East,TAS462,Spectacle Island,-42.8674,147.60313,17/10/2024,12/01/2026,2,12,SW,5.4,"10.0, 3.4, 4.5, 5.0, 5.1, 5.4, 5.5, 5.6, 5.7","10m_N, 5m_W, 5m_E, 6m_W, 6m_E, 4m_N",Fishing,RLS,
Tasmania - South East,TAS463,Lufra Cove,-43.00894,147.93747,8/01/2025,18/12/2025,1,12,S,8.9,"10.0, 7.5, 8.0, 8.6, 8.7, 8.9, 9.0, 9.1, 9.2, 9.3, 9.8","10m_S, 9m_N, 8m_E, 9m_S, 10m_W",Fishing,RLS,
Maria Island,TAS464,Fossil Cliffs Kelp Site,-42.57781,148.08345,25/09/2024,12/11/2025,2,12,N,9.6,"11.0, 11.2, 11.5, 8.0, 8.7, 8.9, 9.0, 9.1, 9.2, 9.3, 9.4, 9.5","12m_S, 10m_N, 9m_N, 10m_S, 9m_S, 8m_N",Fishing,RLS,
Tasmania - South East,TAS465,Munroe Bight,-43.17659,147.97194,25/02/2025,25/02/2025,1,6,N,9.6,"10.0, 10.3, 10.5, 8.0, 9.0, 9.5","10m_N, 8m_N",Fishing,RLS,
Tasmania - South East,TAS466,Penguin Island,-43.34876,147.37112,20/02/2025,20/02/2025,1,6,E,6.4,"10.4, 11.1, 2.5, 3.0, 5.5, 5.7","6m_E, 3m_W, 3m_E, 12m_E, 11m_W",Fishing,RLS,
Tasmania - South East,TAS467,Safety Cove,-43.1823,147.86489,5/09/2024,22/10/2025,2,12,N,10,"10.0, 10.1, 10.5, 10.6, 10.7, 10.8, 9.2, 9.3, 9.4, 9.5, 9.6, 9.8","11m_N, 10m_S, 11m_W, 10m_E, 11m_E",Fishing,RLS,
Tasmania - South East,TAS468,Point Puer,-43.15957,147.87171,6/09/2024,8/10/2025,2,12,N,10.3,"10.0, 10.1, 10.2, 10.3, 10.4, 10.5, 10.6, 10.9, 11.0, 9.2","11m_N, 11m_S, 10m_S",Fishing,RLS,
Tasmania - South East,TAS469,Sloping Island Kelp Forest,-42.95738,147.63633,20/01/2025,20/01/2026,2,14,NE,5.5,"2.6, 3.4, 3.6, 3.8, 4.3, 5.0, 5.6, 5.7, 6.4, 6.6, 6.7, 7.1, 7.5, 8.1","9m_W, 4m_W, 7m_N, 3m_E, 8m_E, 5m_W",Fishing,RLS,
Tasmania - South East,TAS47,White beach,-43.111,147.73051,19/04/2008,19/04/2008,1,1,NULL,3,3,NULL,Fishing,RLS,
Tasmania - South East,TAS470,Surveyor's Cove,-43.15563,147.89362,21/02/2025,21/02/2025,1,6,N,10.1,"10.1, 10.5, 10.8, 10.9, 9.0, 9.5","11m_S, 10m_N",Fishing,RLS,
Tasmania - South East,TAS471,Wedge Island Kelp Forest,-43.13518,147.67626,22/10/2024,4/11/2025,2,14,E,5.4,"3.5, 4.6, 4.7, 4.8, 4.9, 5.0, 5.2, 5.5, 5.9, 6.0, 6.7, 6.8, 7.0","5m_W, 6m_E, 5m_E, 5m_N, 7m_W, 5m_S",Fishing,RLS,
Tasmania - South East,TAS472,Actaeon Island Kelp South,-43.53855,146.98949,5/03/2025,5/03/2025,1,2,N,8.3,"8.0, 8.5","9m_N, 8m_S",Fishing,RLS,
Tasmania - North East ,TAS473,Ben's Creek,-40.93971,148.29906,26/03/2025,26/03/2025,1,6,N,6.3,"3.7, 4.0, 7.0, 7.5, 7.6, 7.7","8m_N, 4m_S, 8m_S, 4m_N, 7m_S",Fishing,RLS,
Tasmania - North East ,TAS474,Inshore Georges Rocks,-40.93392,148.30202,30/01/2025,24/03/2025,1,8,SE,8.7,"10.1, 10.2, 10.8, 10.9, 5.0, 5.1, 8.0, 9.6","11m_W, 6m_N, 11m_E, 5m_S",Fishing,RLS,
Tasmania - South East,TAS475,Cascade du Nord,-42.94327,147.98665,24/10/2025,24/10/2025,1,2,NE,9,"10.0, 8.0",8m_S,Fishing,RLS,
Tasmania - South East,TAS48,Waterfall Bay,-43.06085,147.94791,4/04/2024,26/10/2025,2,3,E,6.4,"6.0, 6.1, 7.0","7m_W, 7m_E",Fishing,RLS,Waterfall-Fortescue Marine Conservation Area
Tasmania - South East,TAS49,Sympathy Point,-43.03201,147.84066,4/01/2009,4/01/2009,1,2,NULL,3.5,"2.5, 4.4",NULL,Fishing,RLS,
D'Entrecasteaux & Derwent,TAS5,Little Taylors Bay Nth,-43.36344,147.21722,5/12/2008,5/12/2008,1,1,NULL,2,2,NULL,Fishing,RLS,
Tasmania - South East,TAS50,Dart Island,-43.02582,147.84665,4/01/2009,4/01/2009,1,2,NULL,5.9,"5.5, 6.2",NULL,Fishing,RLS,
Tinderbox,TAS52,Tinderbox Marine Farm (100mNW),-43.05753,147.31147,18/11/2008,18/11/2008,1,1,NULL,2,2,NULL,Fishing,RLS,
Tinderbox,TAS53,Tinderbox Marine Farm (400mNW),-43.04947,147.30538,18/11/2008,18/11/2008,1,1,NULL,2,2,NULL,Fishing,RLS,
Tasmania - South East,TAS54,Sloping Bay Ref,-42.97259,147.67814,15/12/2008,15/12/2008,1,1,NULL,2,2,NULL,Fishing,RLS,
Tasmania - South East,TAS55,Slopen I,-42.94188,147.64249,7/01/2008,7/01/2008,1,1,NULL,6,6,NULL,Fishing,RLS,Sloping Island Marine Conservation Area
Tasmania - South East,TAS56,Two Block Beach,-42.9852,147.9616,3/01/2009,3/01/2009,1,5,NULL,5.9,"5.0, 5.5, 6.0, 6.1, 7.0",NULL,Fishing,RLS,
Tasmania - South East,TAS58,Cape Paul Lamanon,-42.84232,147.91786,14/02/2010,22/02/2020,2,2,W,11,"10.0, 12.0",10m_W,Fishing,RLS,
Tasmania - South East,TAS59,Hellfire Bluff,-42.74185,147.91716,7/01/2008,7/01/2008,1,2,NULL,9.5,"10.0, 9.0",NULL,Fishing,RLS,
D'Entrecasteaux & Derwent,TAS6,Port Esperance Fish Farm1,-43.34664,147.04534,2/12/2008,2/12/2008,1,1,NULL,2,2,NULL,Fishing,RLS,
Tasmania - South East,TAS60,South Green Bluff,-42.73045,148.01097,7/01/2008,7/01/2008,1,2,NULL,8,"11.0, 5.0",NULL,Fishing,RLS,
Tasmania - South East,TAS61,Haunted Cove,-42.72022,148.06913,8/01/2008,8/01/2008,1,3,NULL,15.1,"18.0, 22.4, 5.0",NULL,Fishing,RLS,
Tasmania - South East,TAS62,Whalers cove (>10),-42.66358,148.11369,8/01/2008,8/01/2008,1,1,NULL,14,14,NULL,Fishing,RLS,
Maria Island,TAS64,Magistrates Point offshore,-42.58794,148.05071,9/01/2008,9/01/2008,1,2,NULL,6,"5.0, 7.0",NULL,No take,RLS,Maria Island Marine Reserve
Bicheno,TAS65,Governor I SW,-41.87497,148.31148,4/05/2008,4/05/2008,1,3,NULL,6.7,"11.0, 3.0, 6.0",NULL,Fishing,RLS,
Bicheno,TAS66,Waubs Bay Inner,-41.86969,148.30285,29/03/2022,7/10/2025,3,11,N,6.8,"5.0, 5.7, 5.8, 5.9, 6.7, 6.8, 7.0, 7.3, 7.8, 8.0, 8.5","6m_N, 8m_N, 7m_N, 5m_N",Fishing,RLS,
Tasmania - North East ,TAS67,Gardens ramp,-41.16497,148.28393,25/01/2009,25/01/2009,1,1,NULL,4,4,NULL,Fishing,RLS,
Tasmania - North,TAS68,Don Heads East,-41.1531,146.32009,27/12/2009,27/12/2009,1,1,NULL,5.5,5.5,NULL,Fishing,RLS,
Flinders Island,TAS69,SE Prime Seal,-40.09146,147.75906,28/01/2008,13/04/2021,2,4,N,5.3,"5.0, 5.1, 6.0","5m_S, 6m_N",Fishing,RLS,
D'Entrecasteaux & Derwent,TAS7,Hope Island South Side,-43.33934,147.04077,1/12/2008,1/12/2008,1,1,NULL,5.2,5.2,NULL,Fishing,RLS,
Flinders Island,TAS70,Kohinorr Rock,-40.08227,147.76598,28/01/2008,13/04/2021,2,4,N,5.3,"5.0, 5.1, 6.0",5m_N,Fishing,RLS,
Flinders Island,TAS71,GW Wolfe,-40.05788,147.75108,30/01/2008,30/01/2008,1,2,NULL,11.5,"11.0, 12.0",NULL,Fishing,RLS,
Flinders Island,TAS72,Mike s Reef,-40.04006,147.8324,1/02/2008,1/02/2008,1,1,NULL,13,13,NULL,Fishing,RLS,
Flinders Island,TAS73,Wybalenna Is NW point,-40.02462,147.8423,1/02/2008,1/02/2008,1,2,NULL,9,"13.0, 5.0",NULL,Fishing,RLS,
Flinders Island,TAS74,Wybalenna Is,-40.02387,147.84676,29/01/2008,29/01/2008,1,2,NULL,7,"6.0, 8.0",NULL,Fishing,RLS,
Flinders Island,TAS75,NE Prime Seal,-40.02269,147.77708,31/01/2008,13/04/2021,2,4,N,1.5,"1.0, 1.5, 1.6, 2.0","2m_N, 2m_S",Fishing,RLS,
Flinders Island,TAS76,Bird Island,-40.01106,147.86694,31/01/2008,13/04/2021,2,4,E,5.4,"5.0, 5.5, 6.0","5m_N, 6m_E",Fishing,RLS,
Flinders Island,TAS77,Port Davies,-40.00372,147.8771,29/01/2008,29/01/2008,1,3,NULL,10.4,"11.0, 11.1, 9.0",NULL,Fishing,RLS,
Flinders Island,TAS78,PortDavies3,-40.00071,147.86898,30/01/2008,30/01/2008,1,2,NULL,15,"14.0, 16.0",NULL,Fishing,RLS,
Tasmania - South East,TAS79,Primrose Sands,-42.89809,147.66899,19/10/2022,24/05/2023,2,8,N,4.1,"3.1, 3.3, 3.7, 4.7, 5.0","5m_N, 4m_N, 4m_S, 3m_N",Fishing,RLS,
D'Entrecasteaux & Derwent,TAS8,Satellite Island 2km Sth,-43.33932,147.21931,5/12/2008,5/12/2008,1,1,NULL,5,5,NULL,Fishing,RLS,
Tasmania - South East,TAS80,East Betsy,-43.05247,147.48777,8/03/2009,8/03/2009,1,2,N,6.7,"6.5, 6.8",7m_N,Fishing,RLS,
Tasmania - South East,TAS81,NE Betsey,-43.04267,147.4818,8/03/2009,8/03/2009,1,2,NE,4.2,"4.0, 4.4",NULL,Fishing,RLS,
D'Entrecasteaux & Derwent,TAS82,Inner Bligh,-43.08609,147.32297,9/03/2009,9/03/2009,1,2,E,5,"4.0, 6.0","4m_E, 6m_N",Fishing,RLS,
Bicheno,TAS83,Gulch SE,-41.87557,148.31241,16/01/2011,16/01/2011,1,2,N,5.3,"4.5, 6.0","5m_N, 6m_N",Fishing,RLS,
Bicheno,TAS84,Gulch SW,-41.87563,148.31159,16/01/2011,16/01/2011,1,2,N,6.5,"6.0, 7.0","7m_S, 6m_N",Fishing,RLS,
Tasmania - North East ,TAS85,Refuge Island,-42.17929,148.26071,21/11/2006,13/01/2011,2,8,S,5.7,"5.0, 5.1, 5.2, 5.3, 5.4, 9.0","6m_S, 5m_S",Fishing,RLS,
Tasmania - North East ,TAS87,Bryans West,-42.25556,148.26084,15/01/2011,15/01/2011,1,3,NULL,4.9,"4.8, 4.9, 5.0",NULL,Fishing,RLS,
Bicheno,TAS88,Governor Island NE,-41.87094,148.31732,16/01/2011,16/01/2011,1,3,N,14.7,"11.0, 16.0, 17.0",16m_N,No take,RLS,Governor Island Marine Nature Reserve
D'Entrecasteaux & Derwent,TAS9,Port Esperance Fish Farm2_100m,-43.33657,147.02318,2/12/2008,2/12/2008,1,1,NULL,2,2,NULL,Fishing,RLS,
Tasmania - South,TAS90,Mewstone Rock,-43.73631,146.37143,9/03/2025,9/03/2025,1,2,SE,19,"15.0, 23.0","10m_E, 23m_E, 15m_E",Fishing,RLS,
Port Davey,TAS91,North Breaksea Island,-43.32156,145.96977,2/03/2013,2/03/2013,1,2,W,9,"10.0, 8.0","8m_W, 10m_W",No take multizoned,RLS,Port Davey National Park
Tasmania - South,TAS92,De Witt Island North,-43.5882,146.35895,3/03/2013,3/03/2013,1,2,E,12.5,"10.0, 15.0","15m_E, 10m_E",Fishing,RLS,
D'Entrecasteaux & Derwent,TAS94,Blubber Head,-43.33258,147.06709,4/03/2013,4/03/2013,1,2,S,13,"10.0, 16.0","16m_S, 10m_S",Fishing,RLS,
Tinderbox,TI-S1,Central Tinderbox,-43.05907,147.33253,24/02/2021,26/03/2024,4,24,E,5.4,"4.9, 5.1, 5.2, 5.3, 5.4, 5.6, 5.8, 5.9, 6.0, 6.1, 6.2","6m_E, 6m_W, 7m_E, 5m_E",No take,ATRC,Tinderbox Marine Reserve
Tinderbox,TI-S2,Piersons Point,-43.0534,147.3421,24/02/2021,28/03/2024,4,17,O,5.3,"5.1, 5.2, 5.3, 5.4, 6.0","6m_W, 6m_N",No take,ATRC,Tinderbox Marine Reserve
Tinderbox,TI-S3,Lucas Point,-43.03834,147.33894,1/03/2021,26/03/2024,4,17,O,5.3,"5.1, 5.2, 5.3, 5.4, 6.0","6m_N, 6m_S, 5m_N",No take,ATRC,Tinderbox Marine Reserve
Tinderbox,TI-S4,Dennes Point,-43.06273,147.35709,1/03/2021,28/03/2024,4,16,O,5.3,"5.1, 5.2, 5.3, 5.4","6m_E, 6m_N",Fishing,ATRC,
Tinderbox,TI-S5,Blackmans Bay South,-43.0118,147.33106,1/03/2021,26/03/2024,4,16,O,5.3,"5.1, 5.2, 5.3, 5.4","6m_N, 6m_S",Fishing,ATRC,
Tasmania - North East ,TNE-S1,Schouten 3,-42.29524,148.27637,1/10/1992,18/01/2018,4,16,NULL,5.3,"5.1, 5.2, 5.3, 5.4",NULL,Fishing,ATRC,
Tasmania - North East ,TNE-S2,"North West, Schouten",-42.29332,148.28851,1/10/1992,23/05/2006,6,28,NULL,5.3,"5.1, 5.2, 5.3, 5.4",NULL,Fishing,ATRC,
Tasmania - North East ,TNE-S3,Binalong Bay,-41.24639,148.31609,3/02/1994,17/01/2018,4,16,NULL,5.3,"5.1, 5.2, 5.3, 5.4",NULL,Fishing,ATRC,
Tasmania - North,TN-S1,Don Heads,-41.15373,146.31517,14/04/1994,1/02/2017,4,16,NULL,5.3,"5.1, 5.2, 5.3, 5.4",NULL,Fishing,ATRC,
Tasmania - North,TN-S10,Waterhouse Island North,-40.77848,147.64133,23/04/1992,19/04/2018,4,16,NULL,5.3,"5.1, 5.2, 5.3, 5.4",NULL,Fishing,ATRC,
Tasmania - North,TN-S2,Horseshoe Reef,-41.14274,146.42592,14/04/1994,1/02/2017,4,20,NULL,5.3,"5.1, 5.2, 5.3, 5.4",NULL,Fishing,ATRC,
Tasmania - North,TN-S3,Badger Head,-41.09892,146.64201,4/12/1994,20/02/2007,3,12,NULL,5.3,"5.1, 5.2, 5.3, 5.4",NULL,Fishing,ATRC,
Tasmania - North,TN-S4,Barrel Rock,-41.06547,146.7905,19/10/1994,20/02/2007,3,16,NULL,5.3,"5.1, 5.2, 5.3, 5.4",NULL,Fishing,ATRC,
Tasmania - North,TN-S5,Boat Harbour,-40.9245,145.61935,24/05/1992,14/03/2017,4,16,NULL,5.3,"5.1, 5.2, 5.3, 5.4",NULL,Fishing,ATRC,
Tasmania - North,TN-S6,"North Croppies Point, 5m",-40.84848,147.59433,25/04/1992,19/04/2018,4,16,NULL,5.3,"5.1, 5.2, 5.3, 5.4",NULL,Fishing,ATRC,
Tasmania - North,TN-S7,Little Waterhouse Island,-40.82248,147.62833,24/04/1992,18/04/2018,4,16,NULL,5.3,"5.1, 5.2, 5.3, 5.4",NULL,Fishing,ATRC,
Tasmania - North,TN-S8,Waterhouse Point,-40.81948,147.67032,24/04/1992,20/04/2018,4,16,NULL,5.3,"5.1, 5.2, 5.3, 5.4",NULL,Fishing,ATRC,
Tasmania - North,TN-S9,Waterhouse Island (central),-40.79648,147.62633,23/04/1992,20/04/2018,4,16,NULL,5.3,"5.1, 5.2, 5.3, 5.4",NULL,Fishing,ATRC,
West Cape York,TS1,Booby Island,-10.6055,141.9158,5/08/2013,5/08/2013,1,3,SW,2.9,"2.3, 2.5, 4.0",NULL,Fishing,RLS,
Torres Strait,TS10,Nagir Islet NW,-10.24569,142.47559,26/11/2015,26/11/2015,1,2,S,5,"4.0, 6.0",NULL,Fishing,RLS,
Torres Strait,TS11,The Maze Anchorage,-10.0696,143.87544,5/12/2015,29/10/2020,3,6,W,2.3,"1.0, 2.0, 2.1, 3.0, 3.5",NULL,Fishing,RLS,
Torres Strait,TS12,The Maze Channel,-10.06687,143.86969,5/12/2015,29/10/2020,3,6,E,9,"12.0, 6.0",NULL,Fishing,RLS,
Torres Strait,TS13,Morning Maze,-10.06631,143.87446,6/12/2015,28/10/2020,2,4,E,5.8,"5.0, 6.0, 6.2",NULL,Fishing,RLS,
Torres Strait,TS14,Round Maze,-10.0599,143.883,6/12/2015,29/10/2020,3,6,S,5.4,"5.0, 5.3, 7.0",NULL,Fishing,RLS,
Torres Strait,TS15,Maze Lagoon Reef,-10.05785,143.84266,6/12/2015,6/12/2015,1,2,E,3.3,"2.5, 4.0",NULL,Fishing,RLS,
Torres Strait,TS16,Maze Lagoon Bommy,-10.05737,143.83832,6/12/2015,6/12/2015,1,2,W,5,"3.0, 7.0",NULL,Fishing,RLS,
Torres Strait,TS17,Mer Outer Reef,-9.97146,144.1537,3/12/2015,3/12/2015,1,2,NE,10.8,"14.0, 7.5",NULL,Fishing,RLS,
Torres Strait,TS18,Mer Passage,-9.96107,144.15357,3/12/2015,3/12/2015,1,2,N,8.5,"12.0, 5.0",NULL,Fishing,RLS,
Torres Strait,TS19,Mer Slope,-9.96049,144.15589,3/12/2015,3/12/2015,1,2,N,9,"11.0, 7.0",NULL,Fishing,RLS,
West Cape York,TS2,Booby Island SW,-10.6058,141.90612,10/11/2021,10/11/2021,1,2,E,5.5,"5.0, 6.0",NULL,Fishing,RLS,
Torres Strait,TS20,Murray Channel,-9.95826,144.15061,3/12/2015,28/10/2020,3,6,W,8,"10.0, 6.0",NULL,Fishing,RLS,
Torres Strait,TS21,Waier Island,-9.9513,144.03178,4/12/2015,17/12/2016,2,4,N,3.9,"3.8, 4.0",NULL,Fishing,RLS,
Torres Strait,TS22,Dowar Island SW,-9.94215,144.02049,5/12/2015,5/12/2015,1,2,E,4.5,"4.0, 5.0",NULL,Fishing,RLS,
Torres Strait,TS23,Bourke Islet W,-9.88024,143.4815,28/11/2015,28/11/2015,1,2,N,10.5,"15.0, 6.0",NULL,Fishing,RLS,
Torres Strait,TS24,Bourke Islet NW,-9.87725,143.48535,28/11/2015,28/11/2015,1,1,S,7,7,NULL,Fishing,RLS,
Torres Strait,TS25,Hannah Banks SW,-9.8559,143.59106,28/11/2015,28/11/2015,1,2,N,5.8,"5.5, 6.0",NULL,Fishing,RLS,
Torres Strait,TS26,Hannah Bank E,-9.85555,143.59785,28/11/2015,28/11/2015,1,2,N,2.8,"2.5, 3.0",NULL,Fishing,RLS,
Torres Strait,TS27,Mourilyan Reef,-9.7946,142.62988,27/11/2015,27/11/2015,1,2,E,3.5,"3.0, 4.0",NULL,Fishing,RLS,
West Cape York,TS28,Booby Island Bommie,-10.60343,141.90698,31/10/2020,31/10/2020,1,2,N,4.3,"4.0, 4.5",NULL,Fishing,RLS,
Torres Strait,TS29,Half Way Island Boulders,-10.10191,143.31671,6/08/2023,6/08/2023,1,2,NE,3.6,"3.5, 3.6",NULL,Fishing,RLS,
West Cape York,TS3,Booby Island NW,-10.60265,141.90855,10/11/2021,10/11/2021,1,2,E,4.8,"4.5, 5.0",NULL,Fishing,RLS,
Torres Strait,TS30,Half Way Island Slope,-10.10234,143.31491,7/08/2023,7/08/2023,1,2,SW,7,"6.0, 8.0",NULL,Fishing,RLS,
Torres Strait,TS31,3/4 Reef,-10.07378,143.69235,8/08/2023,8/08/2023,1,2,E,5.5,"4.0, 7.0",NULL,Fishing,RLS,
Torres Strait,TS32,Halfway Island 3,-10.10358,143.31381,21/08/2023,21/08/2023,1,2,N,4.8,"4.6, 5.0",NULL,Fishing,RLS,
Torres Strait,TS33,Sixth Reef Bommie,-10.32647,143.70034,30/07/2023,30/07/2023,1,2,W,7,"4.5, 9.5",NULL,Fishing,RLS,
Torres Strait,TS34,Eighth Reef Garden,-10.42198,143.68475,29/07/2023,29/07/2023,1,2,E,4,"3.0, 5.0",NULL,Fishing,RLS,
Torres Strait,TS35,Seven Reefs Dropoff,-10.28566,143.71187,30/07/2023,30/07/2023,1,2,S,14,"12.0, 16.0",NULL,Fishing,RLS,
Torres Strait,TS36,Eighth Reef flats,-10.41784,143.68474,29/07/2023,29/07/2023,1,2,NW,1.8,"1.5, 2.0",NULL,Fishing,RLS,
Torres Strait,TS37,Eighth Reef East Inlet,-10.41995,143.68896,29/07/2023,29/07/2023,1,2,SW,4.8,"3.5, 6.0",NULL,Fishing,RLS,
Torres Strait,TS38,Sixth Reef Lagoon,-10.32614,143.70136,30/07/2023,30/07/2023,1,2,N,4,"3.0, 5.0",NULL,Fishing,RLS,
Torres Strait,TS4,Dugong Island,-10.52274,143.09259,11/11/2021,11/11/2021,1,2,N,5,"4.5, 5.5",NULL,Fishing,RLS,
Torres Strait,TS5,Dugong Island Anchorage,-10.51905,143.09294,11/11/2021,31/07/2023,2,4,NE,6.6,"6.0, 6.5, 7.0",NULL,Fishing,RLS,
Torres Strait,TS6,Yule Passage,-10.38352,143.929,5/08/2015,5/08/2015,1,2,NE,10,"14.0, 6.0",NULL,Fishing,RLS,
Torres Strait,TS7,Seven Reefs east,-10.28793,143.71759,21/08/2021,30/07/2023,2,4,S,3,"1.0, 2.0, 4.0, 5.0",NULL,Fishing,RLS,
Torres Strait,TS8,Seven Reefs Anchorage,-10.2875,143.70978,21/08/2021,30/07/2023,2,4,E,4.9,"4.0, 5.0, 6.5",NULL,Fishing,RLS,
Torres Strait,TS9,Nagir Islet W,-10.24809,142.47267,26/11/2015,26/11/2015,1,2,N,5,"4.9, 5.0",NULL,Fishing,RLS,
Victoria - western,VIC1,Whalers Point Portland,-38.33893,141.61138,25/11/2009,25/11/2009,1,1,NULL,5,5,NULL,Fishing,RLS,
Victoria - North east,VIC10,Bastion Point Mallacoota,-37.57328,149.7673,16/01/2009,8/01/2013,3,6,SW,7,"5.0, 5.1, 6.0, 8.0, 9.0, 9.1",NULL,Fishing,RLS,
Victoria - central,VIC11,Diamond Bay,-38.35483,144.74143,24/04/2009,24/04/2009,1,3,NULL,4,"3.0, 4.0, 5.0",NULL,Fishing,RLS,
Victoria - North east,VIC19,Betka River,-37.59055,149.74108,14/01/2014,14/01/2014,1,1,W,10,10,NULL,Fishing,RLS,
Victoria - western,VIC2,Lawrence Rocks,-38.40538,141.66902,25/11/2009,27/11/2009,1,3,NULL,8.3,"12.0, 6.0, 7.0",NULL,Fishing,RLS,
Bunurong,VIC25,Shack Bay beach,-38.67527,145.66059,27/03/2000,11/11/2014,10,49,NULL,7.2,"7.0, 7.1, 7.2, 7.3, 7.4",NULL,No take,RLS,Bunurong Marine National Park
Bunurong,VIC26,Petrel Rock West,-38.66037,145.68796,27/03/2000,6/11/2014,9,44,NULL,6.3,"6.1, 6.2, 6.3, 6.4",NULL,Restricted take,RLS,Bunurong Marine Park
Bunurong,VIC27,The Oaks Beach,-38.67599,145.64241,28/03/2000,12/11/2014,9,44,NULL,7.3,"7.1, 7.2, 7.3, 7.4",NULL,No take,RLS,Bunurong Marine National Park
Bunurong,VIC28,Boat Ramp East,-38.67625,145.62087,28/03/2000,27/11/2014,10,59,NULL,7.2,"7.0, 7.1, 7.2, 7.3, 7.4",NULL,Restricted take,RLS,Bunurong Marine Park
Victoria - Eastern,VIC3,Red Bluff,-37.8704,148.06088,6/02/2009,20/02/2015,3,3,E,7.7,"10.0, 4.0, 9.0",NULL,Fishing,RLS,
Point Addis,VIC33,Olives,-38.40984,144.23142,13/05/2024,3/02/2025,2,4,E,7.4,"6.9, 7.2, 7.4, 8.0",NULL,No take,RLS,Point Addis Marine National Park
Point Addis,VIC34,Ingoldsby Inner,-38.41348,144.21357,27/05/2024,25/03/2025,2,4,E,4.5,"3.3, 4.4, 5.0, 5.1",NULL,No take,RLS,Point Addis Marine National Park
Point Addis,VIC35,Angelsea reef,-38.41636,144.19649,27/05/2024,27/05/2024,1,2,N,4.5,"4.4, 4.6",NULL,Fishing,RLS,
Point Addis,VIC36,Phyco Reef,-38.34546,144.33151,13/05/2024,25/03/2025,2,4,E,8.7,"10.0, 10.1, 7.2, 7.3",NULL,Fishing,RLS,
Point Addis,VIC37,East of Olives,-38.40995,144.23529,13/05/2024,3/02/2025,2,4,E,8.5,"10.0, 10.1, 6.6, 7.3",NULL,No take,RLS,Point Addis Marine National Park
Point Addis,VIC38,Ingoldsby Outer,-38.4142,144.22044,27/05/2024,3/02/2025,2,4,E,6.1,"5.0, 5.1, 7.0, 7.1",NULL,No take,RLS,Point Addis Marine National Park
Point Addis,VIC39,Rocky Point,-38.3467,144.32455,13/05/2024,3/02/2025,2,4,E,8.7,"8.0, 8.5, 9.0, 9.1",NULL,Fishing,RLS,
Victoria - North east,VIC4,Mallacoota Airport W.,-37.61848,149.72063,4/03/2009,4/03/2009,1,1,NULL,6,6,NULL,Fishing,RLS,
Point Addis,VIC40,Torquay Offshore,-38.32853,144.3577,14/06/2012,9/03/2018,4,12,ENE,6.5,"6.1, 6.2, 6.3, 6.4, 6.5, 7.1, 8.4",NULL,Fishing,RLS,
Victoria - western,VIC5,Apex Park Reef,-38.39286,142.2551,26/11/2009,26/11/2009,1,1,NULL,3,3,NULL,Fishing,RLS,
Victoria - North east,VIC55,Tip Beach Reef,-37.57758,149.76285,13/01/2017,13/01/2017,1,1,NW,8,8,NULL,Fishing,RLS,
Gippsland Lakes,VIC56,Sth Groyne,-37.88536,147.96547,18/12/2017,18/12/2017,1,1,SE,5,5,NULL,Fishing,RLS,
Gippsland Lakes,VIC57,Middle Groyne,-37.8846,147.96442,24/01/2018,3/10/2018,1,2,N,3.5,"3.0, 4.0",NULL,Fishing,RLS,
Gippsland Lakes,VIC58,Nyerimilang Jetty,-37.8805,147.912,7/07/2019,15/06/2020,2,6,SE,6,6,NULL,Fishing,RLS,
Victoria - western,VIC6,Inner La Bella Reef,-38.40372,142.47813,28/11/2009,28/11/2009,1,1,NULL,3,3,NULL,Fishing,RLS,
Victoria - western,VIC61,East Bay,-38.40437,142.47395,16/02/2013,16/02/2013,1,4,NULL,4.3,"4.1, 4.2, 4.3, 4.4",NULL,Fishing,PV,
Victoria - western,VIC7,Outer La Bella Reef,-38.40545,141.66908,28/11/2009,28/11/2009,1,1,NULL,6,6,NULL,Fishing,RLS,
Gippsland Lakes,VIC8,North Groyne,-37.88188,147.95972,18/02/2009,22/02/2015,2,2,SE,3.5,"3.0, 4.0",NULL,Fishing,RLS,
Gippsland Lakes,VIC9,Drew s Jetty,-37.88847,147.96752,21/11/2008,18/11/2020,9,24,W,4.9,"3.0, 4.0, 5.0, 6.0, 7.0",NULL,Fishing,RLS,
Albany,WA1,Seal Is,-35.07395,117.97559,30/11/2023,30/11/2023,1,2,E,7.7,"7.3, 8.1",NULL,Fishing,RLS,
WA - South Coast,WA10,Little boat harbour  Bremer Bay,-34.46863,119.36276,17/02/2008,12/01/2012,2,3,W,6.8,"6.5, 7.0",NULL,Fishing,RLS,
WA - South Coast,WA100,Bald Island NW,-34.90792,118.43948,2/12/2023,2/12/2023,1,1,W,10,10,NULL,Fishing,RLS,
WA - South Coast,WA101,Bald Island NW Cove,-34.9052,118.44155,2/12/2023,2/12/2023,1,2,E,8.5,"10.0, 7.0",NULL,Fishing,RLS,
Recherche,WA102,Investigator Island,-34.07435,120.86924,4/12/2023,4/12/2023,1,2,S,7.2,"7.1, 7.2",NULL,Fishing,RLS,
Recherche,WA103,Modrain Island NW,-34.11942,122.25684,6/12/2023,6/12/2023,1,2,NW,9.5,"10.0, 9.0",NULL,Fishing,RLS,
Recherche,WA104,Modrain Island NW Bay,-34.11804,122.24679,6/12/2023,6/12/2023,1,2,E,6.5,"6.0, 7.0",NULL,Fishing,RLS,
Recherche,WA105,Cornwall Island coral,-34.0032,122.5381,7/12/2023,7/12/2023,1,2,S,12.5,"10.0, 15.0",NULL,Fishing,RLS,
Recherche,WA106,Daw Island west entrance,-33.85195,124.12648,3/01/2014,3/01/2014,1,2,S,10.5,"12.0, 9.0",NULL,Fishing,RLS,
Recherche,WA107,Daw Island bay west,-33.85422,124.13017,9/12/2023,9/12/2023,1,2,NW,7.5,"7.0, 8.0",NULL,Fishing,RLS,
Recherche,WA108,Daw Island bay east,-33.85122,124.13531,9/12/2023,9/12/2023,1,2,N,8,"7.0, 9.0",NULL,Fishing,RLS,
Albany,WA109,Michaelmas Reef North,-35.04771,118.00803,30/11/2023,30/11/2023,1,2,E,11.5,"11.0, 12.0",NULL,Fishing,RLS,
WA - South Coast,WA11,Fisheries beach  Bremer Bay,-34.42522,119.39867,17/02/2008,17/02/2008,1,1,NULL,6,6,NULL,Fishing,RLS,
Abrolhos (WA),WA110,The Nook,-28.865,114.0008,19/05/2018,19/05/2018,1,1,N,8,8,NULL,Fishing,RLS,
Abrolhos (WA),WA111,Post Office,-28.86643,113.97143,20/05/2018,20/05/2018,1,2,NE,2.1,"2.0, 2.1",NULL,Fishing,RLS,
Abrolhos (WA),WA112,Long Island,-28.96627,113.9549,20/05/2018,20/04/2021,2,4,S,4.4,"2.0, 2.5, 4.0, 9.0",NULL,Fishing,RLS,
WA - South Coast,WA113,Cape Knob,-34.53079,119.25449,20/03/1997,20/03/1997,1,4,NULL,6.3,"6.1, 6.2, 6.3, 6.4",NULL,Fishing,RLS,
WA - South Coast,WA114,Port Jackson Cove,-34.51651,119.2667,20/03/1997,20/03/1997,1,4,NULL,8.3,"8.1, 8.2, 8.3, 8.4",NULL,Fishing,RLS,
WA - South Coast,WA115,Groper Bluff,-34.49907,118.90992,20/03/1997,20/03/1997,1,4,NULL,6.3,"6.1, 6.2, 6.3, 6.4",NULL,Fishing,RLS,
WA - South Coast,WA116,Wray Bay West,-34.46298,118.95853,21/03/1997,21/03/1997,1,4,NULL,6.3,"6.1, 6.2, 6.3, 6.4",NULL,Fishing,RLS,
WA - South Coast,WA117,Stream Beach (Reef),-34.49369,119.28499,13/03/1997,13/03/1997,1,4,NULL,10.3,"10.1, 10.2, 10.3, 10.4",NULL,Fishing,RLS,
WA - South Coast,WA118,Stream Beach (Seagrass),-34.49178,119.28332,13/03/1997,13/03/1997,1,4,NULL,10.3,"10.1, 10.2, 10.3, 10.4",NULL,Fishing,RLS,
WA - South Coast,WA119,Waterfall Cove (Seagrass),-34.47404,119.27595,19/03/1997,19/03/1997,1,4,NULL,7.3,"7.1, 7.2, 7.3, 7.4",NULL,Fishing,RLS,
Recherche,WA12,Lucky Bay  Cape Le-grand national park,-33.99302,122.2221,20/02/2008,20/02/2008,1,1,NULL,8,8,NULL,Fishing,RLS,
WA - South Coast,WA120,Waterfall Cove (Reef),-34.47156,119.27437,19/03/1997,19/03/1997,1,4,NULL,7.3,"7.1, 7.2, 7.3, 7.4",NULL,Fishing,RLS,
WA - South Coast,WA121,Little Boat Harbour (Reef),-34.46827,119.36198,12/03/1997,12/03/1997,1,4,NULL,7.3,"7.1, 7.2, 7.3, 7.4",NULL,Fishing,RLS,
WA - South Coast,WA122,Little Boat Harbour A (Seagrass),-34.46753,119.36218,12/03/1997,12/03/1997,1,4,NULL,10.3,"10.1, 10.2, 10.3, 10.4",NULL,Fishing,RLS,
WA - South Coast,WA123,Little Boat Harbour B (Seagrass),-34.46568,119.36387,12/03/1997,12/03/1997,1,4,NULL,10.3,"10.1, 10.2, 10.3, 10.4",NULL,Fishing,RLS,
WA - South Coast,WA124,Wray Bay East,-34.45416,118.97487,21/03/1997,21/03/1997,1,4,NULL,7.3,"7.1, 7.2, 7.3, 7.4",NULL,Fishing,RLS,
WA - South Coast,WA125,Gordon Point,-34.46069,119.41009,19/03/1997,19/03/1997,1,4,NULL,10.3,"10.1, 10.2, 10.3, 10.4",NULL,Fishing,RLS,
WA - South Coast,WA126,Black Point East,-34.45526,119.41257,11/03/1997,11/03/1997,1,4,NULL,8.3,"8.1, 8.2, 8.3, 8.4",NULL,Fishing,RLS,
WA - South Coast,WA127,Black Point West,-34.45371,119.40459,11/03/1997,11/03/1997,1,4,NULL,8.3,"8.1, 8.2, 8.3, 8.4",NULL,Fishing,RLS,
WA - South Coast,WA128,Glasse Island,-34.42169,119.4122,11/03/1997,11/03/1997,1,4,NULL,8.3,"8.1, 8.2, 8.3, 8.4",NULL,Fishing,RLS,
WA - South Coast,WA129,Bremer Bay West,-34.42104,119.39359,11/03/1997,11/03/1997,1,4,NULL,12.3,"12.1, 12.2, 12.3, 12.4",NULL,Fishing,RLS,
Recherche,WA13,Tanker Jetty  Esperance,-33.85261,121.90215,21/02/2008,21/02/2008,1,1,NULL,6,6,NULL,Fishing,RLS,
WA - South Coast,WA130,Peppermint Beach South (Reef),-34.39924,119.47992,10/03/1997,10/03/1997,1,4,NULL,7.3,"7.1, 7.2, 7.3, 7.4",NULL,Fishing,RLS,
WA - South Coast,WA131,Peppermint Beach South (Seagrass),-34.39852,119.48552,10/03/1997,10/03/1997,1,4,NULL,11.3,"11.1, 11.2, 11.3, 11.4",NULL,Fishing,RLS,
WA - South Coast,WA132,Bremer Bay Point,-34.39542,119.40804,18/03/1997,18/03/1997,1,4,NULL,6.3,"6.1, 6.2, 6.3, 6.4",NULL,Fishing,RLS,
WA - South Coast,WA133,Doubtful Island Beach South,-34.38136,119.54241,9/03/1997,9/03/1997,1,4,NULL,6.3,"6.1, 6.2, 6.3, 6.4",NULL,Fishing,RLS,
WA - South Coast,WA134,Peppermint Beach North (Seagrass),-34.37889,119.48033,10/03/1997,10/03/1997,1,4,NULL,10.3,"10.1, 10.2, 10.3, 10.4",NULL,Fishing,RLS,
WA - South Coast,WA135,Peppermint Beach North (Reef),-34.37677,119.47485,10/03/1997,10/03/1997,1,4,NULL,7.3,"7.1, 7.2, 7.3, 7.4",NULL,Fishing,RLS,
WA - South Coast,WA136,Doubtful Island Beach Middle,-34.37561,119.5385,9/03/1997,9/03/1997,1,4,NULL,7.3,"7.1, 7.2, 7.3, 7.4",NULL,Fishing,RLS,
WA - South Coast,WA137,Doubtful Island West,-34.37442,119.5718,8/03/1997,8/03/1997,1,4,NULL,9.3,"9.1, 9.2, 9.3, 9.4",NULL,Fishing,RLS,
WA - South Coast,WA138,"Doubtful Island Middle, 5m",-34.37349,119.60928,14/03/1997,14/03/1997,1,4,NULL,7.3,"7.1, 7.2, 7.3, 7.4",NULL,Fishing,RLS,
WA - South Coast,WA139,James Cove,-34.37201,119.44877,18/03/1997,18/03/1997,1,4,NULL,10.3,"10.1, 10.2, 10.3, 10.4",NULL,Fishing,RLS,
Ngari Capes,WA14,Honeycomb Rocks,-33.66845,114.99854,26/11/2023,26/11/2023,1,2,NE,8.8,"8.5, 9.0",NULL,Restricted take multizoned,RLS,Ngari Capes Marine Park
WA - South Coast,WA140,"Doubtful Island Middle, 10m",-34.37102,119.60553,17/03/1997,17/03/1997,1,4,NULL,8.3,"8.1, 8.2, 8.3, 8.4",NULL,Fishing,RLS,
WA - South Coast,WA141,Whalebone Point,-34.36362,119.52813,3/12/2023,3/12/2023,1,2,E,7,"6.0, 8.0",NULL,Fishing,RLS,
WA - South Coast,WA142,House Beach,-34.35846,119.52091,17/03/1997,17/03/1997,1,4,NULL,8.3,"8.1, 8.2, 8.3, 8.4",NULL,Fishing,RLS,
WA - South Coast,WA143,Tooregullup Beach,-34.35167,119.50918,18/03/1997,18/03/1997,1,4,NULL,10.3,"10.1, 10.2, 10.3, 10.4",NULL,Fishing,RLS,
WA - South Coast,WA144,Point Ann,-34.17017,119.58887,3/12/2023,3/12/2023,1,2,S,7.5,"7.0, 8.0",NULL,Fishing,RLS,
WA - South Coast,WA145,Point Charles Bay,-34.15903,119.58299,3/12/2023,3/12/2023,1,2,E,8.8,"8.5, 9.0",NULL,Fishing,RLS,
WA - South Coast,WA147,Red Island,-34.03543,119.78247,3/12/2023,3/12/2023,1,2,N,8.5,"10.0, 7.0",NULL,Fishing,RLS,
WA - South Coast,WA149,Red Island Point,-34.02571,119.78299,16/03/1997,16/03/1997,1,4,NULL,7.3,"7.1, 7.2, 7.3, 7.4",NULL,Fishing,RLS,
Ngari Capes,WA15,Canal Rocks East,-33.66929,114.99599,26/11/2023,26/11/2023,1,2,E,3.5,"3.0, 4.0",NULL,Restricted take multizoned,RLS,Ngari Capes Marine Park
WA - South Coast,WA150,"Seal Island, WA",-33.95874,120.12817,7/03/1997,7/03/1997,1,4,NULL,4.3,"4.1, 4.2, 4.3, 4.4",NULL,Fishing,RLS,
WA - South Coast,WA151,Hopetoun,-33.95496,120.11164,7/03/1997,7/03/1997,1,4,NULL,5.3,"5.1, 5.2, 5.3, 5.4",NULL,Fishing,RLS,
Shark Bay,WA152,Broadhurst Bight,-25.54809,113.47881,11/11/2013,11/11/2013,1,2,N,1.7,"1.4, 1.9",NULL,Fishing,RLS,
Shark Bay,WA153,Monkey Rock 2,-26.14201,113.16856,15/11/2013,15/11/2013,1,2,N,6,"5.5, 6.5",NULL,Fishing,RLS,
Abrolhos (WA),WA154,Turtle Bay1,-28.42601,113.7318,17/11/2013,17/11/2013,1,2,0,3.6,"2.6, 4.5",NULL,Fishing,RLS,
Abrolhos (WA),WA155,East Wallaby Channel,-28.44744,113.75247,17/11/2013,17/11/2013,1,1,S,7,7,NULL,Fishing,RLS,
Abrolhos (WA),WA156,East Wallaby Channel2,-28.44627,113.75662,18/11/2013,18/11/2013,1,2,S,9.5,"10.0, 9.0",NULL,Fishing,RLS,
Abrolhos (WA),WA157,Turtle Bay Point,-28.43074,113.74048,19/11/2013,19/11/2013,1,2,N,3.1,"2.5, 3.6",NULL,Fishing,RLS,
Abrolhos (WA),WA158,Turtle Bay Point2,-28.42752,113.74036,19/11/2013,6/11/2023,2,4,S,3.9,"3.5, 4.0, 4.1",NULL,Fishing,RLS,
Abrolhos (WA),WA159,Turtle Bay Point3,-28.42426,113.7443,20/11/2013,6/11/2023,2,4,E,7,"5.0, 5.4, 8.0, 9.5",NULL,Fishing,RLS,
Ngari Capes,WA16,Busselton Jetty  Shore end,-33.64366,115.34392,28/10/2008,28/10/2008,1,1,,4,4,NULL,Restricted take multizoned,RLS,Ngari Capes Marine Park
Abrolhos (WA),WA160,The Circle,-28.45944,113.77085,20/11/2013,6/11/2023,2,4,E,5.8,"4.0, 5.0, 6.5, 7.5",NULL,Fishing,RLS,
Abrolhos (WA),WA161,Blue Horns,-28.46665,113.7646,20/11/2013,20/11/2013,1,2,E,8.5,"8.0, 9.0",NULL,Fishing,RLS,
Abrolhos (WA),WA162,Batavia Reef Flat,-28.49323,113.79085,21/11/2013,21/11/2013,1,2,E,7.6,"7.5, 7.6",NULL,Fishing,RLS,
Abrolhos (WA),WA163,White Bank,-28.69941,113.77634,22/11/2013,19/04/2021,2,4,N,4.5,"4.2, 4.3, 4.5, 5.0",NULL,Fishing,RLS,
Abrolhos (WA),WA164,White Bank 2,-28.70111,113.77789,22/11/2013,22/11/2013,1,2,E,6.2,"5.6, 6.7",NULL,Fishing,RLS,
Abrolhos (WA),WA165,Anemone Bommie,-28.70584,113.78791,22/11/2013,22/11/2013,1,2,N,7.1,"7.0, 7.1",NULL,Fishing,RLS,
Abrolhos (WA),WA166,Rat Island Entrance,-28.71005,113.7905,22/11/2013,22/11/2013,1,2,N,5.5,"5.2, 5.7",NULL,Fishing,RLS,
Abrolhos (WA),WA167,Rat Island East,-28.71504,113.79074,22/11/2013,19/04/2021,2,4,N,4.3,"3.1, 4.0, 4.1, 6.0",NULL,Fishing,RLS,
Abrolhos (WA),WA168,Graveyard,-28.69179,113.83534,23/11/2013,23/11/2013,1,2,W,5.1,"5.0, 5.1",NULL,Fishing,RLS,
Abrolhos (WA),WA169,Sponge cave,-28.72786,113.80709,23/11/2013,23/11/2013,1,2,W,6.6,"6.5, 6.6",NULL,Fishing,RLS,
Geographe Bay,WA17,Busselton Jetty,-33.63055,115.33823,24/11/2023,24/11/2023,1,1,W,7.8,7.8,NULL,No take multizoned,RLS,Ngari Capes Marine Park
Abrolhos (WA),WA170,Easter Group Eastern Passage,-28.69892,113.84071,24/11/2013,24/11/2013,1,2,WSW,6.9,"5.5, 8.3",NULL,Fishing,RLS,
Abrolhos (WA),WA171,Pelagic,-28.8498,114.00642,25/11/2013,25/11/2013,1,2,S,8.1,"8.0, 8.1",NULL,Fishing,RLS,
Abrolhos (WA),WA172,Pelagic 2,-28.84889,114.01128,25/11/2013,25/11/2013,1,1,S,10,10,NULL,Fishing,RLS,
Shark Bay,WA173,Bernier Island,-24.75123,113.16261,10/11/2013,10/11/2013,1,2,N,4.3,"3.5, 5.0",NULL,Fishing,RLS,
Exmouth,WA174,Whale sands,-21.98085,114.13963,3/11/2013,3/11/2013,1,2,O,4.6,"4.5, 4.6",NULL,Fishing,RLS,
Abrolhos (WA),WA176,Nourman Island,-28.86119,113.99216,25/11/2013,7/11/2023,2,4,W,3.5,"2.0, 4.0, 4.1",NULL,Fishing,RLS,
Abrolhos (WA),WA177,Pelsart Extra,-28.87846,113.91721,25/11/2013,20/04/2021,2,3,SE,4.3,"3.5, 3.8, 5.5",NULL,Fishing,RLS,
Abrolhos (WA),WA178,Glass house,-28.85379,114.0022,26/11/2013,26/11/2013,1,2,S,8.1,"8.0, 8.1",NULL,Fishing,RLS,
Abrolhos (WA),WA179,Glass House 2,-28.85512,114.00547,26/11/2013,26/11/2013,1,1,SSW,8.7,8.7,NULL,Fishing,RLS,
Geographe Bay,WA18,Coral Gardens 2,-33.59231,115.23128,2/04/2022,25/11/2023,2,4,E,17.8,"17.0, 17.5, 17.9, 18.7",NULL,Restricted take multizoned,RLS,Geographe Marine Park
Abrolhos (WA),WA180,Kelpy coral bommie,-28.85755,114.00603,26/11/2013,26/11/2013,1,2,S,9.1,"9.0, 9.1",NULL,Fishing,RLS,
Abrolhos (WA),WA181,Kelpy Coral,-28.85813,114.0079,26/11/2013,26/11/2013,1,2,SW,6.4,"5.7, 7.0",NULL,Fishing,RLS,
Geographe Bay,WA182,Kraken,-33.59639,115.20701,3/04/2022,1/04/2023,2,4,W,16.9,"16.5, 16.8, 17.0, 17.4",NULL,Fishing,RLS,
Geographe Bay,WA183,Luau,-33.59529,115.221,3/04/2022,1/04/2023,2,3,W,17.5,"17.0, 17.5, 18.0",NULL,Fishing,RLS,
Pilbara,WA184,False Seal Rock,-20.51441,116.64605,7/06/2021,7/06/2021,1,2,NE,3.8,"3.0, 4.6",NULL,Fishing,RLS,
Perth Metro,WA185,Hall Bank,-32.03038,115.71242,2/02/2023,2/02/2023,1,2,N,7.7,"7.2, 8.2",NULL,Fishing,RLS,
Perth Metro,WA186,Minden Reefs,-32.06583,115.72692,2/02/2023,2/02/2023,1,2,S,6.4,"6.2, 6.5",NULL,Fishing,RLS,
Perth Metro,WA187,Kwinana Ledge S1,-32.14744,115.73402,8/02/2023,8/02/2023,1,2,N,7.6,"7.4, 7.8",NULL,Fishing,RLS,
Perth Metro,WA188,South Mole,-32.05694,115.73854,19/02/2023,19/02/2023,1,2,E,3.4,"3.3, 3.4",NULL,Fishing,RLS,
Shark Bay,WA189,Cape Cuvier,-24.22424,113.40454,2/11/2023,2/11/2023,1,2,E,4.5,"4.0, 5.0",NULL,Fishing,RLS,
Ngari Capes,WA19,Eagle Bay Bommie,-33.55847,115.076,13/04/2009,13/04/2009,1,6,NULL,8.8,"10.0, 7.5, 8.0, 8.5, 9.1, 9.5",NULL,No take multizoned,RLS,Ngari Capes Marine Park
Shark Bay,WA190,Cleft Rock Inner,-24.80633,113.16658,3/11/2023,3/11/2023,1,2,N,4.5,"4.0, 5.0",NULL,Fishing,RLS,
Shark Bay,WA191,Bernier Island Rocks,-24.22194,113.40515,3/11/2023,3/11/2023,1,2,NW,4.5,"4.0, 5.0",NULL,Fishing,RLS,
Shark Bay,WA192,Bernier Island Rock Lobster,-24.93369,113.15189,3/11/2023,3/11/2023,1,2,N,4.5,"4.3, 4.6",NULL,Fishing,RLS,
Shark Bay,WA193,Red Cliffs Point,-24.92567,113.15,3/11/2023,3/11/2023,1,2,S,2.3,"2.0, 2.5",NULL,Fishing,RLS,
Shark Bay,WA194,Coral Scrape,-25.72574,113.08935,4/11/2023,4/11/2023,1,2,N,1.1,"1.0, 1.2",NULL,Fishing,RLS,
Ngari Capes,WA195,Scytothalia Slab,-34.5169,115.29732,27/11/2023,27/11/2023,1,1,NW,23,23,NULL,Fishing,RLS,
WA - South west,WA196,Peaceful Bay Outer,-35.0443,116.93306,28/11/2023,28/11/2023,1,2,NE,5.8,"5.5, 6.0",NULL,Fishing,RLS,
WA - South west,WA197,Stanley Island,-35.06488,117.15092,29/11/2023,29/11/2023,1,2,NW,13.3,"11.0, 15.5",NULL,Fishing,RLS,
Albany,WA198,Torndirrup Beach South,-35.12258,117.94513,29/11/2023,29/11/2023,1,2,E,7.3,"7.0, 7.5",NULL,Fishing,RLS,
Albany,WA199,Torndirrup Beach North,-35.12001,117.94251,29/11/2023,29/11/2023,1,2,NW,9,"10.0, 8.0",NULL,Fishing,RLS,
Albany,WA2,Breaksea Cove,-35.06477,118.04328,25/01/2009,28/12/2013,2,5,E,11.7,"11.0, 12.0, 12.5",NULL,Fishing,RLS,
Ngari Capes,WA20,Skippy Rock,-33.54941,115.06985,13/04/2009,13/04/2009,1,3,NULL,14.3,"13.5, 14.0, 15.5",NULL,Restricted take multizoned,RLS,Ngari Capes Marine Park
WA - South Coast,WA200,Twin Islands,-34.94735,118.37607,2/12/2023,2/12/2023,1,1,NW,15,15,NULL,Fishing,RLS,
Recherche,WA201,Investigator Island East,-34.07203,120.8703,4/12/2023,4/12/2023,1,2,NW,6.8,"6.5, 7.0",NULL,Fishing,RLS,
Recherche,WA202,Baynes Rock,-34.05197,121.35352,4/12/2023,4/12/2023,1,1,NW,18,18,NULL,Fishing,RLS,
Recherche,WA203,Boxer Island Channel,-33.99448,121.67618,5/12/2023,5/12/2023,1,2,E,10,"13.0, 7.0",NULL,Fishing,RLS,
Recherche,WA204,Capp Island,-33.99039,121.6791,5/12/2023,5/12/2023,1,2,NW,9.5,"11.0, 8.0",NULL,Fishing,RLS,
Recherche,WA205,Boxer Island Pass,-33.9941,121.67923,5/12/2023,5/12/2023,1,2,E,11.3,"11.0, 11.5",NULL,Fishing,RLS,
Recherche,WA206,Thomas Island,-33.97377,121.98242,5/12/2023,5/12/2023,1,2,NW,11.5,"11.0, 12.0",NULL,Fishing,RLS,
Recherche,WA207,Cornwall Island Bay,-34.00169,122.54012,7/12/2023,7/12/2023,1,1,S,10.5,10.5,NULL,Fishing,RLS,
Recherche,WA208,Victory Boat Harbour,-33.95106,122.57013,7/12/2023,7/12/2023,1,2,S,6.3,"6.0, 6.5",NULL,Fishing,RLS,
Recherche,WA209,North Twin Peak Island,-33.99297,122.83091,8/12/2023,8/12/2023,1,2,NE,5.3,"5.0, 5.5",NULL,Fishing,RLS,
Ngari Capes,WA21,Bunker Bay,-33.53314,115.02687,11/04/2009,11/04/2009,1,4,NULL,5.1,"3.5, 5.0, 5.5, 6.5",NULL,Restricted take multizoned,RLS,Ngari Capes Marine Park
Recherche,WA210,Middle Island,-34.08257,123.21368,8/12/2023,8/12/2023,1,2,NE,8.5,"8.0, 9.0",NULL,Fishing,RLS,
Recherche,WA211,Middle Island Corner,-34.08708,123.21093,8/12/2023,8/12/2023,1,2,N,4.5,"4.0, 5.0",NULL,Fishing,RLS,
Ngari Capes,WA22,Cape naturaliste E 10m,-33.52798,115.00904,11/04/2009,11/04/2009,1,4,NULL,11.1,"11.0, 15.0, 9.0, 9.5",NULL,No take multizoned,RLS,Ngari Capes Marine Park
Bunbury,WA23,Dalyellup surf club,-33.39917,115.5921,7/03/2010,7/03/2010,1,1,NULL,9.3,9.3,NULL,Fishing,RLS,
Bunbury,WA24,Dalyellup offshore,-33.39121,115.58683,7/03/2010,7/03/2010,1,1,NULL,11.1,11.1,NULL,Fishing,RLS,
Bunbury,WA25,Bunbury North 1 - Leather Jacket Caves,-33.2463,115.6455,24/11/2023,24/11/2023,1,2,N,12.3,"12.0, 12.5",NULL,Fishing,RLS,
Bunbury,WA26,Bunbury North 2 - Leather Jacket Caves North,-33.229,115.6321,6/03/2010,6/03/2010,1,1,NULL,16,16,NULL,Fishing,RLS,
Shoalwater,WA27,Rockingham Wreck Trail,-32.27306,115.71803,2/06/2008,2/06/2008,1,1,NULL,12,12,NULL,Fishing,RLS,
Shoalwater,WA28,Point Peron,-32.2724,115.68594,17/04/2022,4/02/2023,2,4,NE,2.9,"2.7, 2.8, 3.2",NULL,Restricted take multizoned,RLS,Shoalwater Islands Marine Park
Shoalwater,WA29,Point Peron NW,-32.27065,115.68441,25/01/2023,28/01/2023,1,2,N,4,"3.9, 4.0",NULL,Restricted take multizoned,RLS,Shoalwater Islands Marine Park
Albany,WA3,Seal Cove,-35.06272,118.06328,30/11/2023,30/11/2023,1,2,E,12.1,"12.0, 12.1",NULL,Fishing,RLS,
Shoalwater,WA30,Point Peron North,-32.26806,115.68492,8/05/2022,28/01/2023,2,3,S,2.8,"2.4, 2.5, 3.4",NULL,Restricted take multizoned,RLS,Shoalwater Islands Marine Park
Perth Metro,WA31,Ammo Jetty,-32.12421,115.75843,19/04/2008,7/08/2008,1,3,,6.6,"6.0, 6.8, 7.0",NULL,Fishing,RLS,
Perth Metro,WA32,Robbs Jetty,-32.08967,115.75391,8/03/2008,28/12/2008,1,4,NULL,5.9,"4.0, 5.4, 6.1, 8.0",NULL,Fishing,RLS,
Perth Metro,WA33,North Mole  Fremantle,-32.05349,115.72588,26/12/2008,26/12/2008,1,1,NULL,5,5,NULL,Fishing,RLS,
Perth Metro,WA34,Harvey Beach  Swan River,-32.03018,115.75933,5/07/2008,5/07/2008,1,1,NULL,3,3,NULL,Fishing,RLS,
Perth Metro,WA35,Elizabeth Reef  Cottesloe,-32.00932,115.74953,8/10/2008,8/10/2008,1,2,NULL,5.5,"5.0, 6.0",NULL,Fishing,RLS,
Perth Metro,WA36,The Coombe,-32.01264,115.77599,17/05/2008,31/05/2008,1,3,NULL,3.2,"3.0, 3.5",NULL,Fishing,RLS,
Perth Metro,WA37,Mudurup Rocks  Perth,-31.99853,115.75094,29/03/2008,29/03/2008,1,1,NULL,2.4,2.4,NULL,Fishing,RLS,
Marmion,WA38,Trigg Beach North,-31.87442,115.75076,3/05/2008,10/02/2009,2,3,NULL,4,4,NULL,Restricted take multizoned,RLS,Marmion Marine Park
Marmion,WA39,Mettams Pool,-31.8678,115.75136,16/11/2008,7/03/2020,4,7,S,4.8,"3.5, 4.0, 4.2, 5.0, 6.0",NULL,Restricted take multizoned,RLS,Marmion Marine Park
Albany,WA4,Mistaken Is East,-35.06112,117.94926,24/01/2009,24/01/2009,1,3,NULL,7.8,"10.0, 6.5, 7.0",NULL,Fishing,RLS,
Marmion,WA40,North Beach Fishing Platform  Perth,-31.85681,115.75145,26/03/2008,18/05/2008,1,2,NULL,5.5,"2.9, 8.0",NULL,Restricted take multizoned,RLS,Marmion Marine Park
Marmion,WA41,Waterman Bay,-31.84939,115.75055,16/01/2009,20/02/2021,2,5,N,3.9,"3.3, 3.5, 3.7, 4.0, 5.0",NULL,Restricted take multizoned,RLS,Marmion Marine Park
Marmion,WA42,Marmion Angling & Aquatic Club,-31.83948,115.74869,29/03/2008,13/03/2021,6,12,S,4.3,"3.1, 3.2, 3.5, 3.6, 4.0, 4.5, 5.0, 5.8, 5.9",NULL,Restricted take multizoned,RLS,Marmion Marine Park
Marmion,WA43,Boy-in-a-boat reef,-31.82756,115.73277,26/04/2008,14/02/2021,4,6,SE,3.5,"2.8, 3.0, 4.0, 4.1",NULL,No take multizoned,RLS,Marmion Marine Park
Marmion,WA44,Burns Beach,-31.7319,115.7183,23/08/2008,29/11/2015,2,2,SE,4.8,"4.5, 5.0",NULL,Restricted take multizoned,RLS,Marmion Marine Park
Marmion,WA45,Cray Sancturary,-31.85597,115.73523,7/12/2008,9/01/2010,2,2,SW,13,"12.0, 14.0",NULL,Restricted take multizoned,RLS,Marmion Marine Park
Abrolhos (WA),WA46,Bitey Holes  Pelsart Group,-28.89196,114.00962,21/03/2008,18/04/2021,3,6,N,7.6,"10.1, 6.1, 6.2, 6.3, 8.0, 9.0",NULL,Fishing,RLS,
Abrolhos (WA),WA47,Coral patches  Pelsart Group,-28.85354,114.01087,21/03/2008,18/04/2021,3,6,S,8.7,"10.0, 8.0, 8.1",NULL,Restricted take multizoned,RLS,Coral Patches Reef Observation Area
Abrolhos (WA),WA48,Plate Ledge  Pelsart Group,-28.85305,114.0132,25/03/2008,18/04/2021,3,7,SW,5.1,"3.0, 4.0, 5.0, 6.0, 9.0",NULL,Restricted take multizoned,RLS,Coral Patches Reef Observation Area
Abrolhos (WA),WA49,Big Rat West,-28.71898,113.77761,24/03/2008,16/04/2021,2,5,S,4.3,"3.5, 4.0, 4.5, 5.0",NULL,Fishing,RLS,
Albany,WA5,Mistaken Is  Albany,-35.06118,117.93917,24/01/2009,24/01/2009,1,1,NULL,3.5,3.5,NULL,Fishing,RLS,
Abrolhos (WA),WA50,The Wall  Easter Group,-28.70359,113.82932,25/03/2008,19/04/2021,3,6,NE,9.7,"21.0, 5.0, 7.0, 8.0, 8.5",NULL,Fishing,RLS,
Abrolhos (WA),WA51,Dougie s Break  Easter Group,-28.67508,113.7572,22/03/2008,16/04/2021,3,6,SW,3.9,"3.0, 3.5, 3.6, 4.7, 4.8",NULL,Fishing,RLS,
Abrolhos (WA),WA52,Anemone lumps  Easter Group,-28.67135,113.84345,22/03/2008,16/04/2021,3,7,NNE,6.5,"10.1, 5.0, 5.5, 6.0, 6.1, 6.4, 6.5",NULL,Restricted take multizoned,RLS,Leo Island Reef Observation Area
Abrolhos (WA),WA53,Long Island west lagoon,-28.47634,113.77235,24/03/2008,17/04/2021,3,7,E,5.3,"3.0, 4.0, 4.1, 6.0, 7.5, 8.5",NULL,Fishing,RLS,
Abrolhos (WA),WA54,Long Is East,-28.47336,113.77563,23/03/2008,17/04/2021,3,7,S,7.2,"11.5, 6.0, 6.1, 6.3, 6.5, 8.0",NULL,Fishing,RLS,
Abrolhos (WA),WA55,Long I Dive trail bommie,-28.46051,113.77258,6/11/2023,6/11/2023,1,2,NE,4.7,"4.6, 4.8",NULL,Restricted take multizoned,RLS,Beacon Island Reef Observation Area
WA - central,WA56,One Rocks,-28.19783,114.2548,20/05/2010,20/05/2010,1,1,NULL,2.5,2.5,NULL,Fishing,RLS,
WA - central,WA57,Two Rocks,-28.1924,114.24413,20/05/2010,27/08/2018,2,3,NW,2.1,"2.0, 2.2",NULL,Fishing,RLS,
WA - central,WA58,Crab pot Corner,-28.18611,114.23146,20/05/2010,27/08/2018,2,2,SE,8,"7.0, 9.0",NULL,Fishing,RLS,
Shark Bay,WA59,Ransonnet Rocks,-26.16084,113.21732,21/05/2010,29/05/2021,2,4,N,2,"1.5, 2.0, 2.5",NULL,Restricted take multizoned,RLS,Shark Bay Marine Park
Albany,WA6,Julius Rock,-35.05547,117.93428,23/01/2009,23/01/2009,1,3,NULL,7.3,"11.0, 5.0, 6.0",NULL,Fishing,RLS,
Shark Bay,WA60,Monkey Rock W,-26.14294,113.16653,20/05/2010,28/05/2021,2,3,N,7.3,"7.0, 7.5",NULL,Restricted take multizoned,RLS,Shark Bay Marine Park
Shark Bay,WA61,Sunday Island,-26.12424,113.23715,21/05/2010,29/05/2021,2,3,N,1.8,"1.5, 1.8, 2.0",NULL,Restricted take multizoned,RLS,Shark Bay Marine Park
Shark Bay,WA62,Surf Point,-26.12171,113.18267,20/05/2010,28/05/2021,2,3,NW,1.3,"1.2, 1.3, 1.5",NULL,No take multizoned,RLS,Shark Bay Marine Park
Shark Bay,WA63,Broken Down Point,-26.09207,113.23634,4/11/2023,4/11/2023,1,2,NE,3.3,"3.0, 3.5",NULL,Restricted take multizoned,RLS,Shark Bay Marine Park
Shark Bay,WA64,Prick Reef,-26.02977,113.55341,23/05/2010,23/05/2010,1,1,NULL,2.5,2.5,NULL,Restricted take multizoned,RLS,Shark Bay Marine Park
Pilbara,WA65,Dead Tree Beach,-20.62176,116.50736,15/10/2023,15/10/2023,1,2,E,2.5,"2.0, 3.0",NULL,Fishing,RLS,
Pilbara,WA66,Little Mangrove Bay,-20.6195,116.51852,6/06/2010,6/06/2021,3,6,E,3.6,"2.5, 2.7, 3.0, 4.0, 4.5, 4.6",NULL,Fishing,RLS,
Pilbara,WA67,Enderby I West Pt,-20.61184,116.46413,16/10/2023,16/10/2023,1,2,S,4.8,"3.0, 6.5",NULL,Fishing,RLS,
Pilbara,WA68,Enderby West Rock,-20.60872,116.46312,4/06/2010,4/06/2021,2,4,N,5.3,"4.0, 6.0, 7.0",NULL,Fishing,RLS,
Pilbara,WA69,SW West Lewis Is,-20.60681,116.59533,7/06/2010,3/06/2021,2,4,E,3.8,"3.0, 3.5, 4.0, 4.5",NULL,Fishing,RLS,
Albany,WA7,Cheynes Reef,-35.04413,118.02794,30/11/2023,30/11/2023,1,2,NE,8,"10.0, 6.0",NULL,Fishing,RLS,
Pilbara,WA70,Northern Bay,-20.58458,116.53283,7/06/2010,6/06/2021,2,4,E,2.4,"1.8, 2.2, 2.4, 3.0",NULL,Fishing,RLS,
Pilbara,WA71,Tims Head,-20.57522,116.54207,13/10/2023,13/10/2023,1,2,NW,1.6,"1.5, 1.6",NULL,Fishing,RLS,
Pilbara,WA72,Delay Point,-20.5752,116.5696,15/10/2023,15/10/2023,1,2,E,4.3,"4.0, 4.5",NULL,Fishing,RLS,
Pilbara,WA73,Enderby NE,-20.57468,116.5822,15/10/2023,15/10/2023,1,2,E,3.3,"3.0, 3.5",NULL,Fishing,RLS,
Pilbara,WA74,Tims Head west,-20.57385,116.54156,13/10/2023,13/10/2023,1,2,N,2.3,"1.5, 3.0",NULL,Fishing,RLS,
Pilbara,WA75,Rubble Is,-20.56935,116.61321,5/06/2010,3/06/2021,2,4,NW,4.9,"3.8, 4.0, 5.5, 6.3",NULL,Fishing,RLS,
Pilbara,WA76,Dons Point West Lewis Island,-20.55362,116.63464,6/10/2023,6/10/2023,1,2,N,2.8,"2.5, 3.0",NULL,Fishing,RLS,
Pilbara,WA77,W Lewis Is NW,-20.5492,116.63982,6/10/2023,6/10/2023,1,2,NW,3.3,"3.0, 3.5",NULL,Fishing,RLS,
Pilbara,WA78,Goodwyn Sth,-20.543,116.53068,14/10/2023,14/10/2023,1,2,N,4.2,"4.0, 4.4",NULL,Fishing,RLS,
Pilbara,WA79,Goodwyn NW,-20.53661,116.53227,14/10/2023,14/10/2023,1,2,NW,4,"3.0, 5.0",NULL,Fishing,RLS,
WA - South west,WA8,Peaceful Bay,-35.04169,116.9317,28/11/2023,28/11/2023,1,2,E,2.8,"2.0, 3.5",NULL,Fishing,RLS,
Pilbara,WA80,Malus Is,-20.52588,116.65978,6/10/2023,6/10/2023,1,2,N,4.3,"4.0, 4.6",NULL,Fishing,RLS,
Kimberley,WA83,Bardi Hole  Cape Leveque,-16.43598,123.05123,11/06/2010,2/12/2018,2,4,S,5.8,"4.5, 7.0",NULL,Fishing,RLS,
Kimberley,WA84,Rippy channel  Cape Leveque,-16.43131,123.08899,11/06/2010,11/06/2010,1,2,NULL,4.1,"4.0, 4.1",NULL,Fishing,RLS,
Kimberley,WA85,Bardi Hole2  Cape Leveque,-16.43073,123.06852,11/06/2010,11/06/2010,1,2,NULL,6.3,"4.5, 8.0",NULL,Fishing,RLS,
Kimberley,WA86,Gundanin Headland,-16.41926,123.0338,10/06/2010,13/12/2018,2,3,E,3.7,"3.0, 4.0",NULL,Fishing,RLS,
Kimberley,WA87,One tree reef S,-16.39654,123.03509,10/06/2010,2/12/2018,2,6,S,8,"10.0, 11.0, 5.0, 6.0, 7.0, 9.0",NULL,Fishing,RLS,
Marmion,WA88,Boy in a boat Reef,-31.8216,115.73277,3/01/2011,3/01/2011,1,2,SW,3.2,"2.4, 4.0",NULL,Restricted take multizoned,RLS,Marmion Marine Park
Bunbury,WA89,Temp,-33.41865,115.57428,27/02/2011,27/02/2011,1,4,E,12.1,"11.0, 11.7, 12.5, 13.0",NULL,Fishing,RLS,
Albany,WA9,Possession Pt,-35.0411,117.92221,1/12/2023,1/12/2023,1,2,NW,5.3,"5.0, 5.5",NULL,Fishing,RLS,
Marmion,WA90,Trigg Island,-31.87573,115.75019,22/12/2010,9/02/2011,2,2,S,5.3,"5.0, 5.5",NULL,Restricted take multizoned,RLS,Marmion Marine Park
Marmion,WA92,The Arches,-31.71581,115.70137,17/10/2010,17/10/2010,1,1,N,7,7,NULL,Fishing,RLS,
WA - South Coast,WA94,Short Beach south,-34.44222,119.40055,24/12/2008,24/12/2008,1,1,S,6,6,NULL,Fishing,RLS,
WA - South Coast,WA95,Short Beach north,-34.43861,119.39944,25/12/2008,25/12/2008,1,1,N,5.5,5.5,NULL,Fishing,RLS,
Marmion,WA96,Cow Rocks,-31.8197,115.72712,15/06/2013,15/06/2013,1,2,E,3.8,"3.0, 4.5",NULL,Restricted take multizoned,RLS,Marmion Marine Park
Geographe Bay,WA97,Devil's Lair,-33.5932,115.21145,1/04/2022,25/11/2023,2,4,W,18.1,"17.5, 17.8, 18.2, 18.7",NULL,Restricted take multizoned,RLS,Geographe Marine Park
Geographe Bay,WA98,Squiggly Reef,-33.59486,115.24425,2/04/2022,24/11/2023,2,6,S,17.6,"17.0, 17.1, 17.5, 17.6, 18.0, 18.2",NULL,Restricted take multizoned,RLS,Geographe Marine Park
Geographe Bay,WA99,Hippo Creek,-33.59339,115.1967,1/04/2022,25/11/2023,2,5,E,17.9,"17.0, 17.5, 18.0, 18.5",NULL,Restricted take multizoned,RLS,Ngari Capes Marine Park
Ngari Capes,WA-SH4,Wernberg kelp,-34.26782,115.0187,27/11/2023,27/11/2023,1,2,E,9.1,"9.0, 9.1",NULL,Fishing,ATRC,
Wilsons Promontory,WP-S1,North Shellback Is,-38.96444,146.22829,7/12/1999,19/03/2020,11,57,W,10.1,"10.0, 10.1, 10.2, 10.3, 10.4, 7.0, 7.1",NULL,Restricted take,ATRC,Wilsons Promontory Marine Park
Wilsons Promontory,WP-S10,West Glennie Is,-39.08955,146.2322,30/11/1999,14/11/2000,2,12,NULL,10.3,"10.1, 10.2, 10.3, 10.4",NULL,Restricted take,ATRC,Wilsons Promontory Marine Reserve
Wilsons Promontory,WP-S11,North of Sea Eagle Bay,-39.10235,146.33379,30/11/1999,11/03/2020,11,48,NE,10.2,"10.1, 10.2, 10.3, 10.4",NULL,No take,ATRC,Wilsons Promontory Marine National Park
Wilsons Promontory,WP-S12,Sea Eagle Bay,-39.1118,146.34249,8/12/1999,12/03/2020,11,53,N,10.2,"10.1, 10.2, 10.3, 10.4",NULL,No take,ATRC,Wilsons Promontory Marine National Park
Wilsons Promontory,WP-S13,North Anser Is,-39.13518,146.31942,6/12/1999,12/03/2020,11,52,W,10.2,"10.1, 10.2, 10.3, 10.4",NULL,No take,ATRC,Wilsons Promontory Marine National Park
Wilsons Promontory,WP-S14,South Pt,-39.13413,146.37066,8/12/1999,28/11/2000,2,8,NULL,10.3,"10.1, 10.2, 10.3, 10.4",NULL,No take,ATRC,Wilsons Promontory Marine National Park
Wilsons Promontory,WP-S15,Roaring Meg Bight,-39.13009,146.3826,2/12/1999,17/03/2020,11,54,E,10.2,"10.0, 10.1, 10.2, 10.3, 10.4",NULL,No take,ATRC,Wilsons Promontory Marine National Park
Wilsons Promontory,WP-S16,West of West Landing,-39.13013,146.40779,2/12/1999,28/11/2000,2,8,NULL,10.3,"10.1, 10.2, 10.3, 10.4",NULL,No take,ATRC,Wilsons Promontory Marine National Park
Wilsons Promontory,WP-S17,East landing,-39.12411,146.42387,5/12/1999,17/03/2020,11,52,NW,10.1,"10.1, 10.2, 10.3, 10.4, 7.0, 7.1",NULL,No take,ATRC,Wilsons Promontory Marine National Park
Wilsons Promontory,WP-S18,Fenwick Pt,-39.11309,146.43034,2/12/1999,13/03/2020,11,52,N ,10.2,"10.1, 10.2, 10.3, 10.4",NULL,No take,ATRC,Wilsons Promontory Marine National Park
Wilsons Promontory,WP-S19,Waterloo Pt,-39.08771,146.44073,5/12/1999,8/03/2015,5,28,W,10.2,"10.1, 10.2, 10.3, 10.4, 9.0",NULL,No take,ATRC,Wilsons Promontory Marine National Park
Wilsons Promontory,WP-S2,North Tongue Pt,-38.99016,146.25499,7/12/1999,19/03/2020,11,57,W,10.1,"10.1, 10.2, 10.3, 10.4, 7.0, 7.1",NULL,Restricted take,ATRC,Wilsons Promontory Marine Park
Wilsons Promontory,WP-S20,Central Waterloo Bay,-39.06275,146.44501,9/12/1999,17/03/2020,12,53,N,10.2,"10.1, 10.2, 10.3, 10.4, 12.0, 9.0, 9.1",NULL,No take,ATRC,Wilsons Promontory Marine National Park
Wilsons Promontory,WP-S21,North Waterloo Bay,-39.0642,146.46935,5/12/1999,13/03/2020,12,57,NE,10.2,"10.1, 10.2, 10.3, 10.4, 7.0",NULL,No take,ATRC,Wilsons Promontory Marine National Park
Wilsons Promontory,WP-S22,North Cape Wellington,-39.05564,146.48297,4/12/1999,18/03/2020,11,57,N,10.1,"10.1, 10.2, 10.3, 10.4, 7.0, 7.1",NULL,Restricted take,ATRC,Wilsons Promontory Marine Reserve
Wilsons Promontory,WP-S23,Bareback Bay,-39.05215,146.47537,3/12/1999,17/03/2020,10,55,NE,10.2,"10.1, 10.2, 10.3, 10.4, 8.0, 8.1",NULL,Restricted take,ATRC,Wilsons Promontory Marine Reserve
Wilsons Promontory,WP-S24,South Refuge,-39.04566,146.47821,9/12/1999,18/03/2020,10,52,N,10.1,"10.1, 10.2, 10.3, 10.4, 7.0, 7.1",NULL,Restricted take,ATRC,Wilsons Promontory Marine Reserve
Wilsons Promontory,WP-S25,North Refuge,-39.0361,146.47044,3/12/1999,18/03/2020,10,54,E,10.1,"10.1, 10.2, 10.3, 10.4, 7.0, 7.1",NULL,Restricted take,ATRC,Wilsons Promontory Marine Park
Wilsons Promontory,WP-S26,Horn Bay,-39.02868,146.46703,3/12/1999,10/11/2002,3,16,NULL,10.3,"10.1, 10.2, 10.3, 10.4",NULL,Restricted take,ATRC,Wilsons Promontory Marine Park
Wilsons Promontory,WP-S27,North Horn Pt,-39.0249,146.47135,4/12/1999,18/03/2020,11,54,N,10,"10.1, 10.2, 10.3, 10.4, 4.0, 7.0, 7.1",NULL,Restricted take,ATRC,Wilsons Promontory Marine Park
Wilsons Promontory,WP-S28,The Hat,-38.9972,146.44739,4/12/1999,4/12/1999,1,4,NULL,10.3,"10.1, 10.2, 10.3, 10.4",NULL,Restricted take,ATRC,Wilsons Promontory Marine Park
Wilsons Promontory,WP-S3,Northwest Norman Is,-39.0184,146.23853,6/12/1999,6/12/1999,1,4,NULL,10.3,"10.1, 10.2, 10.3, 10.4",NULL,Restricted take,ATRC,Wilsons Promontory Marine Park
Wilsons Promontory,WP-S4,West Norman Is,-39.02462,146.24175,1/12/1999,19/03/2020,10,53,S,10.1,"10.1, 10.2, 10.3, 10.4, 7.0, 7.1",NULL,Restricted take,ATRC,Wilsons Promontory Marine Park
Wilsons Promontory,WP-S5,Leonard Pt,-39.02331,146.2839,1/12/1999,11/11/2002,4,32,NULL,10.3,"10.1, 10.2, 10.3, 10.4",NULL,Restricted take,ATRC,Wilsons Promontory Marine Park
Wilsons Promontory,WP-S6,Pillar Pt,-39.0396,146.30469,1/12/1999,17/03/2020,11,52,SE,10.2,"10.1, 10.2, 10.3, 10.4, 8.0, 8.1",NULL,Restricted take,ATRC,Wilsons Promontory Marine Park
Wilsons Promontory,WP-S7,South Norman Pt,-39.05397,146.3206,7/12/1999,17/03/2020,11,52,E,10.2,"10.1, 10.2, 10.3, 10.4, 8.0, 8.1",NULL,No take,ATRC,Wilsons Promontory Marine National Park
Wilsons Promontory,WP-S8,Oberon Pt,-39.07594,146.32468,8/12/1999,11/03/2020,11,55,NE,10.2,"10.1, 10.2, 10.3, 10.4",NULL,No take,ATRC,Wilsons Promontory Marine National Park
Wilsons Promontory,WP-S9,East Glennie Is,-39.08387,146.23468,6/12/1999,12/03/2020,11,54,SE,10.2,"10.1, 10.2, 10.3, 10.4",NULL,Restricted take,ATRC,Wilsons Promontory Marine Reserve
